moisture,temperature,humidity,hour,moisture_deficit,temp_stress,hum_factor,valve_angle
42.454802688998335,16.408678947910488,77.75823098496545,13,0.0,0.0,-1,9
52.75889398014816,39.66932843712969,34.01093833547768,14,0.0,6.669328437129693,0,5
63.71801791482613,30.046152677135876,77.15372435356028,4,0.0,0.0,-1,2
51.72549096186969,26.393468571203762,64.66812869474651,22,0.0,0.0,0,6
68.13510959767244,33.419859392167375,46.63102777397072,15,0.0,0.4198593921673748,0,0
76.39784028085683,28.863460616578596,33.64170152115263,3,0.0,0.0,0,0
52.062756800889275,21.112742143324503,53.5336538007365,3,0.0,0.0,0,5
29.55913181566335,13.460321346233401,55.14218606850041,9,10.44086818433665,0.0,0,31
65.21575303842133,38.956352341444024,56.14137301983177,23,0.0,5.956352341444024,0,1
83.29942401961031,26.662902253136256,38.71490837425568,21,0.0,0.0,0,0
34.19370070961288,24.322424227788545,60.96809788444044,5,5.806299290387123,0.0,0,17
53.10276909119413,24.788700080005373,42.70028433548553,13,0.0,0.0,0,5
83.64346205068861,36.786817232553474,71.89835944427031,7,0.0,3.7868172325534744,-1,0
45.82541724849276,25.059331320107006,80.78371967175923,19,0.0,0.0,-1,8
72.13404387038227,31.866193650055596,35.373222007806476,17,0.0,0.0,0,0
40.55754315736055,25.99221930379253,51.07802069143156,11,0.0,0.0,0,9
29.247910194748506,20.471144097141497,67.49894600543234,8,10.752089805251494,0.0,0,32
40.477927627018325,33.40770939875596,54.96583201674193,22,0.0,0.4077093987559621,0,9
61.27792309545443,34.61802729698626,25.654558308359938,10,0.0,1.6180272969862628,1,2
52.865502643812746,23.924087713341635,65.56636551148083,21,0.0,0.0,0,5
69.26497592046033,27.773457601121425,39.096098103080536,0,0.0,0.0,0,0
32.33071871751614,28.58205272191696,53.608444537679105,10,7.669281282483858,0.0,0,23
69.48418145645816,30.67074865387018,32.10721214617101,13,0.0,0.0,0,0
38.63038843541962,39.82774343404321,64.30273654214157,0,1.3696115645803815,6.827743434043207,0,10
64.63268067013078,26.05677822859204,42.421245817759605,1,0.0,0.0,0,1
63.13480411353045,26.019734258168704,66.20769224144746,13,0.0,0.0,0,2
19.257449228232527,26.94810937141323,46.132133704269535,17,20.742550771767473,0.0,0,62
69.39274462573918,22.346711780765332,41.337804434894785,4,0.0,0.0,0,0
47.0119018872768,17.667029976079906,57.420243324914864,21,0.0,0.0,0,7
87.64280262368686,28.802578622636183,30.66127025453684,5,0.0,0.0,0,0
39.6509598340797,31.163661072494584,82.36819692646901,1,0.3490401659203002,0.0,-1,10
81.80428135274217,28.014714746610387,53.34114124031083,10,0.0,0.0,0,0
31.56536222573811,27.62376141889755,39.8073125700885,2,8.43463777426189,0.0,0,25
15.889580362574163,22.607620085654027,42.81186896262434,10,24.110419637425835,0.0,0,72
71.9580445940483,29.514414651461998,50.31631303914591,0,0.0,0.0,0,0
15.551094837591013,29.019155127509446,67.92489766830624,20,24.448905162408987,0.0,0,73
22.348542645958457,30.849351032521472,33.8986857023261,15,17.651457354041543,0.0,0,52
82.82900010025823,29.942055989555698,43.36189245192622,0,0.0,0.0,0,0
46.4758051250646,30.362897979626318,49.108811154345474,22,0.0,0.0,0,7
60.96307263729535,35.91268795096095,77.76449184111776,7,0.0,2.912687950960951,-1,3
67.39276236229875,31.43318221434064,67.98459102235347,12,0.0,0.0,0,0
68.3622942576353,30.88365845163831,78.62308435791417,15,0.0,0.0,-1,0
45.49465063981014,17.544931600662522,50.5586366775065,9,0.0,0.0,0,8
9.733647038710476,34.320981259368985,75.78958523927564,14,30.266352961289524,1.3209812593689847,-1,73
27.58610892407972,26.212869427464017,72.81098164927107,3,12.41389107592028,0.0,-1,26
34.26582109703955,28.475266363084554,62.541711999898304,7,5.734178902960451,0.0,0,17
80.93970752951996,20.362590814966524,63.98597927500471,16,0.0,0.0,0,0
80.48636354134415,40.5392411514929,39.29768069960865,4,0.0,7.539241151492902,0,0
18.679873701584132,13.154705729827246,82.90947224145378,7,21.320126298415868,0.0,-1,44
43.667188660134066,36.92867470317263,45.587350341282374,6,0.0,3.928674703172632,0,8
91.13551097339426,30.550963399469993,60.074617441186106,3,0.0,0.0,0,0
50.86941191855525,16.568237249619266,62.18056832912683,21,0.0,0.0,0,6
64.86668556742421,40.21838426648442,25.3158375805018,23,0.0,7.218384266484421,1,1
65.0575396561384,31.08259291918654,49.080241390928975,6,0.0,0.0,0,1
62.53755709493063,13.850101183943664,53.66074937649407,20,0.0,0.0,0,2
42.25386951198505,25.46526013351101,47.95907766686864,11,0.0,0.0,0,9
19.26230558708774,31.207088543210062,49.29377794742629,5,20.73769441291226,0.0,0,62
66.31141398677639,38.27942708708181,76.86832471242178,22,0.0,5.279427087081807,-1,1
70.28067938702229,25.544511112604724,35.1114997036549,3,0.0,0.0,0,0
18.796733394418453,12.118535103618228,27.162374518133078,2,21.203266605581547,0.0,1,76
89.33134733119081,36.7541237090714,39.443156734014856,9,0.0,3.7541237090714006,0,0
4.193208526049994,30.989212952197438,63.39644451325695,20,35.80679147395001,0.0,0,107
6.429479884437699,14.604676439981404,65.1501881888972,7,33.5705201155623,0.0,0,100
19.673042491623402,30.056176868004844,60.908138368482525,17,20.326957508376598,0.0,0,60
37.39177941577951,30.691398851210685,66.41260710982928,20,2.60822058422049,0.0,0,10
52.12155232033323,26.051702119583275,54.60870708612462,11,0.0,0.0,0,5
45.759761168725944,23.036303438793944,40.675749599673416,3,0.0,0.0,0,8
51.92774386579052,24.34161204201895,32.98718124109528,22,0.0,0.0,0,6
36.76782071960843,26.047877218058442,27.281871920780908,19,3.23217928039157,0.0,1,11
84.3041345493028,30.128322496216448,45.91091672877448,1,0.0,0.0,0,0
35.235440467169674,32.73015956938339,64.1901857612393,13,4.764559532830326,0.0,0,14
42.71647839052732,15.113011107477973,54.26439134330105,20,0.0,0.0,0,9
22.948346854195368,29.535830912932926,50.41304575773812,13,17.051653145804632,0.0,0,51
49.16290993583864,30.927678882342068,31.003241963365227,4,0.0,0.0,0,6
76.05009298322031,29.014848284381948,95.0,22,0.0,0.0,-1,0
88.43269255918989,25.570865682114363,35.141740045148254,8,0.0,0.0,0,0
62.30198577254884,36.518862341263,52.17102444401551,0,0.0,3.5188623412630022,0,2
55.55353745575901,36.066415574750465,68.05431324808745,2,0.0,3.066415574750465,0,4
40.71189618973886,25.802724398371986,50.76196646583531,11,0.0,0.0,0,9
63.04252784417221,27.50153206740923,35.47509591972146,11,0.0,0.0,0,2
34.716687026323086,32.63104146575368,64.55588791585521,14,5.283312973676914,0.0,0,15
62.197167950223346,35.69576796849598,25.888002023779013,4,0.0,2.6957679684959786,1,2
50.326639986136726,23.106858940629845,81.35686550443845,2,0.0,0.0,-1,6
59.3552262277861,21.722805404028556,55.08021915254033,6,0.0,0.0,0,3
79.69825136557269,29.644971206537175,45.438625900319614,1,0.0,0.0,0,0
20.3660161461102,21.2585241190373,24.50511881846048,1,19.6339838538898,0.0,1,70
55.25566539135004,16.33001503970381,29.26438950777951,15,0.0,0.0,1,4
46.96901100019355,23.07774435897077,49.06232321591529,7,0.0,0.0,0,7
59.279685505666194,30.502981702745494,84.06945369187379,3,0.0,0.0,-1,3
59.79593507548297,37.32166181976697,54.19356235646442,3,0.0,4.321661819766973,0,3
57.906352564570994,23.74741202112062,56.24707255275518,19,0.0,0.0,0,4
77.5730631722991,27.254401332290943,56.94992239746915,16,0.0,0.0,0,0
84.391245903013,28.93327032560643,92.552757717161,1,0.0,0.0,-1,0
42.718545289615776,24.108403769588854,42.05497286318547,15,0.0,0.0,0,9
30.537445856300632,23.637016835971895,78.17841742554062,14,9.462554143699368,0.0,-1,19
14.090043309406214,30.00990970393693,42.82557644369642,15,25.909956690593788,0.0,0,77
88.54241665649415,20.81541033739978,37.334967111037926,18,0.0,0.0,0,0
25.555169721669234,23.3955175486377,48.56700539106346,16,14.444830278330766,0.0,0,43
42.69126099708318,26.784472721543207,48.478216406406254,17,0.0,0.0,0,9
48.318721408188615,29.934766972457798,60.11624205134083,2,0.0,0.0,0,7
32.05693289088669,18.90852053280306,15.0,22,7.943067109113308,0.0,1,28
47.29499567466752,27.21509887316297,52.66147948103461,5,0.0,0.0,0,7
85.87535662752505,20.25486560427759,39.222550509425794,18,0.0,0.0,0,0
3.5617908240824807,23.894795215180338,36.96885017281212,17,36.43820917591752,0.0,0,109
32.412847289922745,32.731759967161025,26.67600598086303,11,7.587152710077255,0.0,1,27
35.72082112726092,27.556926894485024,43.43352973033695,11,4.279178872739081,0.0,0,12
63.88478197412629,38.01442046302167,40.70107279499377,21,0.0,5.014420463021672,0,2
20.635376958500835,27.56681486552831,42.320645201515596,15,19.364623041499165,0.0,0,58
40.47767347983332,33.80807693663397,20.50507319118938,6,0.0,0.8080769366339666,1,9
32.12855950553363,32.76864825065617,51.766696007541505,1,7.87144049446637,0.0,0,23
52.751119473628286,27.920678330910793,35.750682352217005,3,0.0,0.0,0,5
39.69240911802861,20.106084072728514,20.569362570098633,9,0.30759088197139306,0.0,1,10
26.734014467773616,27.369242687971624,40.13308331140692,15,13.265985532226384,0.0,0,39
70.31019032153489,24.803375902227586,36.066641200245385,10,0.0,0.0,0,0
76.32566728070849,24.571486321079384,50.740470319622176,18,0.0,0.0,0,0
61.966287308127654,28.934925941883535,39.89281175746664,16,0.0,0.0,0,2
86.0429069934956,19.30257437755384,23.908270356288515,17,0.0,0.0,1,0
31.324131282890594,22.75693591525211,34.00963352281606,21,8.675868717109406,0.0,0,26
62.14426454062916,21.92761279416412,18.920271297952716,1,0.0,0.0,1,2
33.76700754924937,26.474652563395438,70.46830367394277,13,6.232992450750629,0.0,-1,13
67.33094712896462,23.391032091150915,73.36150691498658,8,0.0,0.0,-1,0
52.44646914824658,23.78542738802074,75.54046255402893,18,0.0,0.0,-1,5
65.24566466335914,28.812780485368997,39.38274296100991,19,0.0,0.0,0,1
23.409652421992124,25.32589076598071,73.34797217325124,15,16.590347578007876,0.0,-1,34
72.54072740504728,28.028837721291634,57.32596182471581,17,0.0,0.0,0,0
84.18081598036477,21.305811308385216,35.20120084248712,21,0.0,0.0,0,0
4.4366926568797425,23.029466283611526,38.68666084575925,13,35.56330734312026,0.0,0,106
11.175269906341976,40.244970681455854,46.90434709208846,19,28.824730093658026,7.244970681455854,0,99
74.64113308790192,23.815571494060833,51.84413006919468,2,0.0,0.0,0,0
38.19386677646623,15.36142954641896,56.53228349872258,5,1.8061332235337701,0.0,0,10
46.30934707695983,30.0527692769895,49.967844675093964,21,0.0,0.0,0,7
14.754746981641825,23.752185968065895,43.726628188496775,5,25.245253018358177,0.0,0,75
49.275504939035,29.463081401279727,74.33763288411453,0,0.0,0.0,-1,6
61.95946381575508,27.462790044256938,47.951913932653945,21,0.0,0.0,0,2
76.57846531625671,31.29925744057816,46.92149499773116,8,0.0,0.0,0,0
91.97660364238584,27.402263156434408,46.08912389133246,14,0.0,0.0,0,0
12.998345202984247,26.640686419789944,47.96239266294433,18,27.001654797015753,0.0,0,81
41.18006685209452,34.88752256719887,25.476380168966884,10,0.0,1.8875225671988716,1,9
55.442696209652,14.691146968894497,31.944245653447254,0,0.0,0.0,0,4
57.18676117902511,20.04707369055297,94.02776397821283,16,0.0,0.0,-1,4
62.56786954718746,23.049430462542432,20.292457497898607,15,0.0,0.0,1,2
40.813000660001336,17.842936549551197,54.891979874000505,6,0.0,0.0,0,9
35.718568035772726,25.123679034460817,56.16544185090252,15,4.281431964227274,0.0,0,12
37.201418494340025,24.531521006540782,68.22903163498441,19,2.7985815056599748,0.0,0,10
16.781964151148298,33.848201030732085,56.602052062942455,23,23.218035848851702,0.8482010307320849,0,80
32.177547619275856,27.470368002769536,84.03559967660631,12,7.822452380724144,0.0,-1,16
50.85958043395594,26.721932232993165,54.31362529284487,1,0.0,0.0,0,6
83.12074994397001,25.72096883966261,74.26138427028022,20,0.0,0.0,-1,0
78.83078885168314,21.68802487948182,68.71950344481189,10,0.0,0.0,0,0
81.81813290907792,33.34476336805465,77.75582440759426,15,0.0,0.34476336805465024,-1,0
31.60822862598871,35.26046183810401,50.447075259713884,21,8.391771374011292,2.260461838104007,0,28
45.184137154444194,20.727003996018055,57.16208911972319,6,0.0,0.0,0,8
80.09333134454053,37.7203351210398,43.35482232068999,0,0.0,4.720335121039803,0,0
90.49413198286851,23.97410451121993,52.87556464116989,23,0.0,0.0,0,0
60.889464011198655,23.484900284845523,53.86977332344729,3,0.0,0.0,0,3
23.00457963926833,30.836762030202458,15.0,9,16.99542036073167,0.0,1,61
46.12151780004412,31.372264840206615,47.42341809399098,18,0.0,0.0,0,7
46.43088482041174,27.572415248930167,66.01770904930154,18,0.0,0.0,0,7
64.6022592687674,25.922291540090754,25.696593515576765,3,0.0,0.0,1,1
79.81825695631318,35.034117297778614,32.2458502748717,6,0.0,2.0341172977786144,0,0
47.50596465370144,24.260204362857838,70.80165145114339,16,0.0,0.0,-1,7
86.7716653468452,27.58738561602164,74.17630545581257,10,0.0,0.0,-1,0
82.47955583959103,38.16272482006321,38.82616439510945,12,0.0,5.162724820063211,0,0
83.68955979323664,19.97750039823685,53.13172504609373,17,0.0,0.0,0,0
26.00811399826733,25.248102837556686,48.59505607642543,20,13.99188600173267,0.0,0,41
65.72010102602646,34.1508115709532,71.18556729617976,16,0.0,1.150811570953202,-1,1
17.087892026035846,31.168000249150086,40.39976400594222,4,22.912107973964154,0.0,0,68
28.355958910175115,33.36410553943381,43.18436789854195,22,11.644041089824885,0.3641055394338082,0,40
82.57298630227791,20.062694126371944,74.13380987053509,13,0.0,0.0,-1,0
27.120266441564322,29.92669011106546,31.940049512636264,19,12.879733558435678,0.0,0,38
23.19337730754032,26.288759854066736,41.03674171612285,14,16.80662269245968,0.0,0,50
75.99003775935323,41.63450181801028,52.39217053694046,7,0.0,8.634501818010278,0,0
43.38704064727449,32.85626683651013,77.42785664676711,15,0.0,0.0,-1,8
28.594051141425297,27.86608832997974,28.51767800460015,20,11.405948858574703,0.0,1,41
35.15535316247323,29.71539097951977,37.20942959107739,19,4.844646837526767,0.0,0,14
79.89417482771832,28.325726525585125,60.66591478992963,22,0.0,0.0,0,0
12.636156766200696,32.194090046833516,63.44509943692049,1,27.363843233799304,0.0,0,82
84.37195855248895,22.86219655463588,53.80800218632397,22,0.0,0.0,0,0
82.10140198011462,36.19130403900389,47.899018375915865,7,0.0,3.1913040390038887,0,0
45.85664576018411,20.051636257297176,52.33374327659912,21,0.0,0.0,0,8
31.754651125559715,29.230262953245667,22.869172008394262,12,8.245348874440285,0.0,1,29
21.994048348133155,23.0543211978064,51.8255965590201,16,18.005951651866845,0.0,0,54
93.02930046814016,28.256964754863642,76.67821227680207,18,0.0,0.0,-1,0
26.35040516636053,33.92811246382338,26.23733113746128,19,13.649594833639469,0.928112463823382,1,56
20.19236074406426,17.725927474545166,35.88708260866437,7,19.80763925593574,0.0,0,59
54.722087920065164,26.983130125654128,42.85617898774187,15,0.0,0.0,0,5
89.79040093271962,19.361458032637223,43.989325757065366,13,0.0,0.0,0,0
83.30991685889435,26.323705078593896,83.14456892960347,7,0.0,0.0,-1,0
25.577407267914694,19.345640927173474,33.22566470683846,0,14.422592732085306,0.0,0,43
42.27345095277176,28.970714311545123,29.62919344390506,19,0.0,0.0,1,9
11.415200840288591,25.44298060020363,63.87929050847413,10,28.58479915971141,0.0,0,85
21.873676681460992,32.48273522671882,38.35658189274056,5,18.126323318539008,0.0,0,54
57.79542996027075,35.37134866603597,64.17814344600149,8,0.0,2.3713486660359706,0,4
54.70895361826658,28.063888650670002,46.45288740461584,10,0.0,0.0,0,5
9.023668966333636,33.36192991253776,58.26235767611032,23,30.976331033666362,0.36192991253776086,0,106
54.540579214084794,36.29475186077995,21.778213553885237,8,0.0,3.2947518607799466,1,5
26.082923494736875,22.46738162637919,58.20181534244597,3,13.917076505263125,0.0,0,41
23.438727369010255,36.60991339377999,53.92033621524411,4,16.561272630989745,3.6099133937799905,0,57
49.37002740225057,27.778365262295885,45.40314718918842,22,0.0,0.0,0,6
41.54720505327986,22.129739932708716,27.810708706917456,19,0.0,0.0,1,9
90.27256456708439,29.790774327144234,53.903034021860805,0,0.0,0.0,0,0
49.53722021697676,27.56742920331802,63.03282873769283,11,0.0,0.0,0,6
27.0094183177562,19.55792916476235,40.439233432556975,6,12.9905816822438,0.0,0,38
72.41478235309357,21.39370301015419,40.7931753060148,12,0.0,0.0,0,0
47.572072894753056,37.82388598359966,64.28999860302761,14,0.0,4.823885983599659,0,7
67.27302822486126,29.67144913884257,80.78398018351061,12,0.0,0.0,-1,0
36.97598054694097,36.89076548290866,66.91314413043642,11,3.024019453059033,3.8907654829086624,0,10
66.19922145529608,25.500561149469718,54.130342768694334,16,0.0,0.0,0,1
12.027525519205343,23.19022593754854,45.62193540579962,17,27.97247448079466,0.0,0,83
62.856983574904966,17.900112501131602,49.50498277861991,4,0.0,0.0,0,2
40.51571347882805,33.807861468026104,26.141154898704624,16,0.0,0.807861468026104,1,9
19.32887458587464,30.46379368887751,47.22105939078011,12,20.67112541412536,0.0,0,62
51.9899411654209,25.554728669591718,70.15792173724704,9,0.0,0.0,-1,6
15.473293117005541,23.244042642903594,50.713427438174826,6,24.52670688299446,0.0,0,73
42.294605403890756,34.76121756420767,38.74100316421173,13,0.0,1.7612175642076693,0,9
60.44075225591442,26.936313215941105,37.07602727694197,23,0.0,0.0,0,3
75.53419511097998,27.000818707146628,49.42820833018015,11,0.0,0.0,0,0
63.32849039729217,24.39537582704577,27.776536838011744,1,0.0,0.0,1,2
31.317400739112344,25.555243043526175,33.64601554756268,5,8.682599260887656,0.0,0,26
42.41585569042224,31.30073700670338,77.59071527127482,22,0.0,0.0,-1,9
11.902914820426776,19.501358622283394,31.35019145549613,19,28.097085179573224,0.0,0,84
43.75731114419567,28.48442349801405,35.57228062508763,1,0.0,0.0,0,8
49.518710642826946,33.73351035304304,55.24408162866846,19,0.0,0.7335103530430374,0,6
82.67448464862787,27.49144766461208,42.048243372795866,2,0.0,0.0,0,0
47.937748159612774,34.325357563805234,51.59541089982663,7,0.0,1.325357563805234,0,7
28.38990344817634,36.043594873762004,65.53176324270017,21,11.61009655182366,3.0435948737620038,0,40
59.96614341687793,33.42149407118366,22.152556142157334,15,0.0,0.421494071183659,1,3
41.447709998134954,24.776465384934653,63.57643495601441,15,0.0,0.0,0,9
66.84255487761861,27.78736985213429,39.51698472164841,5,0.0,0.0,0,1
43.06675695813812,30.074621113451933,44.85062402178416,7,0.0,0.0,0,8
51.03640041974724,25.181501581211478,84.59765400890916,2,0.0,0.0,-1,6
41.38907164058184,24.981363532242618,24.7527740568422,14,0.0,0.0,1,9
50.072103430537254,24.620119905005666,60.63264882018716,11,0.0,0.0,0,6
45.25946335768632,43.2613636062811,70.30452932240333,3,0.0,10.261363606281101,-1,8
63.60820407544401,26.373455684918422,37.696447413547716,7,0.0,0.0,0,2
15.317666997168416,34.412053652770744,37.98088133893742,1,24.682333002831584,1.4120536527707443,0,85
45.05796256924181,22.78358630929817,43.36397784804346,1,0.0,0.0,0,8
49.16717206700276,38.21065022469726,37.58979325872016,1,0.0,5.210650224697261,0,6
88.58630550081676,25.728595207627773,51.196477923572836,7,0.0,0.0,0,0
72.27870065370354,28.31786144321453,66.0669093524159,6,0.0,0.0,0,0
40.154672269101724,17.003663370084414,43.461793061851665,4,0.0,0.0,0,9
87.4911657335114,34.69960587827896,66.71397832285348,4,0.0,1.699605878278959,0,0
54.421009872081804,35.999318967608616,75.21819055266651,22,0.0,2.999318967608616,-1,5
70.46566558506241,20.876370416274685,57.75906881642735,9,0.0,0.0,0,0
74.34077444542991,35.04882533247411,59.458704105988076,12,0.0,2.0488253324741095,0,0
89.2746423926319,19.97627434337628,39.30881771639558,21,0.0,0.0,0,0
54.148864489177114,31.79240307704335,15.0,23,0.0,0.0,1,5
83.58690472882502,26.272181350334282,60.542684086492955,9,0.0,0.0,0,0
29.894051999667937,36.017523258288875,64.33657022533403,18,10.105948000332063,3.0175232582888754,0,34
77.35241435980844,29.49514880649074,54.363997804462535,9,0.0,0.0,0,0
60.881298442075924,33.58880943045679,66.37584438503734,6,0.0,0.5888094304567915,0,3
57.28004741468873,35.426540016966285,40.13126349052203,2,0.0,2.4265400169662854,0,4
38.30999511548869,26.253810895967455,59.33327983615242,8,1.6900048845113105,0.0,0,10
84.3818132281868,27.82658041093404,76.49858962566836,23,0.0,0.0,-1,0
62.90364009047581,21.33290949288621,61.982022374441506,4,0.0,0.0,0,2
57.76422262968883,26.1998540548977,74.16960389651574,3,0.0,0.0,-1,4
48.76512775379703,39.56243774172911,74.2848173113036,6,0.0,6.562437741729113,-1,7
7.731642536612754,32.53469487935081,28.01508064008875,8,32.26835746338725,0.0,1,116
77.16046143560276,21.73240275815178,62.9452593756529,9,0.0,0.0,0,0
24.599035445013886,37.788655821514396,38.6248181151124,22,15.400964554986114,4.788655821514396,0,53
80.47332447846338,30.33401907083555,30.065298819904978,22,0.0,0.0,0,0
76.0432490906593,32.98254688545499,44.858222451099735,10,0.0,0.0,0,0
59.9089106012921,30.94317289137654,81.57486275473863,21,0.0,0.0,-1,3
22.383146847560848,30.51855058448919,40.211597979431055,8,17.616853152439152,0.0,0,52
19.27429310808083,16.0137169451194,18.35210435592201,9,20.72570689191917,0.0,1,74
55.27453913687409,34.64175628496939,23.997054206737527,17,0.0,1.6417562849693894,1,4
54.232341031277734,14.473987298722179,58.6108285741764,20,0.0,0.0,0,5
12.748270386212615,34.095929324110195,36.3411449907466,0,27.251729613787383,1.0959293241101946,0,94
50.66406143622445,28.59739955625043,15.0,14,0.0,0.0,1,6
15.634476053501745,33.01278566014514,24.70797327474655,7,24.365523946498257,0.012785660145141264,1,100
33.71982056861321,28.950405248540463,53.00452908528622,9,6.280179431386792,0.0,0,18
55.80723954683906,34.26251158005349,64.03074164601324,13,0.0,1.2625115800534914,0,4
14.05053734195307,28.09688831617531,41.977119115920175,12,25.94946265804693,0.0,0,77
25.703256530651846,29.685560078617833,61.68161887434539,23,14.296743469348154,0.0,0,42
39.820775589702166,30.428560583037743,66.46873393214172,10,0.17922441029783442,0.0,0,10
59.69784094803497,39.27185367542902,35.893211589563734,23,0.0,6.271853675429021,0,3
46.974254981408244,31.601650460021396,47.81805391868418,16,0.0,0.0,0,7
21.790973646706547,20.098882942853763,39.191326200871586,15,18.209026353293453,0.0,0,54
49.352303171147284,24.61612136431448,59.69983990423859,12,0.0,0.0,0,6
58.76677647056102,31.588024069858466,38.97978960471407,8,0.0,0.0,0,3
29.181670902175334,35.5584756616045,28.162810238109227,14,10.818329097824666,2.558475661604497,1,44
50.71112833110229,23.66694342224667,50.94655900498644,13,0.0,0.0,0,6
90.57260947827066,41.43926569798024,69.98620931159496,2,0.0,8.43926569798024,0,0
24.48417750345193,29.053622829390118,59.190309595350406,22,15.515822496548068,0.0,0,46
69.69604774228596,30.523404415459375,68.12303467208875,21,0.0,0.0,0,0
93.95582128996094,20.475559035639158,66.54238538204399,16,0.0,0.0,0,0
27.98409650960937,34.692859490817696,50.75867438134607,16,12.015903490390631,1.6928594908176962,0,41
26.482653605254526,25.32529495349366,39.245213119415,3,13.517346394745474,0.0,0,40
75.69144817322334,23.524703011751654,34.34486668887837,14,0.0,0.0,0,0
29.266923608351664,26.096842484719932,21.441056910307626,23,10.733076391648336,0.0,1,38
25.50485289661252,36.29666506987162,71.41189197706433,2,14.495147103387481,3.2966650698716222,-1,35
32.63399911584964,30.79445634219714,44.04910848765368,21,7.36600088415036,0.0,0,22
80.87225901435203,22.665488581755472,19.314131427568036,8,0.0,0.0,1,0
24.19454802582048,24.81772617071782,72.21785393427797,5,15.805451974179519,0.0,-1,33
15.289939137717429,36.45739944989279,51.69680513769019,21,24.71006086228257,3.4573994498927902,0,85
42.773011591589366,26.581713908727117,67.41984747275397,15,0.0,0.0,0,9
85.46241607610466,31.362475354643834,45.29224973798616,19,0.0,0.0,0,0
59.42808569171103,32.83089421399304,35.7210726509843,21,0.0,0.0,0,3
54.0545681694017,10.0,58.02347904322586,0,0.0,0.0,0,5
88.58497306039472,35.58634568849863,59.51543029228777,5,0.0,2.586345688498632,0,0
36.46871905132503,22.88589107474963,44.961785984965374,5,3.5312809486749686,0.0,0,10
62.09051459122696,25.83647110013324,73.64350509292626,22,0.0,0.0,-1,2
26.996497032563347,37.23591587169144,67.01844561527973,12,13.003502967436653,4.235915871691439,0,44
55.12982630814426,36.68154817750919,60.16575190098534,4,0.0,3.6815481775091925,0,4
78.40857883345029,30.956679421249273,30.020501302066904,16,0.0,0.0,0,0
50.497866419657214,32.370633688688685,27.484537541981215,8,0.0,0.0,1,6
54.27584275418881,33.86777033666003,71.58231652894648,13,0.0,0.8677703366600298,-1,5
29.049765087304547,36.58064766673883,15.0,22,10.950234912695453,3.5806476667388267,1,45
25.099593491596295,37.344511642766626,48.362371127879925,6,14.900406508403705,4.344511642766626,0,51
24.990735929412516,28.646213389720778,52.63959826427138,22,15.009264070587484,0.0,0,45
87.08251250831835,23.575989651497544,41.1851625562937,17,0.0,0.0,0,0
37.88184780326499,26.469083713578176,49.364217633220164,0,2.1181521967350108,0.0,0,10
41.56619036213059,28.763200394479043,57.56534754462216,9,0.0,0.0,0,9
68.26986067555765,27.681595770515525,39.43002674081003,20,0.0,0.0,0,0
37.72606570904063,21.92666844672975,65.86538558742072,20,2.2739342909593674,0.0,0,10
38.38014404080356,30.620765044306747,60.484559623214025,16,1.6198559591964425,0.0,0,10
43.1135077105207,18.593273963422263,46.76074509672383,16,0.0,0.0,0,8
51.141734173481346,28.512324853097248,35.124236356700706,20,0.0,0.0,0,6
66.32419642315315,28.89700103500056,48.368104269334474,3,0.0,0.0,0,1
26.301799104792394,28.691444411217695,87.99206410681855,11,13.698200895207606,0.0,-1,28
90.82281614290439,33.10728879625695,36.366283071047334,8,0.0,0.10728879625695242,0,0
59.210268458210294,32.31163635867485,77.55405305398091,23,0.0,0.0,-1,3
35.506136683302245,41.33607003693344,18.406732159538258,18,4.493863316697755,8.336070036933442,1,18
88.42124935251735,24.893729297074312,34.50584792202168,17,0.0,0.0,0,0
76.02726894428304,29.675998986707526,40.23266537308443,2,0.0,0.0,0,0
81.11881708009157,29.291420637415563,67.08359715561961,18,0.0,0.0,0,0
97.3475515285742,29.009118188144942,50.99642879985359,20,0.0,0.0,0,0
75.23432280065728,20.4108745926726,73.58128737064875,10,0.0,0.0,-1,0
56.675265913542184,20.899144544167164,44.01243980835963,20,0.0,0.0,0,4
70.80993700732455,28.038798819847887,49.03052398621795,9,0.0,0.0,0,0
78.12983230640933,18.5446364913268,44.083735523591564,15,0.0,0.0,0,0
9.804379532563608,25.994767869756014,86.47522306046449,4,30.19562046743639,0.0,-1,63
10.812422883655733,24.11476239704229,29.83565425999535,12,29.187577116344265,0.0,1,105
23.55254260756803,26.212135362048283,40.852455061794416,1,16.44745739243197,0.0,0,49
66.9450532879556,34.79396173360206,32.396678588711815,2,0.0,1.7939617336020603,0,1
38.11493240377567,21.529986321545245,60.31962447884527,21,1.8850675962243315,0.0,0,10
13.68397110942475,33.21879490335949,29.461824373011318,16,26.31602889057525,0.2187949033594876,1,108
36.74940432740611,24.572273855447165,82.7986363476493,14,3.2505956725938887,0.0,-1,10
53.625249274331566,25.31948362767444,51.452237935405165,9,0.0,0.0,0,5
68.1782684374937,30.793273935932167,57.42284129963217,13,0.0,0.0,0,0
30.14212434741936,26.355108999264555,58.335844972966456,16,9.857875652580638,0.0,0,29
58.03538931422866,22.64519339211351,49.638933488252746,8,0.0,0.0,0,3
55.496928532718655,25.778336173696594,52.189958564203266,7,0.0,0.0,0,4
89.91409816135325,17.340197969359743,51.525162944384945,17,0.0,0.0,0,0
53.38484342208252,30.287107118801973,59.346376427201506,12,0.0,0.0,0,5
74.98162980972818,10.0,35.19735680466873,9,0.0,0.0,0,0
74.2669192885032,33.3281174980207,32.14259604302044,10,0.0,0.32811749802070267,0,0
14.444974737398129,31.69157170663159,64.77742542412231,19,25.555025262601873,0.0,0,76
30.161475928009857,37.608608764972296,49.96547977866055,12,9.838524071990143,4.6086087649722955,0,33
77.08173982045061,41.09246268233303,15.0,1,0.0,8.092462682333029,1,0
53.62341337297924,33.614625757955196,41.446578931110764,19,0.0,0.6146257579551957,0,5
50.708063685392666,24.235569799768907,77.53953758157392,5,0.0,0.0,-1,6
27.074952499007576,41.035734312372526,47.1132120283215,1,12.925047500992424,8.035734312372526,0,44
83.07594812615264,20.83640044093331,40.44215623911491,6,0.0,0.0,0,0
66.03015579098336,16.583778202947713,23.093711011876536,2,0.0,0.0,1,1
25.10263664566988,39.11478365105307,39.77904180865621,0,14.897363354330121,6.114783651053067,0,51
19.07643304361418,31.60934909964423,29.052437898715244,16,20.92356695638582,0.0,1,75
79.4276194278496,16.745094660321147,57.725682399278924,15,0.0,0.0,0,0
17.070696308246863,19.867844788330153,50.887269341169976,7,22.929303691753137,0.0,0,68
62.13931070244737,31.307710186605195,43.45766738275523,16,0.0,0.0,0,2
67.50256601127795,22.780210968815965,36.28007929800008,0,0.0,0.0,0,0
81.60785123357384,23.64310662458696,77.47592884794608,9,0.0,0.0,-1,0
66.6849920378606,39.798534602920384,37.304302318421485,13,0.0,6.798534602920384,0,1
46.026513558227464,40.8891646913822,37.37122310252236,19,0.0,7.889164691382199,0,7
70.80979103356376,28.88057442315059,45.62657526971389,6,0.0,0.0,0,0
57.5778764164542,27.09703907344367,48.143859684300864,22,0.0,0.0,0,4
62.96328968909383,33.414731071979794,58.67683342191688,8,0.0,0.4147310719797943,0,2
70.96912838106965,24.630360270151293,66.74800565745794,17,0.0,0.0,0,0
7.510503587737487,14.61684899573882,65.40031740977226,4,32.48949641226251,0.0,0,97
54.04405149990236,11.430822740248374,93.73809832030916,16,0.0,0.0,-1,5
64.79003468582198,27.558409975747708,19.52826823921518,13,0.0,0.0,1,1
53.81695778516244,33.29127154519617,54.15532392820048,10,0.0,0.2912715451961674,0,5
50.86937555214479,28.095999727520102,40.63087701036697,6,0.0,0.0,0,6
50.86964614589882,32.85976461072791,86.17567763541882,13,0.0,0.0,-1,6
31.580423806417013,33.45900150804198,53.16086253790742,9,8.419576193582987,0.4590015080419789,0,29
59.79621064434044,36.3162440062473,15.0,6,0.0,3.3162440062473024,1,3
42.64632674944544,29.117587304532208,57.81584800060684,12,0.0,0.0,0,9
8.834231914724626,29.655251877833972,54.80298390657171,5,31.165768085275374,0.0,0,93
73.591220631217,27.779202848345122,63.639424692867365,15,0.0,0.0,0,0
70.5201087815005,26.44958275810479,36.976444918068715,0,0.0,0.0,0,0
55.30736526772652,18.5678202331734,55.90089082410717,5,0.0,0.0,0,4
44.53888503011834,35.03190453916511,45.13124496909805,11,0.0,2.0319045391651116,0,8
59.92548754236103,25.697438573061774,37.91548603346523,3,0.0,0.0,0,3
52.66579107578468,25.353710047667885,56.16902936234674,5,0.0,0.0,0,5
27.110957340414423,24.75029233440403,52.750124478220435,10,12.889042659585577,0.0,0,38
41.974756840445,19.9576730144117,68.90095747467352,11,0.0,0.0,0,9
25.424962726941384,27.486740763746354,50.48580115707281,8,14.575037273058616,0.0,0,43
44.48260407127724,31.098550011750582,60.87024651582176,19,0.0,0.0,0,8
37.37054723645079,23.768274919832855,28.26619623962317,12,2.62945276354921,0.0,1,10
84.61594279924013,34.22560664042129,75.10130900458883,8,0.0,1.2256066404212902,-1,0
45.87562018997359,25.78953185420675,36.01038790304193,12,0.0,0.0,0,8
13.12385195200758,18.80407491109829,66.25274910516117,7,26.87614804799242,0.0,0,80
59.3258270497548,36.24219025446803,54.736137537070356,1,0.0,3.242190254468028,0,3
73.60550736274519,29.190776051574492,52.45382716128436,10,0.0,0.0,0,0
73.67192736410112,33.179699273826145,63.686217409776184,8,0.0,0.17969927382614514,0,0
32.480776095699056,33.321157924061836,15.0,11,7.519223904300944,0.3211579240618363,1,31
53.79700441598943,22.323341145090463,39.67656219253378,12,0.0,0.0,0,5
14.968313198265234,24.86851737564361,63.430332395806914,6,25.031686801734764,0.0,0,75
9.32899712821965,34.20571645154116,84.59767620295443,10,30.671002871780352,1.2057164515411571,-1,74
61.31645174029312,39.01130509132314,49.56155207023418,14,0.0,6.011305091323138,0,2
43.476863167403664,28.37971899207777,15.0,5,0.0,0.0,1,8
90.27543264092142,24.23686073528986,44.2900584378086,0,0.0,0.0,0,0
33.373013646715435,38.09401688886384,48.91730256561736,4,6.626986353284565,5.094016888863841,0,22
50.64831172568969,24.240238776220572,69.97026849352571,11,0.0,0.0,0,6
57.335915542353156,29.973823146489323,50.87017457436954,16,0.0,0.0,0,4
32.935745973297664,25.433302804081634,27.01894784903314,15,7.064254026702336,0.0,1,25
51.693009138691835,29.61443663656165,67.34293786961977,18,0.0,0.0,0,6
37.08656486755563,22.327287316325016,60.229702776691305,11,2.91343513244437,0.0,0,10
74.64174875126945,25.75203413201247,37.41631387889177,21,0.0,0.0,0,0
51.19780630094103,24.236216578229186,62.95770686801097,23,0.0,0.0,0,6
30.797149468154295,31.973429153725142,40.16094191733062,0,9.202850531845705,0.0,0,27
38.325898100786254,28.979286704440636,44.63225521762528,3,1.6741018992137455,0.0,0,10
28.736356509142734,33.28120450691289,40.465610001983045,9,11.263643490857266,0.2812045069128928,0,38
29.209922575021853,23.045440278384227,44.421059387400156,10,10.790077424978147,0.0,0,32
48.94604501733114,26.749294080715607,66.32168472970665,4,0.0,0.0,0,7
45.68874953376019,31.750189287312054,17.855862832332164,7,0.0,0.0,1,8
29.66050094996261,33.15220090190333,69.87432818665629,1,10.33949905003739,0.1522009019033277,0,35
70.0088874253488,19.325295066547884,53.17384733459243,21,0.0,0.0,0,0
52.3207295196748,29.906776043785968,42.978463715664574,18,0.0,0.0,0,5
41.644533835128044,23.12049884797354,50.37373555860585,4,0.0,0.0,0,9
41.99271465418232,33.45580576882428,33.63843265994377,9,0.0,0.4558057688242769,0,9
32.18697548693414,39.16302991334503,20.628977128964397,12,7.813024513065862,6.163029913345028,1,32
78.25834110691507,12.328491126294965,34.14599164851393,10,0.0,0.0,0,0
91.23855622179065,24.064311084641282,15.881192429293193,10,0.0,0.0,1,0
73.18871667602828,29.582624473595093,25.65244113674207,13,0.0,0.0,1,0
92.6045037534906,27.976934482082118,20.79047177558478,22,0.0,0.0,1,0
45.37677129813857,33.63790550900601,72.02873901752066,12,0.0,0.6379055090060106,-1,8
69.67553269741988,28.474386512704157,26.884199349792823,13,0.0,0.0,1,0
7.226634078691118,24.821553981009032,49.25756563634891,6,32.77336592130888,0.0,0,98
62.6094504210151,21.878012516742572,70.1012600376882,11,0.0,0.0,-1,2
51.32228683722834,20.86879496139513,65.30159911547926,16,0.0,0.0,0,6
11.576315775448634,23.543501199054976,44.68755095265588,14,28.423684224551366,0.0,0,85
44.137613261901656,24.60941208366247,44.76962676599649,11,0.0,0.0,0,8
90.11525321992006,30.30251430724669,53.24271354055967,17,0.0,0.0,0,0
28.838910479899777,27.059638454645572,88.0201082816731,5,11.161089520100223,0.0,-1,23
75.85473703174141,24.09463597539439,57.43485002804345,0,0.0,0.0,0,0
28.39439698312723,21.944102182742462,62.027958484648316,7,11.60560301687277,0.0,0,34
79.06170862590722,23.78422977442222,90.79514244574938,5,0.0,0.0,-1,0
57.05167914039545,24.615803116850685,55.000874594677384,21,0.0,0.0,0,4
33.08952379223733,23.511245790575263,70.66146109435437,5,6.91047620776267,0.0,-1,14
86.84745732550971,32.03867670264316,58.599054656335454,21,0.0,0.0,0,0
26.120375009414197,36.20826630305106,58.33683641843874,9,13.879624990585803,3.2082663030510616,0,47
51.56703281275677,20.943624218928385,32.65989949081164,17,0.0,0.0,0,6
70.8467183467055,34.71552351257201,29.675262435557038,13,0.0,1.7155235125720125,1,0
15.497843122291844,32.159420428773224,40.77830377225656,0,24.502156877708156,0.0,0,73
9.221767403755608,29.079211744702057,65.87483390466777,21,30.778232596244393,0.0,0,92
55.88227262084543,37.15998546475103,65.0203907929575,11,0.0,4.159985464751031,0,4
46.34202067944739,26.97839063590991,73.99735303484697,13,0.0,0.0,-1,7
33.42687266044986,30.411382444187634,49.80013367382483,6,6.57312733955014,0.0,0,19
41.703825559862025,28.742342871742945,59.679354473405795,4,0.0,0.0,0,9
10.59931363095801,28.296110243363554,59.755920658870096,0,29.400686369041992,0.0,0,88
26.338093714545803,30.753991886793706,48.06510417542296,12,13.661906285454197,0.0,0,40
32.02410483903626,28.278530865164953,44.21237586444775,7,7.975895160963738,0.0,0,23
49.516204652897336,30.79670521071596,23.27003145145745,10,0.0,0.0,1,6
44.40128920259228,23.98107940344293,47.25437783859226,23,0.0,0.0,0,8
55.91547370015238,24.168520891143782,48.12799065997772,15,0.0,0.0,0,4
64.26022415421761,23.95384680140405,70.41897211197619,17,0.0,0.0,-1,1
81.3787326567853,25.811214693040966,72.19385336289587,15,0.0,0.0,-1,0
22.822675406009214,34.07970732260546,52.62283995147591,4,17.177324593990786,1.0797073226054579,0,59
57.41913320794411,25.22677111465698,87.14089722388081,15,0.0,0.0,-1,4
74.46946487479593,31.91476522331462,53.419765716789826,21,0.0,0.0,0,0
88.67504872611359,29.592677577791303,68.59256572727907,23,0.0,0.0,0,0
15.583579838333828,25.35147020079882,48.19866571650468,1,24.416420161666174,0.0,0,73
40.97702337876557,35.85509521732618,29.47728578379387,0,0.0,2.8550952173261805,1,9
65.64021916187276,32.416667070911835,42.34605264160447,23,0.0,0.0,0,1
69.21763822193351,28.01069253585107,76.53291756901015,18,0.0,0.0,-1,0
94.1761367646204,27.513168463913097,45.24436315054392,0,0.0,0.0,0,0
70.28058695694813,28.56235936392449,41.603033119045406,20,0.0,0.0,0,0
51.22539782305881,18.8227741360737,49.92681440359852,22,0.0,0.0,0,6
74.48388959092857,23.050232918110083,42.98905241519507,5,0.0,0.0,0,0
12.430681265095798,30.7750930221323,71.48766317713493,5,27.5693187349042,0.0,-1,57
78.71822894957286,18.502448159180744,83.938184574458,18,0.0,0.0,-1,0
69.74260534539265,23.51425272632419,50.10682811985222,7,0.0,0.0,0,0
23.48839901416104,25.644734151286976,59.728202250159995,2,16.51160098583896,0.0,0,49
48.71684921791853,45.0,67.49375207325139,16,0.0,12.0,0,7
89.39550971206525,32.04242349538987,51.95386684897557,13,0.0,0.0,0,0
48.4539814903108,34.58405095349393,34.19758242333378,6,0.0,1.5840509534939287,0,7
45.26660579242747,23.169116674379545,42.63003310066143,7,0.0,0.0,0,8
70.05164655412412,30.172335565245767,57.416413150324104,11,0.0,0.0,0,0
45.63101221559482,17.438952948969522,57.08861917035881,5,0.0,0.0,0,8
40.74881757892577,26.016311884413085,17.740606214906066,1,0.0,0.0,1,9
92.79632196964752,31.032195567526383,42.140821789289966,15,0.0,0.0,0,0
25.413707794975398,19.494532732436312,36.73387260680573,7,14.586292205024602,0.0,0,43
74.36866737763556,30.358821639292252,65.88125206820482,9,0.0,0.0,0,0
59.071005152502444,30.85642860433454,37.43166319775586,7,0.0,0.0,0,3
34.90299385904939,24.384980596084983,41.69936065139778,3,5.0970061409506116,0.0,0,15
41.251086714073494,22.991171328953094,41.07035363253038,13,0.0,0.0,0,9
60.43097186130208,23.708549271411382,64.24397048771804,14,0.0,0.0,0,3
69.18109611969078,25.918306283857085,67.43919797008485,12,0.0,0.0,0,0
63.32011809428728,26.099355884981634,58.88432391341854,12,0.0,0.0,0,2
45.19662123460313,31.057652501570796,69.91536979979718,17,0.0,0.0,0,8
43.36327857343314,24.79358481809218,72.23747302997155,1,0.0,0.0,-1,8
60.56133792806484,37.61275686677786,17.41444447495742,18,0.0,4.612756866777858,1,3
15.536226413808837,37.569245645249296,60.65440430443026,19,24.463773586191163,4.569245645249296,0,84
59.345749504551904,29.4172077207044,43.34362373482863,3,0.0,0.0,0,3
19.337684337890753,25.932195369728618,27.37852870331372,23,20.662315662109247,0.0,1,74
31.973856975171422,24.800312208113173,44.2447793311936,10,8.026143024828578,0.0,0,24
85.54234704714564,29.900551683287492,63.15549289239112,8,0.0,0.0,0,0
33.543224068329614,30.950288945014314,76.1944511640761,7,6.456775931670386,0.0,-1,13
46.78370347756028,26.79397379565043,25.788202651810632,23,0.0,0.0,1,7
28.722032341029273,25.641222935819535,61.13148431383758,13,11.277967658970727,0.0,0,33
34.755367677097254,30.1164598066008,85.38132121237155,23,5.244632322902746,0.0,-1,11
87.08205408799516,28.41424897779643,82.95356570072639,17,0.0,0.0,-1,0
50.34065536647373,24.567265116829546,15.0,11,0.0,0.0,1,6
30.00920126118725,28.678237135766363,89.2198412930504,0,9.99079873881275,0.0,-1,20
61.46719091427856,24.36838449020595,67.29873986499221,22,0.0,0.0,0,2
75.59749586961347,23.49004804436452,15.0,5,0.0,0.0,1,0
22.219012954143196,27.970136729365084,36.218102504160825,18,17.780987045856804,0.0,0,53
52.82453782868105,24.55198387296725,72.63975341770428,3,0.0,0.0,-1,5
83.43067224928379,23.602008263699847,56.48513932180783,20,0.0,0.0,0,0
52.47608986678114,34.274284129613996,39.66879686372525,0,0.0,1.2742841296139957,0,5
16.691995679866814,25.646768374232806,51.196329389782726,2,23.308004320133186,0.0,0,69
28.56516650053596,39.060169992049524,59.826540534173844,7,11.434833499464041,6.060169992049524,0,39
65.9871249485786,31.75983377317397,39.57315873657598,18,0.0,0.0,0,1
10.087917207768603,23.075779660955234,47.71188669520417,23,29.912082792231395,0.0,0,89
91.7855416019892,34.95855766297569,66.14450791359839,5,0.0,1.958557662975693,0,0
79.5905857656309,23.700283000179628,37.385256753226805,13,0.0,0.0,0,0
68.51492649300877,39.84008505552393,25.574212493428433,17,0.0,6.840085055523929,1,0
33.63882170591137,29.357158417080353,38.52837992379816,21,6.3611782940886314,0.0,0,19
50.70140017721043,31.255404419822014,33.99957747531634,5,0.0,0.0,0,6
60.2513034769238,28.18571684068746,39.112391251872104,2,0.0,0.0,0,3
40.46092136936094,29.595295507593768,18.90574426944886,18,0.0,0.0,1,9
83.45939216972339,26.6253419410263,54.241177821611714,0,0.0,0.0,0,0
41.4415341826716,22.44514984185061,65.61682334444444,21,0.0,0.0,0,9
57.659045120673404,30.038050502324403,35.38890335286736,9,0.0,0.0,0,4
44.03592702984529,34.14879619511542,38.264553956067566,12,0.0,1.1487961951154233,0,8
33.59779451993458,20.856145956261535,46.62704295828222,11,6.402205480065419,0.0,0,19
73.92794272555048,37.24284294205514,33.59650460893114,10,0.0,4.242842942055141,0,0
59.46183051763258,31.60682314712004,67.70808631498805,0,0.0,0.0,0,3
29.321032049850253,25.378550920985035,34.00409821689992,3,10.678967950149747,0.0,0,32
57.73712064806003,25.271334183287884,40.53380961868028,8,0.0,0.0,0,4
90.07138203882238,39.184974625888835,36.26117711043007,5,0.0,6.1849746258888345,0,0
36.810883403199135,33.63234821010191,68.1345881257289,19,3.189116596800865,0.6323482101019096,0,11
66.60807829466307,34.840307115529285,45.84057961827456,23,0.0,1.840307115529285,0,1
48.04549012248659,26.493629677756097,85.87596716138853,4,0.0,0.0,-1,7
71.45356742714905,31.333095289688714,56.36776413893168,17,0.0,0.0,0,0
60.67106643682738,30.09627167554425,70.85176308066836,12,0.0,0.0,-1,3
52.73706306911885,26.95209852280354,44.16309986454504,18,0.0,0.0,0,5
37.97789158041523,28.65554267062584,33.03283067872047,18,2.022108419584768,0.0,0,10
47.92894470065447,34.660307048929944,49.403104455506714,19,0.0,1.660307048929944,0,7
95.69126629644813,37.597549259892496,37.77721566859981,23,0.0,4.597549259892496,0,0
20.579609697246923,26.49101971111088,15.0,14,19.420390302753077,0.0,1,69
80.38643829959251,20.121662473491053,68.24335661589825,22,0.0,0.0,0,0
56.81052321088771,37.86155758841028,50.58937416130085,10,0.0,4.861557588410278,0,4
56.920097467738486,37.93694753747813,37.39455600099005,1,0.0,4.936947537478133,0,4
33.874500021828844,30.402324889292377,56.77288945900442,8,6.125499978171156,0.0,0,18
30.67634287201329,38.75578577484908,50.84478726913861,16,9.32365712798671,5.75578577484908,0,32
42.401713619620494,29.96569195094279,75.37623260266409,0,0.0,0.0,-1,9
31.682502173929727,22.545646613738406,57.79070168196821,19,8.317497826070273,0.0,0,24
34.94606796308508,20.127220371496563,47.17545293472667,19,5.053932036914922,0.0,0,15
74.41813499955265,20.069870479872456,62.48170596140478,5,0.0,0.0,0,0
22.65666685071464,28.0273409496736,49.35264513149863,20,17.34333314928536,0.0,0,52
82.71639743567287,25.202526091933965,53.30899003453636,18,0.0,0.0,0,0
31.287233396865684,24.52686628126933,72.07100215137919,8,8.712766603134316,0.0,-1,18
16.479959985001514,27.35856024753556,28.965702508054342,22,23.520040014998486,0.0,1,84
15.484371445428108,33.14782807917553,34.46107495784797,12,24.51562855457189,0.14782807917553242,0,84
17.76026922954949,24.717950340354307,42.4515793026568,10,22.23973077045051,0.0,0,66
19.520476635397767,23.70763926565678,45.08548072085824,13,20.479523364602233,0.0,0,61
61.37349989009295,25.113936049583902,70.81770394293491,23,0.0,0.0,-1,2
97.32726872063745,33.52555287668883,24.53541111537663,15,0.0,0.5255528766888276,1,0
43.938103038432516,27.579892671195314,49.46900208179399,12,0.0,0.0,0,8
53.28086193473822,29.679446346095897,40.085994073072605,15,0.0,0.0,0,5
58.81441696474854,37.31814125098641,80.60868380413714,17,0.0,4.318141250986407,-1,3
32.189541067646616,45.0,65.90925506623394,4,7.810458932353384,12.0,0,26
51.93704541087678,31.842324493734708,54.29646098979274,12,0.0,0.0,0,6
45.98173218834306,31.24813996392212,67.43916856285281,16,0.0,0.0,0,8
58.508817008164286,20.89283774429017,26.250081407751843,4,0.0,0.0,1,3
50.55996252959844,30.211093267394684,86.49508072039839,18,0.0,0.0,-1,6
87.53750506404057,28.371971751167774,34.84663068602613,0,0.0,0.0,0,0
33.64244487890779,33.35348952067102,72.6250988903285,0,6.357555121092211,0.3534895206710189,-1,15
58.728561900793544,25.648918833981853,59.92971893773266,9,0.0,0.0,0,3
41.88057164702132,29.204302383088432,54.75784669517989,14,0.0,0.0,0,9
64.4202484299072,31.631393958589317,71.87404293790571,2,0.0,0.0,-1,1
74.22922322590891,39.391255448940015,67.93847647133589,10,0.0,6.391255448940015,0,0
97.44374795166357,37.38263075567005,51.932879043831846,4,0.0,4.38263075567005,0,0
6.405234329891342,35.596434139876486,42.41122454557139,21,33.59476567010866,2.596434139876486,0,115
27.071869015162775,32.362715622030194,52.214521247103164,17,12.928130984837225,0.0,0,38
11.664231310782078,25.412040799620605,48.14948040588786,22,28.33576868921792,0.0,0,85
43.75227272246073,32.35923221269656,56.3718419946454,8,0.0,0.0,0,8
5.523494428857771,23.3663924277728,68.37061233394283,14,34.476505571142226,0.0,0,103
24.54500154521175,26.762686789650147,58.4342328159209,8,15.45499845478825,0.0,0,46
62.13905534018529,38.670212980619986,53.32765474149334,9,0.0,5.670212980619986,0,2
22.970740456234516,31.22789034704596,38.22859557003753,13,17.029259543765484,0.0,0,51
44.87505844044711,29.362078428910962,55.84382114610961,22,0.0,0.0,0,8
14.243768338926383,30.13426517502481,19.473205134001848,20,25.756231661073617,0.0,1,92
82.31935050932529,27.437032777579635,35.64486561164064,6,0.0,0.0,0,0
28.643357530019998,15.065089601606575,60.912361822043025,7,11.356642469980002,0.0,0,34
34.1759711358594,20.413677108418963,65.93336860227878,11,5.824028864140601,0.0,0,17
56.28448382099135,31.703430097982718,49.628058507760024,18,0.0,0.0,0,4
11.926563148885851,22.476729097049567,53.61782919766552,8,28.07343685111415,0.0,0,84
8.515153010371273,27.35448555628414,56.66470075398276,1,31.48484698962873,0.0,0,94
39.20958187385011,20.635341268276647,62.26584725751374,3,0.7904181261498877,0.0,0,10
39.716347598581756,23.68811435170532,46.37463536204338,9,0.28365240141824444,0.0,0,10
45.545047702428995,27.974430806927344,32.30671146924446,21,0.0,0.0,0,8
72.50110803842401,33.543163819491774,56.96913858188724,16,0.0,0.5431638194917738,0,0
95.5265900351283,34.745964217862095,85.24949414919911,6,0.0,1.7459642178620953,-1,0
71.97435089097563,23.59217659706742,33.39584880901785,14,0.0,0.0,0,0
80.16893099625125,29.84021943153455,47.71556026851568,19,0.0,0.0,0,0
91.74324303063754,19.447427726965337,43.0475641146619,6,0.0,0.0,0,0
71.76062421252826,28.33846359590335,93.43757081958915,18,0.0,0.0,-1,0
81.5290239705327,33.71990752442754,32.70694220388499,15,0.0,0.7199075244275406,0,0
32.71436361725996,27.597715641410673,47.1117562885432,16,7.285636382740037,0.0,0,21
17.29696557550824,35.89412344578293,43.4356483626655,3,22.70303442449176,2.894123445782931,0,78
71.51145321511513,33.02151581516507,27.421759815704885,2,0.0,0.021515815165066954,1,0
70.7272277394723,29.44794729016791,26.444137839511303,10,0.0,0.0,1,0
72.89656262554846,26.501771316106158,60.23090124157501,9,0.0,0.0,0,0
67.44744390045287,24.79402126084662,62.755752305414745,7,0.0,0.0,0,0
93.23666788825328,19.252198799464445,39.928997424594705,22,0.0,0.0,0,0
25.774795900024145,20.22905614116515,75.36193524528754,5,14.225204099975855,0.0,-1,29
44.06722397962686,33.9696079336596,15.0,8,0.0,0.9696079336596028,1,8
70.1315793137992,37.082144837507386,27.34749907960982,1,0.0,4.082144837507386,1,0
73.97700236753316,21.513780069751895,35.15502893637942,0,0.0,0.0,0,0
5.8996153975193755,28.40912154855609,49.838841036386924,7,34.100384602480624,0.0,0,102
72.9073472476654,18.553159496972732,41.88367208799777,17,0.0,0.0,0,0
45.99483248098347,22.139298601744592,46.381152060576945,14,0.0,0.0,0,8
67.70173895666309,29.558976015244244,58.73100414878449,16,0.0,0.0,0,0
50.793754788748934,24.887817788257426,76.22725030434668,18,0.0,0.0,-1,6
69.85564053297207,16.502838847732008,64.44375253325441,13,0.0,0.0,0,0
29.77152840632053,38.313188604437855,51.01076154436942,10,10.228471593679469,5.313188604437855,0,35
46.85913641435885,27.70512017134886,48.55745196137671,8,0.0,0.0,0,7
59.001403617222614,21.373566711260956,69.82540808991253,0,0.0,0.0,0,3
33.86596881037718,28.76820524582788,83.91622682766112,7,6.134031189622817,0.0,-1,12
52.14503315848926,27.514796845373144,61.48927297481844,11,0.0,0.0,0,5
63.956114724550716,30.530953491952182,41.178117647182134,5,0.0,0.0,0,2
20.355367398950502,25.960871204164256,54.66610645622652,3,19.644632601049498,0.0,0,58
31.130034341259304,29.88555091055953,60.44561980864455,14,8.869965658740696,0.0,0,26
64.4550879451086,33.66181584056067,40.00737551980092,11,0.0,0.6618158405606707,0,1
65.12475798871465,20.090895162329236,65.58358110244444,23,0.0,0.0,0,1
11.097266785988104,23.84047567809035,54.752748170477936,19,28.902733214011896,0.0,0,86
43.65960404288686,33.035571771261466,70.96384568851099,18,0.0,0.03557177126146627,-1,8
15.938912757349785,24.69168923040673,32.41864710541238,11,24.061087242650217,0.0,0,72
61.04363212042932,27.50996503075251,18.653402877956555,15,0.0,0.0,1,2
11.825930583785578,25.177645003709895,42.93043050891177,21,28.174069416214422,0.0,0,84
40.42127249695021,25.551849848950315,50.42726401613215,13,0.0,0.0,0,9
25.984927212927143,25.042389814525716,17.583749697337943,6,14.015072787072857,0.0,1,50
23.901891615311232,20.447871781898048,39.047750440750804,16,16.098108384688768,0.0,0,48
47.11346394945598,30.755181718974725,73.10399900353217,2,0.0,0.0,-1,7
46.42505111201616,34.37381914206693,59.59910378396248,12,0.0,1.3738191420669281,0,7
14.574525162540509,26.941056119414974,52.48809764294333,20,25.42547483745949,0.0,0,76
60.27594301717131,33.69677757976086,30.99588014089852,20,0.0,0.6967775797608624,0,3
43.88265169321227,25.05350334872098,72.50507537767506,18,0.0,0.0,-1,8
29.30297031319176,24.69930499980304,42.48777651027134,13,10.69702968680824,0.0,0,32
77.26456119210312,30.464181417699443,51.70989788639648,8,0.0,0.0,0,0
37.797669912271004,30.56424788934632,57.33323415482868,5,2.2023300877289955,0.0,0,10
68.5168817595911,27.32344762411483,53.082522375086576,11,0.0,0.0,0,0
34.645809873416404,32.05952866237096,76.85200660518686,13,5.354190126583596,0.0,-1,11
13.686165249877474,20.278138773709678,60.352048805992595,7,26.313834750122524,0.0,0,78
56.41258346320966,26.176167642940108,56.090161801360175,5,0.0,0.0,0,4
39.58443755288984,33.788906956572966,48.44426764484826,18,0.41556244711016177,0.7889069565729656,0,10
32.265530392469955,33.77275750471701,57.77430913720176,12,7.734469607530045,0.7727575047170134,0,26
25.24132158453545,33.01615413643631,46.22006740916212,11,14.758678415464551,0.016154136436313138,0,50
70.02813431389254,34.124434948842406,53.408822715310954,19,0.0,1.1244349488424064,0,0
30.78948854094819,25.764756684583762,43.84914126317112,23,9.210511459051808,0.0,0,27
57.95540835717424,17.768811500394058,41.01019914775563,17,0.0,0.0,0,4
68.6199137053819,26.447281650640402,33.51093472489802,18,0.0,0.0,0,0
57.5214121254213,31.815974385762892,45.118553985353465,6,0.0,0.0,0,4
96.96250196268385,32.796620434994864,43.93769561699508,20,0.0,0.0,0,0
44.31652075463793,24.842371049375448,82.92876969004101,17,0.0,0.0,-1,8
23.605244792100873,22.19190537944756,67.85789826147634,13,16.394755207899127,0.0,0,49
68.62882405141963,22.78894383089811,47.5875355998283,2,0.0,0.0,0,0
57.653651111864804,24.73798760697036,42.38039250377905,12,0.0,0.0,0,4
18.203549171267362,16.617162868697214,61.07099252623781,15,21.796450828732638,0.0,0,65
52.087714190236554,24.837125156750837,84.96102876454998,4,0.0,0.0,-1,5
50.94144922664362,28.287260323537726,64.3380840244805,7,0.0,0.0,0,6
60.15610125712194,27.41269407299466,19.039033454355536,18,0.0,0.0,1,3
57.42290987737376,26.01837643173936,65.53696157667409,14,0.0,0.0,0,4
24.81211537228309,23.86443988862879,68.72575598286298,5,15.187884627716912,0.0,0,45
27.72045322000409,24.563156999284068,89.58630122911364,20,12.279546779995911,0.0,-1,25
70.39112853485473,24.669251985428783,45.529764749670605,20,0.0,0.0,0,0
13.981005066406018,32.23288098912406,52.49423756532569,3,26.01899493359398,0.0,0,78
97.9928513059473,27.99442638814301,58.104323603396764,1,0.0,0.0,0,0
35.62176621277141,45.0,36.24840130991453,16,4.378233787228588,12.0,0,15
25.011518664649383,26.005978883519013,34.61765032096866,1,14.988481335350617,0.0,0,44
75.21485832062969,30.62723889353333,57.18843825650448,16,0.0,0.0,0,0
67.40158160968144,26.139797295393187,22.22547873519975,12,0.0,0.0,1,0
45.82117431397214,25.993989580751528,26.293578071899017,18,0.0,0.0,1,8
51.08596089344376,37.37422940720788,64.68218952547247,0,0.0,4.374229407207878,0,6
48.70194262726446,33.98529025068993,58.96110537503755,23,0.0,0.9852902506899284,0,7
24.803683406152714,17.471861134449885,72.49534619798602,2,15.196316593847286,0.0,-1,31
90.92847248355362,21.86484406935496,58.33819690833401,11,0.0,0.0,0,0
76.38704844976685,27.182550359261015,50.18760579813285,19,0.0,0.0,0,0
70.10778273758812,24.897323458886092,73.20324595092356,3,0.0,0.0,-1,0
76.79407045199396,18.950037307226452,42.38833130872194,17,0.0,0.0,0,0
41.029057962238205,28.694829905873867,43.99991309753737,16,0.0,0.0,0,9
9.610593325171859,16.731249173241967,48.83867209498468,21,30.38940667482814,0.0,0,91
15.285839938445653,28.76051656830401,58.108377924803364,13,24.714160061554345,0.0,0,74
53.18318176145082,32.379859980114816,48.80079782048037,7,0.0,0.0,0,5
15.623599856217588,33.23641531576623,23.269141429138372,19,24.376400143782412,0.2364153157662301,1,100
62.825452103248715,27.134115583266873,45.20134341963207,3,0.0,0.0,0,2
21.570666604003137,37.064894515982544,49.43197300685249,19,18.429333395996863,4.0648945159825445,0,63
52.905191743084586,29.989756278662302,52.066767235972485,3,0.0,0.0,0,5
42.9274324567205,33.07495176996061,41.910792360251946,17,0.0,0.07495176996061303,0,9
28.667467391661738,23.58241761921511,59.101088117993754,0,11.332532608338262,0.0,0,33
58.388669070441935,37.1298087810177,21.01053613001342,9,0.0,4.129808781017701,1,3
82.45650912127779,27.98225392893222,57.48367201261392,21,0.0,0.0,0,0
89.38074687519824,37.460626461026365,82.27147705921462,11,0.0,4.460626461026365,-1,0
26.494661237222022,36.14891972371619,39.077455415328366,0,13.505338762777978,3.1489197237161903,0,46
50.032791193492855,29.54582805102951,51.036986858552865,21,0.0,0.0,0,6
48.98660070805935,30.434121586607755,45.55354548439993,14,0.0,0.0,0,7
75.98436615669296,26.92038242242493,45.856933513723305,10,0.0,0.0,0,0
21.389020846662422,23.084902793367558,31.487561359433478,21,18.610979153337578,0.0,0,55
69.29922576693028,31.571189128332946,85.84805414701373,14,0.0,0.0,-1,0
30.851906884737407,31.2642527213662,56.944134757915734,14,9.148093115262593,0.0,0,27
52.88968360662907,18.287964659981842,37.925661521717714,16,0.0,0.0,0,5
55.68503413100171,27.503325408642574,35.876363119177455,4,0.0,0.0,0,4
39.66251104613377,33.208086168451665,51.10702191044183,2,0.33748895386622735,0.20808616845166483,0,10
43.314494658788846,36.79442256620471,15.0,14,0.0,3.794422566204709,1,8
30.132002950812105,32.351899037106755,68.95079632790352,18,9.867997049187895,0.0,0,29
70.66692229316749,18.896399617781796,40.75068930743491,23,0.0,0.0,0,0
21.542370113593446,21.673333135896442,56.99828322370106,0,18.457629886406554,0.0,0,55
10.192731415375661,25.92401743059957,57.84075943683976,1,29.80726858462434,0.0,0,89
72.91447527067608,36.392871606100975,67.37538560077991,23,0.0,3.392871606100975,0,0
64.10989890764678,24.357542118870594,58.867259831512435,4,0.0,0.0,0,1
32.29416104023742,34.351599512358746,63.37715165589951,13,7.7058389597625805,1.3515995123587459,0,26
46.2180963657158,24.26120441436592,68.3431786834555,11,0.0,0.0,0,7
52.960082414039746,31.19570694581103,44.05556322771568,4,0.0,0.0,0,5
35.91081972332707,22.359829089082012,88.72497097933552,18,4.089180276672927,0.0,-1,10
63.66244206160031,26.83711964781507,56.35172951111918,18,0.0,0.0,0,2
37.55421333043018,21.210330872047006,49.49631704476492,6,2.44578666956982,0.0,0,10
28.785270675997076,36.65859714568874,34.8601198721692,20,11.214729324002924,3.658597145688738,0,38
50.40620887109849,23.83088603846715,46.27311934736889,14,0.0,0.0,0,6
31.066812715455853,18.717121201435667,57.233408925290576,4,8.933187284544147,0.0,0,26
2.183164549640086,18.242098173001132,51.71498608210519,6,37.81683545035992,0.0,0,113
62.87661151422448,27.487403150005054,82.8940600113533,0,0.0,0.0,-1,2
67.14799259225708,25.251591111333887,42.98026744392231,13,0.0,0.0,0,0
60.32017622331627,31.89234224299154,62.22757368446874,12,0.0,0.0,0,3
29.74689017652789,26.589301442124764,29.74013038400482,4,10.253109823472109,0.0,1,36
44.659567516344914,34.995797265811404,89.29774851923369,15,0.0,1.9957972658114045,-1,8
18.326143838253163,25.6875028711244,28.514528477242973,7,21.673856161746837,0.0,1,78
39.95522179939937,34.15889174622879,87.33711975136254,4,0.04477820060063209,1.1588917462287895,-1,10
38.2042038195117,22.284657946321545,47.554891637245234,4,1.7957961804883027,0.0,0,10
68.99262577196481,18.98000052285395,15.0,13,0.0,0.0,1,0
5.853915960047564,23.05996964048715,74.3366799679488,22,34.146084039952434,0.0,-1,71
79.09343171023447,21.227543414365826,51.481847159295974,12,0.0,0.0,0,0
55.110675203770946,20.556213470015287,41.83806676585644,14,0.0,0.0,0,4
41.734902177780775,30.4819130720593,61.55026896252859,20,0.0,0.0,0,9
67.48434944497048,26.414100387590047,61.959347683490115,15,0.0,0.0,0,0
68.34522507327537,28.850652555666578,57.46250110042492,19,0.0,0.0,0,0
39.08079075248444,31.165296404300214,70.43069454570296,12,0.9192092475155604,0.0,-1,10
74.95852737477722,17.885819704826346,54.54588929285423,3,0.0,0.0,0,0
47.71796108483713,31.41958280457256,61.69503698276611,15,0.0,0.0,0,7
46.60668358890765,20.76877098070547,40.608241492748824,16,0.0,0.0,0,7
89.1249269508322,24.539079949255694,63.780151337164114,10,0.0,0.0,0,0
84.3455981182408,16.647246466974412,40.68676491300678,12,0.0,0.0,0,0
88.29903585284697,31.927480600348332,29.758262651072112,2,0.0,0.0,1,0
24.83395821811966,17.8656221962867,46.28727904434138,11,15.166041781880342,0.0,0,45
69.23701542482883,20.799347004288173,45.0359502024658,22,0.0,0.0,0,0
63.76432843079748,21.234512784017063,66.69950793085495,3,0.0,0.0,0,2
43.56789033740921,27.227439980620815,23.842387557425692,15,0.0,0.0,1,8
33.901579241379615,27.04438458165591,69.68539909542886,17,6.098420758620385,0.0,0,18
18.243989630792033,32.87138830888054,38.786456251173675,17,21.756010369207967,0.0,0,65
53.7068834815133,27.37258305713637,15.0,20,0.0,0.0,1,5
60.59716883610289,33.7946224078181,28.26699181304381,4,0.0,0.7946224078181032,1,3
50.933661763050466,30.275946399221436,44.464367569810875,4,0.0,0.0,0,6
47.41347375743781,22.327124158676707,57.99606604690861,8,0.0,0.0,0,7
36.37335542861457,23.996833169813836,47.600609135080255,0,3.6266445713854267,0.0,0,10
31.67270371057405,37.063500310234375,28.22830469191432,0,8.327296289425949,4.0635003102343745,1,34
34.25482794403854,35.36458411251012,35.98637633165247,14,5.745172055961461,2.364584112510123,0,19
39.9955636227198,32.94447172728994,28.528519040499326,7,0.004436377280200077,0.0,1,10
53.14710328495422,33.732935246486214,54.657612979473406,23,0.0,0.732935246486214,0,5
74.23490024255895,30.79075306228806,48.36931715011484,20,0.0,0.0,0,0
40.42729654147886,30.01064004642452,61.04789506328685,16,0.0,0.0,0,9
73.468204260074,28.298289204405982,18.13643141735938,19,0.0,0.0,1,0
84.94521554572422,38.19309539871313,40.38830432587431,6,0.0,5.193095398713133,0,0
27.711976542998812,25.21204930161749,86.5183651785762,16,12.288023457001188,0.0,-1,25
18.71025384528083,29.441800152163623,61.53861839163599,20,21.28974615471917,0.0,0,63
52.834006917789154,17.750377435848165,44.67006892497541,3,0.0,0.0,0,5
38.1811204894839,19.415697161201088,32.22762620889041,12,1.8188795105160978,0.0,0,10
70.2826101713918,38.89097341180541,69.93945689477152,23,0.0,5.890973411805412,0,0
66.5273766950042,31.700681584708548,77.58808022961134,12,0.0,0.0,-1,1
69.15153757956696,26.72380893705007,29.32398078550951,19,0.0,0.0,1,0
56.677538127773154,28.469947522912204,31.026762082979246,1,0.0,0.0,0,4
65.7321287881419,19.85126721985671,55.018416707721194,8,0.0,0.0,0,1
21.28111488475715,25.431280020074716,56.70110315578209,1,18.71888511524285,0.0,0,56
49.82192636743305,19.251179326563573,58.690012685104676,17,0.0,0.0,0,6
50.75949216606045,26.228167325347297,83.18065718880342,13,0.0,0.0,-1,6
48.92898841256206,32.08192312620306,32.513218143884316,4,0.0,0.0,0,7
14.696473494917372,30.719806198527436,50.717449974022145,19,25.30352650508263,0.0,0,75
37.759352487994015,37.53471652126248,62.981491423946025,12,2.240647512005985,4.534716521262482,0,10
47.902824532589975,29.768400315749744,62.78755080219324,18,0.0,0.0,0,7
43.307575561300396,13.129105430367066,38.33933176908799,17,0.0,0.0,0,8
33.25188088973459,39.70400210904008,39.050164753949765,22,6.748119110265407,6.704002109040083,0,23
38.70126644524014,22.95583982050347,41.73400184371685,5,1.2987335547598633,0.0,0,10
27.042174410739822,28.972619619656808,80.66223044527266,12,12.957825589260178,0.0,-1,27
55.7319368022623,28.610969279510734,32.387519288023356,3,0.0,0.0,0,4
64.0251928029814,29.445392296945432,44.162426143815594,14,0.0,0.0,0,1
61.31668216747094,28.288352841678726,63.95813583005629,8,0.0,0.0,0,2
12.414440953396056,28.394057918623524,30.401376535553354,15,27.585559046603944,0.0,0,82
85.16949982475526,20.070176911863733,54.64432673780882,1,0.0,0.0,0,0
84.75649553871602,43.52189651112615,15.808433849035382,9,0.0,10.521896511126151,1,0
66.37396822734497,31.90861783821029,53.466823907529,11,0.0,0.0,0,1
59.27310726921521,28.311284375770192,50.94274527787775,0,0.0,0.0,0,3
70.87267587010572,39.05120145880281,52.94497327953948,3,0.0,6.051201458802808,0,0
24.399469309375903,21.56845238266487,34.35921566428921,20,15.600530690624097,0.0,0,46
73.70629698419616,33.210337819865146,54.09903797320221,11,0.0,0.21033781986514555,0,0
66.74061877835598,24.66900440382693,49.29712966717535,1,0.0,0.0,0,1
70.56600709896378,30.41399711394099,73.38416828931094,3,0.0,0.0,-1,0
38.378294685903356,30.54671559871634,61.48114106775955,23,1.6217053140966442,0.0,0,10
65.130092656142,13.981109347456993,23.918316393501964,4,0.0,0.0,1,1
19.123235532820964,19.41001425943214,35.01346838488719,20,20.876764467179036,0.0,0,62
76.41475542346832,37.518635240477835,38.90557129058458,5,0.0,4.518635240477835,0,0
8.33197088753456,26.487008157814294,53.246943838826084,2,31.66802911246544,0.0,0,95
55.28664114522388,40.00948107641645,46.95588941900402,20,0.0,7.009481076416449,0,4
82.9774467500591,35.860752656014526,46.88140399513075,2,0.0,2.860752656014526,0,0
28.09677287950903,26.678351247280712,95.0,19,11.903227120490971,0.0,-1,24
82.28622809464336,26.148914000447906,40.76786219295175,17,0.0,0.0,0,0
54.37507439509805,37.890498496307096,75.0355875044686,23,0.0,4.890498496307096,-1,5
60.210769665993205,40.61811960544705,47.347499674852415,13,0.0,7.618119605447049,0,3
79.16744129647515,26.280390671756088,15.0,22,0.0,0.0,1,0
11.529337356124989,37.228989746945274,53.44385773261388,15,28.47066264387501,4.228989746945274,0,98
57.97522357030456,34.1801113851151,70.14615444529223,0,0.0,1.1801113851150973,-1,4
38.97763077143314,35.21528378891899,61.40204789616175,6,1.022369228566859,2.2152837889189883,0,10
67.47423991630714,28.606875565675406,54.610706972377216,0,0.0,0.0,0,0
11.566095732028666,23.965492410574207,50.42706616695949,21,28.433904267971336,0.0,0,85
41.87769486246258,21.673752462092143,41.09614684926578,9,0.0,0.0,0,9
49.02093068582351,20.174401663881046,66.13223943816804,13,0.0,0.0,0,6
24.353015794473393,39.46533328330865,42.184339574837054,19,15.646984205526607,6.465333283308652,0,53
48.88329217669366,28.065668642601732,38.473927460729854,13,0.0,0.0,0,7
45.94118499845462,21.131346340035336,57.39137639768387,22,0.0,0.0,0,8
57.42069659911382,34.01456455634197,44.598660432079534,23,0.0,1.0145645563419734,0,4
70.39653739898516,25.126766789209384,73.05556288884047,4,0.0,0.0,-1,0
58.87150504500443,24.094146965808413,58.41104512763489,18,0.0,0.0,0,3
76.37610203171413,40.40806021953317,35.99654343210143,4,0.0,7.408060219533169,0,0
68.98561067740506,20.01578277347945,29.39490969505698,16,0.0,0.0,1,0
58.357583103525975,29.410284297818002,39.67534632234603,12,0.0,0.0,0,3
56.43405733778207,24.454479546858355,92.0832173618029,20,0.0,0.0,-1,4
57.392340397460515,23.496974230033477,45.723690963911146,4,0.0,0.0,0,4
35.84076143669874,19.216871051284386,63.64901019362641,23,4.159238563301258,0.0,0,12
10.190561191068126,28.357501196548192,26.498359603302752,12,29.809438808931873,0.0,1,107
67.64355522288167,22.756594016083007,30.50453672467292,19,0.0,0.0,0,0
72.01350723987534,31.54826745474006,46.60822994092818,19,0.0,0.0,0,0
73.2787647914136,27.71795858395875,80.619766504994,19,0.0,0.0,-1,0
1.1680304082745543,26.124247950340337,26.766779444316892,5,38.831969591725446,0.0,1,120
29.46529881273306,22.788733055877636,38.66477859025193,4,10.53470118726694,0.0,0,31
45.21532582634043,36.584235771064535,66.23049532250695,2,0.0,3.5842357710645345,0,8
44.944977104924156,32.414082422247496,78.66659517143755,20,0.0,0.0,-1,8
77.49530550843966,23.911944677004517,57.873259412703256,14,0.0,0.0,0,0
38.80838272760376,19.844769729767904,62.16563164869298,21,1.1916172723962433,0.0,0,10
26.313296660353565,16.672064887439085,33.85540090608382,8,13.686703339646435,0.0,0,41
77.62070838039622,34.82412036285812,26.187430888462046,14,0.0,1.8241203628581175,1,0
81.97065863135848,33.455037610185656,29.375172638141763,1,0.0,0.4550376101856557,1,0
42.94551584784605,34.27942177720846,34.27954887883884,15,0.0,1.2794217772084622,0,9
77.17980717674313,27.27827050956438,54.06084210019653,21,0.0,0.0,0,0
71.18869793134543,32.836072156295955,28.046512113731506,14,0.0,0.0,1,0
11.980380446041147,34.163164379384995,54.507222829126775,20,28.019619553958854,1.1631643793849946,0,96
34.1156274402724,27.581227664361077,44.32664112564026,13,5.884372559727602,0.0,0,17
72.74390482340138,25.851111306438327,39.87467612595245,10,0.0,0.0,0,0
75.16114916171402,22.142297923771032,65.93067862859962,4,0.0,0.0,0,0
49.597312316004476,30.55689329517708,32.73745094939641,5,0.0,0.0,0,6
32.69104534135279,31.355283002278917,75.84267997509174,15,7.30895465864721,0.0,-1,15
28.818506576331554,25.560791541046516,64.95517547220479,9,11.181493423668446,0.0,0,33
71.6339534668361,26.267550192624974,32.17816956335581,9,0.0,0.0,0,0
41.973012981665484,26.696230006881343,71.64025196910816,13,0.0,0.0,-1,9
76.68815149690312,32.74744639519178,30.051729595363696,12,0.0,0.0,0,0
75.0096541137433,19.754045934678857,73.27543606267216,19,0.0,0.0,-1,0
75.49683064914453,21.368479106126934,55.99280821333316,21,0.0,0.0,0,0
56.41408464732368,21.485528313229224,21.57578709926048,3,0.0,0.0,1,4
58.89230995307033,27.108808512012327,26.683190072066527,2,0.0,0.0,1,3
78.95645843748844,29.89166320699343,42.71045635676398,19,0.0,0.0,0,0
36.68192486002939,21.586745534197227,65.62032086350051,22,3.3180751399706097,0.0,0,10
92.1661246905096,33.45403524243535,46.9275838154383,12,0.0,0.45403524243535287,0,0
87.91900583336847,36.7758967130164,46.478829390729516,13,0.0,3.775896713016401,0,0
3.988649235765733,30.48278571818369,50.72304899602175,17,36.011350764234265,0.0,0,108
25.214643415650627,34.736740631714156,15.0,22,14.785356584349373,1.7367406317141558,1,61
52.266829908405846,22.50896767448681,64.83605510785873,8,0.0,0.0,0,5
76.7624782199594,22.651841717862688,74.11384762034696,4,0.0,0.0,-1,0
23.58346611563907,31.087743865586432,64.20850249631575,19,16.41653388436093,0.0,0,49
70.60012003582102,27.7695837061785,42.3772466324726,1,0.0,0.0,0,0
34.27950585161676,22.64067905925917,34.06925397846487,2,5.7204941483832386,0.0,0,17
56.61964700988729,36.55028558005468,30.525133724295898,14,0.0,3.550285580054677,0,4
50.59930436217186,29.79274141341866,29.603463939322012,7,0.0,0.0,1,6
31.154740680289272,32.213049836120476,90.7621316730305,12,8.845259319710728,0.0,-1,18
57.873376837602784,23.954491219247274,48.58118678249468,11,0.0,0.0,0,4
40.80927692016485,38.079450737452184,66.2843475567152,17,0.0,5.079450737452184,0,9
25.007596605658733,27.06442590735093,65.2934834332761,4,14.992403394341267,0.0,0,44
7.3295706859953,34.11434060794087,52.5669881199169,14,32.6704293140047,1.1143406079408678,0,112
62.898316545750134,24.503033157221438,33.23020827461711,17,0.0,0.0,0,2
51.16929396621258,29.01188713656694,59.33648546854002,12,0.0,0.0,0,6
56.361603613385704,31.34701618131032,30.514572834246565,7,0.0,0.0,0,4
22.19755477924452,39.97244268140328,60.84148968820869,21,17.80244522075548,6.97244268140328,0,61
49.56301875498364,25.361637400836592,31.336229176577937,3,0.0,0.0,0,6
51.65225558271953,29.215375865990232,42.14911857030098,7,0.0,0.0,0,6
35.71022519513981,31.551131563705543,42.118986876435564,13,4.289774804860187,0.0,0,12
84.37105091632189,19.510959708751162,75.18113009834545,6,0.0,0.0,-1,0
59.99512404160835,14.953960937069883,15.0,15,0.0,0.0,1,3
46.07236362088539,22.0249760473726,91.95414639628633,19,0.0,0.0,-1,7
57.54262149790318,33.803079348436675,35.49370653882742,12,0.0,0.8030793484366754,0,4
80.40395326108792,38.29844144632062,47.77948715252802,8,0.0,5.2984414463206235,0,0
78.9995253886308,22.462087088877063,57.43952497169777,14,0.0,0.0,0,0
75.25153277030081,20.69965297431478,55.89707880059813,13,0.0,0.0,0,0
20.548210854681308,37.20847585163861,65.18533892580037,19,19.451789145318692,4.20847585163861,0,67
23.82613423232978,24.607439686914006,60.986710718791926,14,16.17386576767022,0.0,0,48
19.748023052142557,25.769255536025824,86.6659114439926,0,20.251976947857443,0.0,-1,42
59.66188207209425,36.754803956296726,63.16872223868059,7,0.0,3.754803956296726,0,3
72.99742650777358,35.76820461898143,47.887489288105996,8,0.0,2.7682046189814287,0,0
43.08738036632926,33.604393080164414,40.04575996894075,8,0.0,0.6043930801644137,0,8
37.71726346736474,17.731173271781785,39.58063511669991,20,2.282736532635262,0.0,0,10
40.46199104465032,20.449268577646354,73.2783878290549,0,0.0,0.0,-1,9
22.247746286180323,34.72304852811533,81.59363609123209,17,17.752253713819677,1.7230485281153278,-1,42
88.89532990040453,29.907341136754294,68.07381854545994,6,0.0,0.0,0,0
41.30259606982188,23.333591659194727,15.0,13,0.0,0.0,1,9
75.3223995293561,25.932646655025998,15.0,7,0.0,0.0,1,0
89.75566919718425,34.665912592592825,49.86388274710313,1,0.0,1.665912592592825,0,0
83.49933494871314,37.1656612827379,46.99953892971827,0,0.0,4.165661282737901,0,0
24.600366704215492,27.96416027583607,50.358355515691905,9,15.399633295784508,0.0,0,46
46.18795952811172,23.878491962179673,72.5313649484911,19,0.0,0.0,-1,7
56.28751739489759,26.347041672118365,71.63401959058007,8,0.0,0.0,-1,4
76.89100493686627,36.05839343390985,53.14844021380458,21,0.0,3.058393433909849,0,0
51.55384180519352,35.941200234416385,22.570148269205955,21,0.0,2.9412002344163852,1,6
36.0739943408546,29.16552838240189,27.8743234672148,4,3.926005659145403,0.0,1,14
43.08632733989823,24.823062696809654,51.21372107344557,20,0.0,0.0,0,8
3.52685414933491,34.49658906490276,57.50280573861211,14,36.47314585066509,1.4965890649027571,0,120
59.34547367928595,37.73766726204671,28.08844425317458,13,0.0,4.737667262046713,1,3
68.4650120775403,19.278958089112923,61.88939089930109,10,0.0,0.0,0,0
47.16472521967564,26.605409916976186,18.457224887240496,22,0.0,0.0,1,7
72.39786378554301,34.935754027715255,15.0,3,0.0,1.9357540277152552,1,0
36.15066832779125,28.442033892442645,34.24770698671438,0,3.8493316722087485,0.0,0,11
73.33229145944757,25.068481768553838,74.71514157090903,0,0.0,0.0,-1,0
47.27720396001747,29.111128656071795,77.4011326076052,21,0.0,0.0,-1,7
35.08147253140859,30.22422581181623,21.29109128612717,15,4.918527468591407,0.0,1,17
33.15561644802154,21.238975906040576,22.667226449836424,12,6.84438355197846,0.0,1,24
69.33357588801057,28.54477061315804,63.69683111625219,1,0.0,0.0,0,0
52.90241375669291,30.204001098171695,42.067581204753346,3,0.0,0.0,0,5
46.559918663403934,25.05492844667916,74.59473674915124,21,0.0,0.0,-1,7
61.409924936468705,23.32307086431407,63.40390225836714,20,0.0,0.0,0,2
42.21798589053687,24.772674460453764,66.49508294767307,18,0.0,0.0,0,9
51.54636014579559,22.17452431757455,35.20615559160419,21,0.0,0.0,0,6
80.19470364141638,33.10372330895998,57.988606509168434,17,0.0,0.10372330895997806,0,0
24.854690979173235,22.098159309804096,86.29490586922324,18,15.145309020826765,0.0,-1,31
28.38941590800647,29.134259797216874,52.56047045504509,20,11.61058409199353,0.0,0,34
80.25278495408898,25.75480619492388,49.18996602579309,10,0.0,0.0,0,0
72.06843042993808,23.76289387563111,42.15752350210276,2,0.0,0.0,0,0
39.96069299119042,36.2279657482529,21.165150139636417,2,0.03930700880957971,3.227965748252899,1,10
35.63139036081655,27.215299128245025,30.21897560988388,15,4.368609639183447,0.0,0,13
33.3335874635116,23.98360343940039,33.94719120226887,4,6.6664125364884015,0.0,0,19
73.21230096079026,23.409287803051562,20.402590369007452,4,0.0,0.0,1,0
39.290733653571195,30.034388372514982,22.217320036598032,21,0.7092663464288052,0.0,1,10
32.20786458588286,32.95952716324945,15.0,12,7.792135414117141,0.0,1,28
75.33817775795903,35.62452897905702,35.91480474939304,11,0.0,2.6245289790570183,0,0
19.753399406254072,26.994062454886997,62.15446207088245,8,20.246600593745928,0.0,0,60
47.78000735695165,26.633613827760982,44.30265985849143,6,0.0,0.0,0,7
80.21840056641632,28.78572612623947,44.384253601932976,2,0.0,0.0,0,0
64.69365427405604,29.002747987588457,63.802007635192666,22,0.0,0.0,0,1
97.39783362134355,23.36765991193676,80.40137296977116,17,0.0,0.0,-1,0
45.59992542657642,36.774471879616485,90.91994443075205,20,0.0,3.7744718796164847,-1,8
48.76266840651076,28.133330541032546,52.60119442479422,7,0.0,0.0,0,7
42.588568511482414,31.208440053295302,44.92757796541416,2,0.0,0.0,0,9
58.71044235912498,30.546727386533,42.56457780931432,2,0.0,0.0,0,3
55.39323429210468,30.423597872364994,60.64162592341856,23,0.0,0.0,0,4
60.372386409718935,21.97541940665161,47.18649314102812,21,0.0,0.0,0,3
32.711555923239935,27.961597104568764,47.250872931365734,22,7.288444076760065,0.0,0,21
62.85382223573733,41.68446574256284,48.44354935595989,3,0.0,8.684465742562843,0,2
74.40906447412503,37.52301230772194,33.04154217605343,10,0.0,4.523012307721942,0,0
53.869232115366515,28.9420459640161,15.0,4,0.0,0.0,1,5
33.64123953421364,25.798813293909436,37.95374214952628,14,6.358760465786361,0.0,0,19
84.7664639988591,14.693322455259853,76.2346276024029,0,0.0,0.0,-1,0
75.51066612373083,25.01598291867244,75.38856988749956,9,0.0,0.0,-1,0
68.88816559711753,27.529485354565473,66.91608615882225,12,0.0,0.0,0,0
19.76020473150851,26.09610123864314,41.11288558606629,6,20.23979526849149,0.0,0,60
55.50410667233331,26.513905475734894,35.77075521124053,19,0.0,0.0,0,4
68.91678512391303,31.734588099146873,79.24273618540751,1,0.0,0.0,-1,0
36.16614103494615,21.99786565365647,30.503662342078833,20,3.8338589650538495,0.0,0,11
32.998383863740465,29.63591029677393,50.709162622585154,0,7.0016161362595355,0.0,0,21
68.73205540537181,27.33844681319755,80.41088427742064,17,0.0,0.0,-1,0
57.04771977683312,22.706178912958215,52.23103539059995,15,0.0,0.0,0,4
39.96801610474457,38.04462863924601,44.717395305349584,11,0.03198389525542922,5.044628639246007,0,10
44.15616781000343,32.48685931185503,70.87709869207495,1,0.0,0.0,-1,8
16.066481464218292,23.28160125889194,51.2962166736642,21,23.933518535781708,0.0,0,71
62.691723454789894,31.103506507361228,53.53107843435032,21,0.0,0.0,0,2
93.75077191387037,19.663226613030385,77.26483112307953,18,0.0,0.0,-1,0
58.83266510053996,24.019124935401667,15.0,22,0.0,0.0,1,3
63.34190600415679,35.9654187652461,56.459120487560405,21,0.0,2.965418765246099,0,2
46.41642691801491,30.109089251607575,36.20623723348435,19,0.0,0.0,0,7
32.7111215153949,29.627183897975364,46.269980311921344,5,7.2888784846051,0.0,0,21
44.644605048627604,33.92180848436282,52.033215297565015,19,0.0,0.9218084843628205,0,8
45.36324081364678,31.667668659458293,37.841528933873924,14,0.0,0.0,0,8
77.14752355329821,26.403690684544436,54.11339916562325,1,0.0,0.0,0,0
33.577896193505744,33.61842786668414,56.93656467884117,0,6.422103806494256,0.6184278666841365,0,22
71.42518770334931,17.86626657196929,53.6622007441472,6,0.0,0.0,0,0
36.07813198006527,23.99515197479976,52.00545928157094,12,3.9218680199347276,0.0,0,11
66.26769324169773,27.418294222561922,47.88318763263937,23,0.0,0.0,0,1
19.695881532379428,31.286374043583784,48.237207639792324,21,20.304118467620572,0.0,0,60
63.81562190199903,26.050004516279156,51.429067846431764,23,0.0,0.0,0,2
40.87813795323312,17.295636096241395,33.03651648823583,17,0.0,0.0,0,9
15.088248575091075,16.453130182408824,72.86210012669106,3,24.911751424908925,0.0,-1,52
30.976567796308903,27.59144370460721,48.35996394208015,18,9.023432203691097,0.0,0,27
57.05035835009975,25.133346712055676,42.73922875295688,9,0.0,0.0,0,4
60.09299945714276,22.540136800407126,57.1251902487667,7,0.0,0.0,0,3
13.751697247143921,21.53637227269953,47.935583598259186,12,26.248302752856077,0.0,0,78
61.25155834180763,28.8026562877145,72.36723522536334,9,0.0,0.0,-1,2
43.46629646124315,35.813567647416704,66.10429702311193,15,0.0,2.813567647416704,0,8
32.283564168672015,28.803162969223457,51.67292168172079,23,7.716435831327985,0.0,0,23
32.34337684682528,35.89361550869397,66.90047093700687,7,7.656623153174721,2.893615508693969,0,26
61.64315354634745,25.756049969842337,54.23483092303707,6,0.0,0.0,0,2
44.4709227704237,30.66065383532605,29.22598417722044,23,0.0,0.0,1,8
29.789180701048846,36.1122354890322,66.01761738762934,2,10.210819298951154,3.1122354890322015,0,35
39.958666939365564,27.052752556047288,15.791974464947216,20,0.04133306063443598,0.0,1,10
37.45075638180591,28.15583382514591,15.0,9,2.5492436181940903,0.0,1,10
39.8524138040859,25.753097573721817,62.5639285241501,23,0.14758619591410138,0.0,0,10
17.315583541031828,31.55503743523541,57.984122522018836,18,22.684416458968172,0.0,0,68
12.235790368995596,33.41363260674917,56.78154478884809,3,27.764209631004405,0.413632606749168,0,95
34.02484010966263,30.107680776444166,75.01202151213805,12,5.975159890337373,0.0,-1,12
69.69606321219766,26.623348170312678,49.555110684726756,6,0.0,0.0,0,0
50.23796670860702,19.001658616047315,43.191495372592755,1,0.0,0.0,0,6
58.07726820436272,27.709421246793504,64.33951698152939,14,0.0,0.0,0,3
45.21570540713154,26.84827732554747,37.15171351214728,15,0.0,0.0,0,8
55.9850640825052,29.415976563316537,45.71403429640492,19,0.0,0.0,0,4
33.393778087143666,28.7007533989531,54.54631332394542,17,6.606221912856334,0.0,0,19
34.433246448461055,37.434448904069804,55.98574841486004,14,5.566753551538945,4.434448904069804,0,19
48.792625087107346,23.821540667918548,44.005553181573106,14,0.0,0.0,0,7
90.34877177110798,18.548421685562463,41.17137251959976,14,0.0,0.0,0,0
25.390648295393476,21.14478758872998,29.841460450125375,4,14.609351704606524,0.0,1,52
34.40235989336194,24.19826208116486,35.83085145608551,15,5.59764010663806,0.0,0,16
41.360484939596745,34.49204302950195,82.74359270150106,4,0.0,1.49204302950195,-1,9
88.56992226592051,20.216544518665046,45.21961795341717,13,0.0,0.0,0,0
50.027290001787875,21.017186827854836,53.40652668249961,9,0.0,0.0,0,6
47.7949421530184,30.4834372685688,23.15699594619378,20,0.0,0.0,1,7
40.43754920883517,33.09583655314561,95.0,8,0.0,0.09583655314560957,-1,9
1.9783178448875056,18.704567563931285,34.493630196446176,0,38.021682155112494,0.0,0,114
72.08646547767354,17.36767163233191,28.848662350398943,2,0.0,0.0,1,0
18.713110180318715,23.280780402992892,48.89871365738227,4,21.286889819681285,0.0,0,63
48.57450007150398,31.94417279682208,33.93537405035788,20,0.0,0.0,0,7
19.387815895176395,28.85936027744932,56.56966340139515,18,20.612184104823605,0.0,0,61
70.3836384307063,23.500156794325395,22.790416469643255,22,0.0,0.0,1,0
60.83095691594336,32.43658214922139,70.46688437386977,17,0.0,0.0,-1,3
13.3819122119031,28.74583194239333,66.91746594807373,3,26.6180877880969,0.0,0,79
31.21208214072825,27.354426790264597,47.863747912819,1,8.78791785927175,0.0,0,26
53.54883000056242,18.31390643382194,20.20064490851885,13,0.0,0.0,1,5
3.9877169151051954,23.376888780581872,35.37944124526031,12,36.012283084894804,0.0,0,108
6.084362483128286,39.74156536208185,51.12546090960631,10,33.91563751687171,6.74156536208185,0,117
43.43690687112537,25.98224124666514,28.210800599472314,14,0.0,0.0,1,8
63.56219513412148,22.259238307879148,31.139183846609583,9,0.0,0.0,0,2
50.51861429530925,25.70649178181444,68.8873837379788,5,0.0,0.0,0,6
75.91939736256612,28.71450747847111,52.788506607953884,13,0.0,0.0,0,0
48.24936056920623,33.300063352020466,52.21995325647441,9,0.0,0.30006335202046586,0,7
44.57930078172828,31.726510240532917,59.49426966652041,10,0.0,0.0,0,8
71.71180935545426,23.940423950682913,47.0511886326038,19,0.0,0.0,0,0
20.347143980246,35.62946100240158,48.92889551118754,10,19.652856019754,2.6294610024015768,0,67
64.17606615886925,32.888130164500666,58.20774070091307,22,0.0,0.0,0,1
67.54989463942401,25.32919853934144,64.56169549099083,3,0.0,0.0,0,0
45.93516254702883,27.230810470165228,58.96585453981267,15,0.0,0.0,0,8
13.145217684046596,31.60401449897314,76.28698611572042,17,26.854782315953404,0.0,-1,56
3.012212241950121,34.448220949883215,50.443346598770475,2,36.987787758049876,1.4482209498832148,0,120
30.462922074778636,18.88799298940148,25.750911328429446,13,9.537077925221364,0.0,1,34
37.68567108942605,28.422699468591404,69.58887011513067,17,2.3143289105739484,0.0,0,10
46.40235157516718,27.813252169088532,45.58844855405232,1,0.0,0.0,0,7
42.88245903909393,24.57619624222565,36.16357953693621,19,0.0,0.0,0,9
31.28595322368352,24.545192883504665,62.82228962127692,9,8.71404677631648,0.0,0,26
29.29870806339115,34.32625845946117,56.67389054229139,15,10.70129193660885,1.3262584594611724,0,36
20.493409465960816,31.208068681392632,26.982539504236282,5,19.506590534039184,0.0,1,70
15.675517815167897,40.63980750100208,62.07134511228433,3,24.324482184832103,7.639807501002082,0,83
55.37587736124701,24.581243142550004,83.73770371993837,9,0.0,0.0,-1,4
74.06452596124844,28.822806845329012,55.82512353236959,3,0.0,0.0,0,0
24.70318250784548,29.85820150825586,45.38869271473304,2,15.29681749215452,0.0,0,45
66.65115478590899,33.37650443217764,19.953400708046495,13,0.0,0.37650443217764007,1,1
36.19209583048889,36.1504764656937,86.92192911333446,14,3.8079041695111115,3.1504764656937,-1,10
75.04445106355423,28.561669611261575,40.69471617785965,22,0.0,0.0,0,0
68.35986829301496,21.431347411374716,24.65620707517938,13,0.0,0.0,1,0
54.62709607784835,23.734730459600193,51.99520851168311,13,0.0,0.0,0,5
18.569436705756935,28.85636570368161,68.14848142893825,14,21.430563294243065,0.0,0,64
18.47324079285431,34.736570883330764,72.24646594316208,23,21.52675920714569,1.7365708833307636,-1,51
43.75584986163027,19.32156419420049,37.90004694497446,8,0.0,0.0,0,8
22.46360616063207,20.979983130462724,48.22653678280994,16,17.53639383936793,0.0,0,52
71.05223351319485,32.54292093208481,50.00743033140363,17,0.0,0.0,0,0
37.54967571514804,20.238236881415084,67.57804356816165,4,2.450324284851959,0.0,0,10
59.761890447805314,21.249862944180926,60.67101433694887,20,0.0,0.0,0,3
56.63621260908126,34.819224718606606,54.871243476698524,10,0.0,1.8192247186066055,0,4
80.91273529193029,26.67206911473803,66.46687612994174,9,0.0,0.0,0,0
34.81454171224178,26.213128115763233,25.48277950233604,5,5.185458287758223,0.0,1,18
48.6222503682654,36.20976292952953,57.57574217479933,10,0.0,3.209762929529532,0,7
55.21092806530069,21.622140068238885,53.98873399345712,13,0.0,0.0,0,4
38.624494054706126,20.41609277275034,49.09987965042689,21,1.3755059452938738,0.0,0,10
44.30486734519136,37.77527509712323,45.505860674253086,7,0.0,4.775275097123227,0,8
34.5912275929866,29.399933833889822,52.41469304974992,14,5.408772407013402,0.0,0,16
57.586733269130264,32.07822850130602,39.736614296890636,20,0.0,0.0,0,4
54.153869721499014,26.13349554809465,95.0,12,0.0,0.0,-1,5
57.485041238954096,27.360409443855648,74.46153614182137,4,0.0,0.0,-1,4
90.58835062731715,23.777405599906125,69.67237939244069,17,0.0,0.0,0,0
59.99680162006601,29.908720205888773,40.46580812442003,13,0.0,0.0,0,3
25.219366732803767,32.98823758883758,32.770529857387885,7,14.780633267196233,0.0,0,44
44.35240249643356,29.17589146256137,46.184860729290214,20,0.0,0.0,0,8
18.00532421607454,34.36544055613824,52.05487363737649,0,21.99467578392546,1.365440556138239,0,75
34.7517906393472,31.974373983970306,23.92897938477976,23,5.248209360652801,0.0,1,18
89.96189931549817,21.709346328223056,58.63958260595579,16,0.0,0.0,0,0
60.74993434407724,27.131535938185046,69.47869300959198,16,0.0,0.0,0,3
37.80650672222083,25.309632050405817,15.0,15,2.1934932777791687,0.0,1,10
89.07649612021767,32.520604735361886,33.793373894253364,23,0.0,0.0,0,0
16.64591194583948,30.769524792079366,72.10101323033307,10,23.35408805416052,0.0,-1,49
45.85789733803135,28.76429600041745,56.73137563465652,23,0.0,0.0,0,8
80.36704933785354,34.08153259325944,34.40618826768234,1,0.0,1.081532593259439,0,0
75.28519426028411,16.805918179131282,63.236513522005424,22,0.0,0.0,0,0
24.58795067700897,24.381218656361497,39.304135501038445,22,15.412049322991031,0.0,0,46
29.46393582888951,24.89027797821276,45.74981204956219,6,10.536064171110489,0.0,0,31
37.284656620961414,29.5104063317266,29.50020779271563,17,2.715343379038586,0.0,1,10
40.1042774807254,31.31686119306918,50.30446512511666,9,0.0,0.0,0,9
60.18244917047836,27.992153335415775,68.32742479296721,9,0.0,0.0,0,3
27.659597239824844,20.11024081062041,41.404916759540114,12,12.340402760175156,0.0,0,37
37.46917052951457,30.440630725551742,61.6182299782777,4,2.530829470485429,0.0,0,10
38.409837909162434,28.76837100102276,49.1016221780981,5,1.5901620908375662,0.0,0,10
56.93599514299705,19.18771774022958,69.42212807774274,13,0.0,0.0,0,4
39.52174761806348,26.227588671564888,41.665325650040515,23,0.478252381936521,0.0,0,10
38.7668270709502,30.24414729525001,77.99035698367553,0,1.2331729290498004,0.0,-1,10
80.72105343594816,37.91925294050504,62.26859907781856,11,0.0,4.919252940505039,0,0
17.842637772512187,21.46557475738105,54.392234017224794,10,22.157362227487813,0.0,0,66
27.02710899660181,32.740722635729995,55.04913307277883,17,12.972891003398189,0.0,0,38
55.05309858540025,21.5411574833533,41.630243864015824,23,0.0,0.0,0,4
23.49758214877244,20.37634906322302,40.47190720157741,13,16.50241785122756,0.0,0,49
40.73541485088842,20.730452508792688,54.71946344234886,17,0.0,0.0,0,9
61.74979906423857,31.63008363550972,28.42279809624432,3,0.0,0.0,1,2
65.58820219190811,28.779358732672485,39.16954582617526,23,0.0,0.0,0,1
48.379067873050595,26.111864216297853,33.129407062961675,22,0.0,0.0,0,7
56.11076295276083,30.74699190976859,60.292780693940145,9,0.0,0.0,0,4
32.808724484175364,28.244928442418715,60.56649167923664,17,7.1912755158246355,0.0,0,21
44.886246153649545,28.663113578000537,72.82079999075877,2,0.0,0.0,-1,8
60.02091756878971,26.178842892640695,43.97624301813376,13,0.0,0.0,0,3
63.134192990120816,21.834717633638558,35.46017440985524,23,0.0,0.0,0,2
61.030951574505046,38.14784269720552,23.552664305509893,3,0.0,5.147842697205519,1,2
11.720670483128618,36.40258969967034,54.87710333003625,20,28.279329516871382,3.4025896996703366,0,97
54.486292173733275,37.540952221189,75.14229636741038,23,0.0,4.540952221189002,-1,5
87.46479567854638,24.764110681534664,48.65697651428537,13,0.0,0.0,0,0
63.87449913053125,23.908433724692856,50.47936199171397,18,0.0,0.0,0,2
21.325260801640948,25.51333022669371,49.888145799563965,5,18.674739198359052,0.0,0,56
84.04512653910234,34.444641664116986,54.57218633946896,10,0.0,1.4446416641169861,0,0
57.856990829223044,27.998847571792812,67.94688521884726,17,0.0,0.0,0,4
76.05649840590601,24.740849808111342,84.54539583569272,10,0.0,0.0,-1,0
30.984509871146372,30.183170068472954,58.96950732436757,0,9.015490128853628,0.0,0,27
84.35591191335932,23.581306400424978,60.15687634217291,19,0.0,0.0,0,0
51.169825987624975,19.867656719967083,45.69323227027033,21,0.0,0.0,0,6
57.15942789063886,28.775409746101932,48.05938017947014,14,0.0,0.0,0,4
29.3608520338061,24.903560727244415,47.81644528538455,16,10.6391479661939,0.0,0,31
41.36007987866604,27.91779942595617,43.40935424766839,3,0.0,0.0,0,9
78.12723750071117,11.890842149143008,52.29546970388852,4,0.0,0.0,0,0
70.44511264015726,22.647529628569337,61.24774035408878,22,0.0,0.0,0,0
52.40561418155853,27.7296564500767,51.14401928588242,3,0.0,0.0,0,5
46.80394239268536,18.901656161440087,44.95063654311707,22,0.0,0.0,0,7
0.5530601487247748,19.10566872618744,52.26797717213331,1,39.446939851275225,0.0,0,118
32.93525046921505,28.232616259640306,32.722584423115656,11,7.064749530784951,0.0,0,21
38.12309031625083,32.20949149274591,64.46012506390845,18,1.8769096837491688,0.0,0,10
40.20391367633726,22.649703547752285,42.563136402140934,2,0.0,0.0,0,9
40.13517388855139,26.427240054871838,29.21056240289051,3,0.0,0.0,1,9
35.29368550605016,26.565863938907043,58.311409707736146,17,4.70631449394984,0.0,0,14
16.794764290794788,18.62611472665371,59.20489054011359,12,23.205235709205212,0.0,0,69
77.61457260489746,35.10331647729051,34.521223599912545,19,0.0,2.1033164772905124,0,0
41.63108512331159,26.90225529875068,61.22424130862494,8,0.0,0.0,0,9
27.94882143899236,26.966562427131667,61.41019396561014,17,12.051178561007639,0.0,0,36
40.86898229873597,30.237900423778008,85.54785281471847,13,0.0,0.0,-1,9
32.66987202863413,18.640030095992795,45.76954789791322,1,7.330127971365869,0.0,0,21
16.8078599763065,33.51960577175219,49.02122167105259,16,23.1921400236935,0.5196057717521896,0,80
16.306383468822016,34.30366462572877,39.077656174637355,22,23.693616531177984,1.3036646257287714,0,81
21.001206279795174,28.843190180927998,58.88615609338663,5,18.998793720204826,0.0,0,56
34.8547267433993,30.77325068697186,49.91712123235461,19,5.145273256600703,0.0,0,15
43.33486298775124,26.043523015293403,67.78272228832768,4,0.0,0.0,0,8
65.06920389727702,33.17976429286948,42.188893067439665,22,0.0,0.17976429286947848,0,1
50.603800416023745,23.062361757244126,58.493404876209986,8,0.0,0.0,0,6
39.358659994496456,27.80561004619483,45.7187946390439,15,0.6413400055035439,0.0,0,10
37.69137989510483,28.1635809161301,16.835358977030353,22,2.3086201048951693,0.0,1,10
48.285092312757904,27.767893186748996,61.304732332777604,13,0.0,0.0,0,7
29.46581144914863,34.414756337740826,18.535103214530587,10,10.534188550851368,1.414756337740826,1,43
42.477568420698695,41.12922902333035,47.129283163196405,11,0.0,8.129229023330353,0,9
70.9546163786915,27.34097771663829,47.410386090477445,6,0.0,0.0,0,0
57.481500764508,30.822145802962908,49.849350549131444,1,0.0,0.0,0,4
51.43876288591537,23.185435368763265,50.85159391156908,12,0.0,0.0,0,6
35.408428369174175,34.19152888098875,50.67441692760973,18,4.591571630825825,1.1915288809887485,0,15
54.92903829262986,24.895092062091223,56.535308031982254,4,0.0,0.0,0,5
75.3209867053399,45.0,48.04284411133161,22,0.0,12.0,0,0
82.7991657690658,17.9755612022159,95.0,18,0.0,0.0,-1,0
65.85761021715442,40.884671002527526,43.836930845357124,15,0.0,7.884671002527526,0,1
28.71460947860121,33.94733312829675,27.99303542077986,7,11.285390521398789,0.9473331282967479,1,46
57.2981211654809,21.266549003940412,24.619765280981245,17,0.0,0.0,1,4
44.31627248671433,41.91669032661762,61.84862320475898,23,0.0,8.91669032661762,0,8
92.07152061105965,22.429537540345347,21.350566088758104,6,0.0,0.0,1,0
55.09701908230951,26.1140148978237,28.224544241624013,15,0.0,0.0,1,4
26.617930059137183,20.220444664779553,25.63233705116923,10,13.382069940862817,0.0,1,48
77.65319647671018,27.1212885688668,58.228558101195716,14,0.0,0.0,0,0
59.6834853739988,27.683816321463485,73.95273289441434,6,0.0,0.0,-1,3
2.5019357798647004,32.980184143658384,33.00896337248464,6,37.4980642201353,0.0,0,112
60.95821611424742,42.629882213136035,57.59674591932869,21,0.0,9.629882213136035,0,3
59.025527565805646,24.922236169220326,15.0,4,0.0,0.0,1,3
84.38350496767467,11.4842174867067,36.59458833252755,20,0.0,0.0,0,0
22.311719380699483,31.890988869199635,60.844548415370745,1,17.688280619300517,0.0,0,53
46.62852148595827,24.698135684004697,44.378516242292285,21,0.0,0.0,0,7
33.57245949543721,38.91072042133794,67.89251944627307,20,6.427540504562792,5.910720421337942,0,22
17.435919444710574,27.79249235017848,15.0,22,22.564080555289426,0.0,1,81
31.66463048277639,23.44545534596299,36.77042971461379,23,8.335369517223612,0.0,0,25
73.30199275753834,21.92218830482649,58.14943697952427,22,0.0,0.0,0,0
47.777577629275406,31.737320317985724,57.92351055554484,5,0.0,0.0,0,7
84.5250661685514,26.348580021833953,59.30483453050674,21,0.0,0.0,0,0
16.54395598483447,36.806243518781514,53.735209254748895,23,23.45604401516553,3.806243518781514,0,80
66.76028324570729,26.736463006469183,29.405759036272777,13,0.0,0.0,1,1
85.09549607061814,36.487720961174034,35.97593297097603,14,0.0,3.487720961174034,0,0
30.971410552881373,19.71919476351419,91.69492693646299,21,9.028589447118627,0.0,-1,18
85.51369225842697,17.568281968975846,27.331209255988345,18,0.0,0.0,1,0
39.916547463313954,32.97512572243609,24.519721956506384,19,0.08345253668604613,0.0,1,10
66.78584527115466,25.21344642686125,62.238044727675536,23,0.0,0.0,0,1
71.95976158511365,26.41869482773797,30.933146994352455,20,0.0,0.0,0,0
57.73932162348079,21.926836184188023,82.2598449244334,23,0.0,0.0,-1,4
16.544705567418497,21.486991705351883,95.0,22,23.455294432581503,0.0,-1,49
37.10361233878825,31.814002635261357,45.66308726604528,13,2.8963876612117474,0.0,0,10
46.35691806715771,27.886916231164648,55.570138621058845,14,0.0,0.0,0,7
68.3189902282311,21.63879310360797,17.15616827958292,12,0.0,0.0,1,0
20.519731562290083,32.74326327689043,68.5688941662019,7,19.480268437709917,0.0,0,58
71.28196891771707,35.04948083439517,15.0,16,0.0,2.049480834395169,1,0
89.1299682548205,27.347007297560857,25.88834444049053,14,0.0,0.0,1,0
65.22981866995086,34.01919950804771,52.13466065788354,5,0.0,1.0191995080477128,0,1
4.683756345640242,21.989170653928134,59.8578301919393,20,35.31624365435976,0.0,0,105
83.98898105977717,31.46325339860603,23.289836830715682,9,0.0,0.0,1,0
34.02937860834543,28.97050126721649,40.23439483668179,11,5.970621391654568,0.0,0,17
40.759089620333405,23.250633450129403,20.09169142882826,19,0.0,0.0,1,9
81.08340840258485,40.3183514879216,44.29351276447526,14,0.0,7.318351487921603,0,0
27.16641619565171,29.396649950539537,35.586423495956026,2,12.83358380434829,0.0,0,38
11.20780669030477,24.45507863618545,38.55744857662265,7,28.79219330969523,0.0,0,86
50.72951779038575,28.117744296058344,61.72189308240891,11,0.0,0.0,0,6
91.87081310045497,22.781833682028775,55.06824539697158,17,0.0,0.0,0,0
41.3719175360452,21.058729629185475,60.10136514636342,7,0.0,0.0,0,9
56.709068849048805,25.30348236662365,47.674387696067164,11,0.0,0.0,0,4
51.98359136188222,25.709725418274683,62.90478432152851,13,0.0,0.0,0,6
53.83182043853264,23.174957138760586,49.36826828883987,12,0.0,0.0,0,5
36.798244270838566,35.506679810914015,41.155059859819545,4,3.201755729161434,2.506679810914015,0,11
43.623111349932174,23.40534056889539,60.270264470602214,12,0.0,0.0,0,8
55.285365398235776,22.40662575193072,42.37840972957346,22,0.0,0.0,0,4
21.70567268904009,20.885678563527403,44.0691959388566,15,18.29432731095991,0.0,0,54
72.71031133477199,20.308101659503738,69.22885620744422,19,0.0,0.0,0,0
28.197829561920734,34.164710107229,67.53357877682421,17,11.802170438079266,1.1647101072289985,0,40
92.96945825170633,29.549003010961602,44.65151519677745,1,0.0,0.0,0,0
61.8640578116192,32.14196526726594,65.71142759187504,11,0.0,0.0,0,2
81.84411095646719,34.110430486769765,26.99290109087865,7,0.0,1.110430486769765,1,0
45.70212311520882,26.00020143939673,44.755903664980124,12,0.0,0.0,0,8
34.95712535808467,36.833438571252415,36.46758440402563,1,5.042874641915333,3.8334385712524153,0,17
37.58000854611121,24.23865893044055,49.96849093025098,5,2.419991453888791,0.0,0,10
55.578015002339484,21.42564384521169,63.222547791017064,2,0.0,0.0,0,4
47.886677291859,30.24169996031139,60.00218867049786,1,0.0,0.0,0,7
71.84646544722735,28.867287267690983,57.553338009282065,10,0.0,0.0,0,0
69.60592148344757,28.857758533214227,52.47484983467383,18,0.0,0.0,0,0
66.8739533254292,34.09192805011508,47.13136138929904,7,0.0,1.0919280501150794,0,1
73.13834636505186,28.63726578701352,71.62137170123833,18,0.0,0.0,-1,0
67.73791921348177,29.8783108540861,22.162502826092542,12,0.0,0.0,1,0
48.35354787609936,36.157615471148276,37.998140880641195,16,0.0,3.157615471148276,0,7
30.50137740373462,29.600085852337934,57.40307725860824,6,9.498622596265381,0.0,0,28
38.225414660065724,30.96555420555611,77.50186708551335,10,1.7745853399342764,0.0,-1,10
58.492113392339704,19.493713898317658,43.774932380724465,7,0.0,0.0,0,3
41.179857844400495,45.0,45.303271735999445,10,0.0,12.0,0,9
66.76703333997014,18.454946190819328,26.781464711828292,22,0.0,0.0,1,1
25.447260007521916,24.764023890313165,40.25266671964138,2,14.552739992478084,0.0,0,43
64.414270593725,24.582596303186403,62.748151994687206,20,0.0,0.0,0,1
56.09595962863313,40.64809311339489,78.42728569091466,22,0.0,7.648093113394893,-1,4
31.618386137709138,24.396403760337673,44.72085842667514,0,8.381613862290862,0.0,0,25
27.71794940984753,30.65127662729499,35.618462826255936,9,12.282050590152469,0.0,0,36
87.11178999232023,24.623405250931942,51.25552246023095,14,0.0,0.0,0,0
58.497092811672324,21.759417635381006,20.93575879784463,7,0.0,0.0,1,3
26.10770144259551,31.42213211791364,72.24047540012901,3,13.89229855740449,0.0,-1,29
84.39235155485223,23.686201881269334,27.84680672562459,9,0.0,0.0,1,0
86.62182927438181,29.245539416754617,55.648260650855526,18,0.0,0.0,0,0
64.96796887930032,31.76015513181586,55.381894499209245,11,0.0,0.0,0,1
31.70443813402688,39.44052938654855,61.29932796549157,20,8.29556186597312,6.440529386548548,0,28
42.297070817294745,20.42695023057957,54.60065800287822,8,0.0,0.0,0,9
5.748561449100725,27.08310882083927,50.04883022083452,15,34.25143855089927,0.0,0,102
28.834194871450226,27.331183614574066,57.714775467779624,18,11.165805128549774,0.0,0,33
39.203934351896066,28.00556856625156,65.02441159627024,16,0.7960656481039337,0.0,0,10
56.048814156402635,43.4128079374954,82.33621648816185,10,0.0,10.412807937495401,-1,4
73.16364502695765,26.960004618316844,30.154643981844536,20,0.0,0.0,0,0
34.67056059327791,12.876462414731503,16.897129158125793,4,5.329439406722088,0.0,1,19
14.182634370734782,26.80941482845737,22.15592501233993,2,25.81736562926522,0.0,1,92
16.798557191727458,27.289736723181058,17.361052703262345,0,23.201442808272542,0.0,1,83
62.87671838951838,26.553750222439,28.405720127470083,16,0.0,0.0,1,2
81.35574615028924,23.6881348129024,26.120963978663408,8,0.0,0.0,1,0
39.438967921016946,20.072190183115794,42.50539566084461,2,0.5610320789830539,0.0,0,10
62.69581640189177,40.956946238023065,65.39220550043021,4,0.0,7.956946238023065,0,2
81.77686043919451,29.909760831627356,61.276736764568696,1,0.0,0.0,0,0
40.98237652471532,26.846558345404965,38.79983445784907,9,0.0,0.0,0,9
48.24489812256825,40.76575579960487,40.35453905895221,15,0.0,7.765755799604868,0,7
66.52592573019197,22.788053890999635,86.1939738613407,6,0.0,0.0,-1,1
69.61649782598782,31.614450461150067,60.70612963268882,6,0.0,0.0,0,0
46.07177429489869,20.50563168946973,53.10872926091313,23,0.0,0.0,0,7
62.183142566561585,32.504550778156045,52.18703194350761,1,0.0,0.0,0,2
32.4047165870111,21.193028244293842,44.79355312753944,20,7.595283412988898,0.0,0,22
53.95334323220269,30.822778336560933,86.05648395466234,1,0.0,0.0,-1,5
53.81729730352558,39.71941467340989,46.58275744510365,18,0.0,6.7194146734098865,0,5
30.14017809803476,28.560697566319654,52.68732342499498,23,9.85982190196524,0.0,0,29
31.987267974284862,14.84451121396787,20.32129298459602,7,8.012732025715138,0.0,1,28
41.49755207990205,28.21462888392794,38.545415200610776,5,0.0,0.0,0,9
78.71198316703715,30.882712118679475,40.08708042005814,5,0.0,0.0,0,0
73.64585272749082,33.40590388475543,58.75328547669815,9,0.0,0.40590388475543193,0,0
73.42677743446238,36.84154896089833,36.04605654069648,6,0.0,3.8415489608983293,0,0
73.52966335966906,37.147423857451386,50.86961725876203,6,0.0,4.147423857451386,0,0
38.09225149817947,27.21436097183958,39.085612381996484,4,1.907748501820528,0.0,0,10
86.35286015913157,24.04336871338651,30.18845600384869,22,0.0,0.0,0,0
6.259483302281849,21.288936756123856,29.456730053119156,7,33.74051669771815,0.0,1,120
70.48408155896077,24.760301523928014,46.87885149567738,1,0.0,0.0,0,0
49.2971357920872,30.85918309362855,51.855135471557524,7,0.0,0.0,0,6
22.763782108827915,19.90811311462499,46.512949071809985,13,17.236217891172085,0.0,0,51
41.78483597260495,22.438838407429095,35.00846608316419,2,0.0,0.0,0,9
54.32745653313108,31.37379452856739,47.52038774474731,11,0.0,0.0,0,5
21.16093255067593,24.121077268172122,44.191189826879146,23,18.83906744932407,0.0,0,56
44.07925593649649,30.219917401643144,31.246388167000944,16,0.0,0.0,0,8
28.785608849497386,23.11413882516777,51.49551665603384,8,11.214391150502614,0.0,0,33
66.90299496248443,29.726789818615064,82.5858847278772,21,0.0,0.0,-1,1
67.01415163255946,23.36873804686143,47.30750491190645,7,0.0,0.0,0,0
14.261424804333044,16.588141647287863,23.700549371117052,0,25.738575195666954,0.0,1,92
56.270075178088995,33.73574122974464,76.43380561099303,5,0.0,0.7357412297446402,-1,4
59.2548211591727,23.82463304905219,72.62818715019803,0,0.0,0.0,-1,3
8.072131051126116,26.508218757408038,75.7854928281696,11,31.927868948873886,0.0,-1,67
62.41139656949509,23.853147410149926,49.240087568596,9,0.0,0.0,0,2
79.07117046500474,31.266866621490372,35.896018907346004,1,0.0,0.0,0,0
81.19374016333242,29.99901346875174,33.925535391375526,9,0.0,0.0,0,0
59.79212368134378,31.252560898016135,70.54203637161064,4,0.0,0.0,-1,3
23.60525614193794,24.702741786589282,78.90582132666697,21,16.39474385806206,0.0,-1,34
57.225133860864055,27.70162990436226,33.433284285428954,14,0.0,0.0,0,4
57.878550806909104,30.502193780392414,15.0,6,0.0,0.0,1,4
63.252120389259716,37.2712238351942,49.67985246358881,18,0.0,4.271223835194199,0,2
85.92741721185065,29.839187630433194,33.72334589555665,20,0.0,0.0,0,0
50.44595642635266,21.979902068840012,37.269208211036776,18,0.0,0.0,0,6
64.53366608347622,29.60736340347716,45.71205658977135,2,0.0,0.0,0,1
47.88784287198595,27.010013403850458,57.377724027578715,12,0.0,0.0,0,7
50.9705694841746,16.007596232718996,35.94265444190458,1,0.0,0.0,0,6
61.20387543066109,16.929059139704535,52.44937760189095,15,0.0,0.0,0,2
35.162701520413336,27.601062294862146,47.7292248373864,17,4.837298479586664,0.0,0,14
74.30173456126106,28.10679359661783,15.0,0,0.0,0.0,1,0
57.27787441511717,26.23150155859654,59.809552517057654,18,0.0,0.0,0,4
54.32358434700259,33.305090717461404,41.8819114933984,5,0.0,0.3050907174614039,0,5
25.31998047193944,22.389125384973745,27.25047341759869,2,14.680019528060559,0.0,1,52
20.69652261477743,19.682829263608646,36.93203657172967,6,19.30347738522257,0.0,0,57
70.81348935073407,23.045846225667862,53.65338264901982,23,0.0,0.0,0,0
85.51350851610658,24.341343625202562,50.832196068820366,6,0.0,0.0,0,0
59.36952331072142,27.6510805308836,61.59978629642177,1,0.0,0.0,0,3
93.14180230724877,23.21415926320132,57.858504503478116,1,0.0,0.0,0,0
74.08995061825702,15.149642069378128,28.911138083044825,21,0.0,0.0,1,0
22.378055957112807,12.584167718397206,15.0,15,17.621944042887193,0.0,1,63
52.40474253839703,28.738954952494236,52.17629645996693,4,0.0,0.0,0,5
37.16921202518085,21.225870779673723,61.35712174374538,15,2.8307879748191525,0.0,0,10
58.07883083036592,15.96787203176785,46.356002445567526,0,0.0,0.0,0,3
51.244299636219324,31.749647804074318,61.89088052878084,16,0.0,0.0,0,6
73.77653889163946,37.27108621089131,31.970429276608304,20,0.0,4.271086210891312,0,0
69.84708871977534,27.43324876738246,43.77165687101419,18,0.0,0.0,0,0
31.74774723148411,29.610640788510185,33.42962081608747,4,8.252252768515891,0.0,0,24
51.51377395579707,29.661495382501048,62.55136254980803,8,0.0,0.0,0,6
59.068054887751195,14.121099136021062,33.612785681721526,12,0.0,0.0,0,3
52.335982206390405,33.33191564316952,87.07728624963092,1,0.0,0.3319156431695234,-1,5
71.22950778964834,35.43929061066333,40.96410586125254,19,0.0,2.4392906106633276,0,0
24.007513360518455,39.02079507756015,64.36725350703463,14,15.992486639481545,6.020795077560152,0,55
28.08456734859883,25.374281135826816,41.19537817915811,3,11.915432651401169,0.0,0,35
29.99587859807125,21.18927691550604,74.07718705357416,18,10.00412140192875,0.0,-1,21
72.89814866271014,36.15134512037025,73.39116457606558,17,0.0,3.1513451203702516,-1,0
76.10826803705993,30.993462355163516,44.172212529707075,3,0.0,0.0,0,0
31.957140396553363,33.247982244757644,54.94458930206965,12,8.042859603446637,0.24798224475764385,0,27
47.479137334948454,24.117541849413247,72.9312376148675,7,0.0,0.0,-1,7
17.22005091784924,29.629374500354853,55.47793811675246,6,22.77994908215076,0.0,0,68
19.27927522968439,21.679600483493033,33.426937966108326,19,20.72072477031561,0.0,0,62
35.59413418863587,27.96856107576087,51.26118760720109,0,4.40586581136413,0.0,0,13
73.00067016003628,25.912673937257445,36.531994650956634,10,0.0,0.0,0,0
61.37318772212799,42.06132366077614,52.71790623094364,6,0.0,9.06132366077614,0,2
29.71024089058384,31.29177826133706,35.825492130994675,7,10.28975910941616,0.0,0,30
34.29826157030715,15.087962092853724,56.710501448108815,10,5.701738429692853,0.0,0,17
21.814772550342976,27.990667446288278,17.801747515143738,13,18.185227449657024,0.0,1,65
37.9579744796125,30.209025925359022,29.80434882144435,8,2.0420255203874973,0.0,1,10
41.644720338948886,25.15623818735605,35.72197429322232,13,0.0,0.0,0,9
56.09257442344939,21.383444899394597,47.11614639898035,17,0.0,0.0,0,4
43.280842764114894,31.963096458154414,22.782526475685327,4,0.0,0.0,1,8
7.815199551361886,22.231675538463183,34.09778347506837,9,32.184800448638114,0.0,0,96
21.730427489994554,31.45266231266247,64.0061784968113,12,18.269572510005446,0.0,0,54
79.16882838704764,21.72473723350016,66.14897088241415,9,0.0,0.0,0,0
51.10995303439908,24.796592138486094,15.0,13,0.0,0.0,1,6
47.69104959600761,33.736900484345064,39.438578572338834,19,0.0,0.7369004843450639,0,7
57.265530627470476,30.93504468589404,72.94705093809515,14,0.0,0.0,-1,4
35.76402892639531,28.18852696177817,56.948694069006386,11,4.235971073604688,0.0,0,12
72.6408962355452,27.820576899034187,57.332278814446944,15,0.0,0.0,0,0
53.478864163309005,28.543319038478483,60.1546484685139,23,0.0,0.0,0,5
36.4621054651796,23.25074977083282,32.73925262356235,0,3.5378945348204027,0.0,0,10
88.92758199825316,18.899816433431123,53.85254944732826,13,0.0,0.0,0,0
49.03073860740353,31.41503795939696,58.49120881571679,0,0.0,0.0,0,6
74.24003036533048,37.18060026342032,51.92744112000523,22,0.0,4.180600263420317,0,0
71.54757251442233,31.625397573161948,42.9146071095796,17,0.0,0.0,0,0
25.939372425089687,29.525034493574662,49.13444843186088,21,14.060627574910313,0.0,0,42
36.43876528367305,20.7488555375206,29.477397090931873,13,3.5612347163269504,0.0,1,12
86.03900683075987,33.26304562535917,61.054819969526875,9,0.0,0.26304562535916887,0,0
40.35062631207695,30.888366324720327,24.16397626096816,0,0.0,0.0,1,9
52.16996457362637,32.56087900499696,35.307333571884996,14,0.0,0.0,0,5
36.05021412426333,34.20334606390722,62.27213048253802,21,3.949785875736673,1.2033460639072189,0,13
62.60070987095434,37.51604180226193,55.22461522756551,3,0.0,4.516041802261931,0,2
35.840099535103406,21.311668896124324,41.28529540975081,5,4.1599004648965945,0.0,0,12
74.12035818244541,20.2661383966666,19.1756776885802,12,0.0,0.0,1,0
57.62458632902596,28.888924303431473,49.16961164207063,12,0.0,0.0,0,4
61.88270258884595,22.464890986694716,38.6568276070097,10,0.0,0.0,0,2
70.0306953970726,21.425774917315724,58.64751108656016,3,0.0,0.0,0,0
52.6254083197062,35.3205745064665,40.700765171182724,11,0.0,2.3205745064664995,0,5
42.01926819746446,21.94562442934552,18.48799642968373,12,0.0,0.0,1,9
17.698467920808923,27.93359720078812,25.092827716050778,4,22.301532079191077,0.0,1,80
73.02803471698901,18.21144562301223,42.31409841973935,14,0.0,0.0,0,0
72.90703700536864,28.37823437504876,51.957803887265165,20,0.0,0.0,0,0
89.62193014060021,35.09690533757772,29.05003342463869,2,0.0,2.0969053375777165,1,0
61.45236356331569,35.278559593873844,36.347266888387416,1,0.0,2.278559593873844,0,2
26.401182345565307,34.26995314831949,64.26452282280682,13,13.598817654434693,1.2699531483194875,0,46
80.91615981569247,27.529768186410546,69.97360006995737,18,0.0,0.0,0,0
41.97869370826145,34.6690271134464,54.98446577663259,2,0.0,1.669027113446397,0,9
35.47920679792608,30.580487483407854,44.86933516320411,22,4.520793202073918,0.0,0,13
61.938664369961785,25.36632219990824,38.814540651555276,11,0.0,0.0,0,2
29.5160821871675,30.29020911716726,59.70603775627914,2,10.483917812832502,0.0,0,31
62.78383478089653,33.314041083133944,44.30536386602081,10,0.0,0.31404108313394374,0,2
41.4602431598926,20.03369265294761,66.56229482349076,10,0.0,0.0,0,9
77.24708003043247,21.637496790230625,67.50831522764784,9,0.0,0.0,0,0
65.2227917687451,27.13832450921326,57.3813897747977,14,0.0,0.0,0,1
18.44932113017415,20.669451250994335,41.04282591642361,5,21.55067886982585,0.0,0,64
70.57988908328768,20.583823482630816,42.43307164397319,23,0.0,0.0,0,0
40.67995972630557,25.476477569632753,20.4133545769519,6,0.0,0.0,1,9
93.42731904206063,33.95193417724805,49.05219973757927,20,0.0,0.9519341772480487,0,0
41.731941695090654,33.83890588684401,48.49354554966483,19,0.0,0.8389058868440102,0,9
64.71501262179483,29.926481043727428,25.204532749297172,9,0.0,0.0,1,1
43.175444499587954,29.081685938017742,92.55477322789218,4,0.0,0.0,-1,8
52.52330062136965,40.524870570494684,60.012442761381905,23,0.0,7.524870570494684,0,5
43.57661009896731,24.763894165211838,34.87197806245777,13,0.0,0.0,0,8
83.78485847659654,29.446444809898587,86.97545535599207,7,0.0,0.0,-1,0
43.18567739927023,24.466072264757493,41.071117234729776,3,0.0,0.0,0,8
28.8562240532385,20.27547198203262,64.9461026837173,8,11.143775946761501,0.0,0,33
68.6666055612356,35.10928638876086,51.57738661070117,15,0.0,2.1092863887608573,0,0
38.08327452612936,26.168767403305196,41.68834613607978,12,1.9167254738706418,0.0,0,10
80.12727226682532,32.16893181831961,43.935051981506405,1,0.0,0.0,0,0
64.95338179935825,26.523226061066843,75.85973069050632,18,0.0,0.0,-1,1
64.10341293092581,35.47982298719016,65.77214127654348,7,0.0,2.479822987190161,0,1
63.82198383317528,22.016579991871154,47.79671216111151,4,0.0,0.0,0,2
79.68951013279907,34.98347627702735,15.0,16,0.0,1.98347627702735,1,0
57.06781783626829,33.36523221794467,55.479702041953686,17,0.0,0.36523221794467275,0,4
42.75497932311578,17.23217491087042,27.563451027793207,19,0.0,0.0,1,9
78.95220705371297,24.898852445758617,59.69467340939303,0,0.0,0.0,0,0
63.88721395133277,34.12497185446345,37.14702931255496,9,0.0,1.1249718544634533,0,2
58.01397683568618,37.82396574712375,39.03029494175327,6,0.0,4.823965747123751,0,3
18.631993827786967,32.292977911839984,38.514477592610724,13,21.368006172213033,0.0,0,64
64.46588836801712,25.620651471649403,68.36926825989728,23,0.0,0.0,0,1
47.45088316269129,22.189963320392973,18.207182960500546,2,0.0,0.0,1,7
7.400820236144509,31.399926875788026,63.2797141523814,15,32.59917976385549,0.0,0,97
3.38260274713307,25.44387375135085,56.161413922235056,10,36.61739725286693,0.0,0,109
35.35012560080446,25.69863306047152,48.69256309737993,11,4.649874399195539,0.0,0,13
8.393830391773166,26.655058285092313,41.93512830865047,22,31.606169608226836,0.0,0,94
51.06430934676865,33.290542722180305,58.7566761129341,17,0.0,0.2905427221803052,0,6
21.92434687863659,38.838670462547256,42.07960787168689,2,18.07565312136341,5.838670462547256,0,62
38.37254992086842,34.16127599906089,41.91672178983821,10,1.6274500791315774,1.1612759990608907,0,10
49.388811185497175,28.057308556321598,51.14756455409427,17,0.0,0.0,0,6
22.923960129241383,22.60483534734511,80.95560008842294,2,17.076039870758617,0.0,-1,35
44.54505565767599,32.005663681794914,22.768314109583127,12,0.0,0.0,1,8
42.04804281363103,37.99265709127618,59.012675356213585,11,0.0,4.992657091276179,0,9
70.14775445123136,34.02122991873692,47.42523542499176,1,0.0,1.0212299187369211,0,0
80.5821331714007,29.246386315300818,46.02927552287845,22,0.0,0.0,0,0
74.98923069857997,25.065918486498546,22.514516521676995,8,0.0,0.0,1,0
25.907270186439685,30.071033763207705,18.395890041708192,6,14.092729813560315,0.0,1,50
73.37012425220436,34.927459593446,56.11877508857994,2,0.0,1.9274595934460024,0,0
75.58369767233665,29.39385343432449,27.151839532778368,1,0.0,0.0,1,0
9.32809238921645,27.379403344310816,68.29467336823309,4,30.67190761078355,0.0,0,92
42.98934269064354,23.87653215978779,31.714541701881487,17,0.0,0.0,0,9
67.92104810636079,43.53655963962328,59.91758485505112,6,0.0,10.536559639623277,0,0
40.480558432823734,22.65441170575467,39.631051541558236,10,0.0,0.0,0,9
68.56584813555182,22.09985576643525,38.7679874473573,15,0.0,0.0,0,0
58.434708902015245,28.984584590850567,33.55061105310378,8,0.0,0.0,0,3
65.33591607751741,26.788434137951054,57.8626973696253,9,0.0,0.0,0,1
89.28338168607152,34.13977576269709,62.880293880127155,11,0.0,1.1397757626970915,0,0
72.85088115817885,34.34267267326863,44.32041937338807,21,0.0,1.3426726732686305,0,0
23.771054859358003,20.714222381739646,60.64170830141493,22,16.228945140641997,0.0,0,48
31.388296718708197,23.466615639938535,50.22694933807771,6,8.611703281291803,0.0,0,25
61.34583866700174,22.74752932390603,25.98389392561265,6,0.0,0.0,1,2
27.755512467987632,32.707164072300976,56.81359672412737,9,12.244487532012368,0.0,0,36
56.31495167676469,30.57003807895025,44.590330406185686,4,0.0,0.0,0,4
55.72871875698135,25.771046826970757,15.0,13,0.0,0.0,1,4
21.66857458658736,29.298396594954813,42.96610077773492,12,18.33142541341264,0.0,0,54
49.073168181775664,21.24243226152983,19.516994612897914,11,0.0,0.0,1,6
36.605941496948994,23.544683319556505,27.83228445687215,11,3.3940585030510064,0.0,1,12
43.03294014011555,20.19987720838482,45.51887044241388,20,0.0,0.0,0,8
55.05699558575723,28.872937881001313,48.64606075683176,3,0.0,0.0,0,4
79.20606569988338,28.850166055575503,34.969036241426274,18,0.0,0.0,0,0
21.858324175901952,22.093795001596572,59.49140754299666,13,18.141675824098048,0.0,0,54
69.18975709029229,30.52725469474045,47.93860912088519,19,0.0,0.0,0,0
56.94628108309128,34.34269179370839,42.36837829850957,13,0.0,1.34269179370839,0,4
51.08437059435455,21.81709937525533,50.781282673018964,18,0.0,0.0,0,6
40.22312810715498,26.042075602015792,71.69106007525106,14,0.0,0.0,-1,9
56.928298441908645,31.081727055246784,15.0,17,0.0,0.0,1,4
22.622741452898456,27.961789099677734,73.3914321189375,9,17.377258547101544,0.0,-1,36
38.48922750590175,19.767774521541682,38.900435162329714,21,1.5107724940982479,0.0,0,10
65.38380975920174,25.355267852022802,35.979423591950884,6,0.0,0.0,0,1
58.38567597206864,25.156123596299302,42.76084860649731,17,0.0,0.0,0,3
62.83327533550298,26.977494215884356,34.03933134438525,7,0.0,0.0,0,2
94.11232805674061,27.23299272456582,31.273249776345573,18,0.0,0.0,0,0
37.58238119824407,37.396040163037185,65.2428616087085,20,2.4176188017559284,4.396040163037185,0,10
64.09214065225729,26.74897349991442,52.87433759399846,4,0.0,0.0,0,1
36.532893383201866,17.691505958394746,15.481555464807151,15,3.4671066167981337,0.0,1,12
89.25759154947605,28.546787060357303,62.13398216746474,12,0.0,0.0,0,0
41.33705800788312,38.48650650751184,59.51196545151828,9,0.0,5.486506507511841,0,9
46.80475345342078,26.997305179898024,23.27741439125593,6,0.0,0.0,1,7
15.156920830447081,25.371478155672346,53.24465584558497,14,24.84307916955292,0.0,0,74
64.56221860447855,26.16925658271239,61.16826314225108,19,0.0,0.0,0,1
20.267572207407547,31.50486942188944,21.12267038386887,8,19.732427792592453,0.0,1,71
86.91854883332817,26.143748313959442,55.13514091439041,8,0.0,0.0,0,0
44.30564341117782,18.906341648844545,37.84825624329646,20,0.0,0.0,0,8
26.31035686222129,23.96933836939487,59.75944579484516,18,13.68964313777871,0.0,0,41
53.49858402599401,27.611853550812814,33.194336981983085,17,0.0,0.0,0,5
38.18715344400945,31.21374747045219,68.76037908901702,14,1.8128465559905464,0.0,0,10
5.033570565904848,24.503832340476386,45.616372504565334,2,34.966429434095154,0.0,0,104
48.86079899862844,26.22271645692354,38.93191360340438,3,0.0,0.0,0,7
26.31775864343453,28.26955388703529,36.994633721908215,1,13.68224135656547,0.0,0,41
49.59721390020051,23.335460246201723,65.73233946642617,7,0.0,0.0,0,6
81.81422811029088,27.449519533744404,36.98305744117718,0,0.0,0.0,0,0
81.8078667252786,30.803270699853883,69.08802573615642,11,0.0,0.0,0,0
78.59313120182084,20.88102076039343,53.841551086225884,0,0.0,0.0,0,0
49.41233268091032,29.83873342589091,25.059005957752426,23,0.0,0.0,1,6
51.01705466265687,21.4581571617479,50.467625071872654,11,0.0,0.0,0,6
20.787186069661626,21.578254748982374,50.84347260270453,0,19.212813930338374,0.0,0,57
58.443881908141506,24.023224105125138,24.473202406605893,4,0.0,0.0,1,3
76.70337567354835,36.192510044426015,50.14908023629681,4,0.0,3.1925100444260153,0,0
61.22734497406217,17.708924237290983,59.75923919082594,16,0.0,0.0,0,2
93.05626820088484,25.21631187171686,70.30675007673314,18,0.0,0.0,-1,0
48.400398058808754,27.841296220514618,69.51803988134702,11,0.0,0.0,0,7
77.06283539807156,35.00306380926689,93.00259416304742,17,0.0,2.003063809266891,-1,0
37.24198361022435,39.68765234735789,50.010521035521194,2,2.758016389775648,6.68765234735789,0,10
43.51691816920116,25.467849678500365,59.96842900249158,7,0.0,0.0,0,8
36.55752395509849,31.23615842336315,39.087772289137064,0,3.442476044901511,0.0,0,10
27.054954198352803,27.432693817338812,83.91613219700956,9,12.945045801647197,0.0,-1,27
82.07839618498662,27.394171534573086,33.96316447120654,0,0.0,0.0,0,0
17.57612042431697,29.639617252914746,83.10625329754667,18,22.42387957568303,0.0,-1,47
22.859453061087194,18.487213856577952,80.7968737238869,12,17.140546938912806,0.0,-1,35
87.88541062357194,27.712697111814663,35.87193454197539,18,0.0,0.0,0,0
77.58052578955856,30.704550335645322,68.65388750278096,14,0.0,0.0,0,0
35.37302204396136,22.841406742944276,58.22114911709894,0,4.626977956038637,0.0,0,13
60.73816518314187,30.74444874253199,42.58427453419227,8,0.0,0.0,0,3
41.489496409694326,17.629270689378938,47.55543875189457,0,0.0,0.0,0,9
72.12552754890237,28.561399159588962,54.77859613184308,1,0.0,0.0,0,0
33.23420785229854,36.05307360949892,56.491510373673066,22,6.765792147701461,3.0530736094989166,0,23
25.32188987489223,26.688459427300973,76.89545375166655,22,14.678110125107771,0.0,-1,30
41.80663503556594,22.130939179452234,60.28206057466009,2,0.0,0.0,0,9
82.70410662269859,19.449174094069726,36.14235895600643,9,0.0,0.0,0,0
16.138353109685287,30.343146367032503,63.38515092738368,6,23.861646890314713,0.0,0,71
70.78514456426329,33.56809845948536,18.542164004285723,10,0.0,0.5680984594853626,1,0
42.34639483028229,27.66343352775666,43.041454539131045,14,0.0,0.0,0,9
32.43998450582913,25.217854866969855,44.774303255273324,9,7.5600154941708695,0.0,0,22
81.45527375064583,16.414554875167532,61.84967327162795,19,0.0,0.0,0,0
23.403295347205706,28.744176170510098,81.87447215936702,1,16.596704652794294,0.0,-1,34
63.86212331744544,23.864399578645113,53.918489719489166,14,0.0,0.0,0,2
86.41663518687237,24.209398538453407,43.49540889367482,17,0.0,0.0,0,0
63.3374370599159,37.698495620211304,37.43095384573305,13,0.0,4.698495620211304,0,2
94.29953093246952,17.190347863723186,65.03074286053825,15,0.0,0.0,0,0
24.11691876019546,17.993454025846546,46.49294632123259,14,15.88308123980454,0.0,0,47
27.10107601671932,29.387954373387245,40.94234903546959,3,12.898923983280682,0.0,0,38
62.96569501873472,25.688134016283144,67.12316981232888,18,0.0,0.0,0,2
75.7046578117216,24.887195977867584,71.04696117715001,6,0.0,0.0,-1,0
85.32771702101051,29.635907493667254,32.7315490901175,4,0.0,0.0,0,0
89.23543953146284,29.535454293108714,23.0614898389234,13,0.0,0.0,1,0
62.77392979309975,22.1581761271466,48.2399078030851,15,0.0,0.0,0,2
77.47628758228927,24.44980987799428,29.475720015107544,9,0.0,0.0,1,0
16.190493059462348,28.29734689693933,27.012980431371673,1,23.809506940537652,0.0,1,85
27.492158553272034,29.00245415509733,31.26818282194807,23,12.507841446727966,0.0,0,37
16.504268067325082,30.899522128868522,68.83753102757359,19,23.495731932674918,0.0,0,70
53.981412489465676,24.501016502030215,61.706929462231784,11,0.0,0.0,0,5
55.64529852377294,30.082295214546022,94.23461700507654,8,0.0,0.0,-1,4
22.904437239673868,33.70208644256537,38.44468348457952,21,17.095562760326132,0.702086442565367,0,58
63.29192989125557,28.281155624463747,73.93704205562977,8,0.0,0.0,-1,2
41.47454326371678,27.383029273907848,58.88401463793882,4,0.0,0.0,0,9
49.93538429032272,26.586739926232166,39.98502616367927,6,0.0,0.0,0,6
63.1764326894818,24.295675622604353,47.359846377098606,13,0.0,0.0,0,2
52.15645585275409,22.372124611499043,39.899511319226384,17,0.0,0.0,0,5
50.29305653925417,26.21117007436144,54.65702370944086,7,0.0,0.0,0,6
15.366480499871102,30.70479353259239,67.76062835149858,4,24.633519500128898,0.0,0,73
19.598657889872058,22.66507170483437,43.365715474737115,22,20.401342110127942,0.0,0,61
13.025159650172505,27.547597016435077,65.27091785178233,2,26.974840349827495,0.0,0,80
28.733811241135744,26.851380324639408,72.88214745363874,13,11.266188758864256,0.0,-1,23
77.44450196421087,38.66683486668877,76.89050470613032,4,0.0,5.666834866688767,-1,0
36.66592342009064,32.33666831477048,28.88699494697953,15,3.3340765799093575,0.0,1,12
42.55351720901101,32.239385790033154,49.11527653779563,9,0.0,0.0,0,9
59.315009582874175,33.520268937057466,62.76979060437499,1,0.0,0.520268937057466,0,3
47.17159476424171,24.72583399783788,30.43877154345996,4,0.0,0.0,0,7
34.899584066533954,36.26055222320617,26.42762780797944,11,5.100415933466046,3.2605522232061688,1,21
56.614770864194654,28.95503215865848,49.52460424590997,3,0.0,0.0,0,4
55.88208700030797,27.732008403718257,42.56664291481989,13,0.0,0.0,0,4
68.39715152269189,20.711623404175576,46.89780098237036,19,0.0,0.0,0,0
36.9265922889859,25.59031714858652,41.51574313036536,6,3.0734077110140987,0.0,0,10
52.970627323315824,17.40436663839043,88.87803856278217,22,0.0,0.0,-1,5
41.47517089781211,26.510895581561254,41.69033864411186,17,0.0,0.0,0,9
29.45011385375565,24.54219505114871,60.541328330987554,2,10.54988614624435,0.0,0,31
9.708719105763524,25.609891932242824,59.3347345924895,11,30.291280894236476,0.0,0,90
25.64826770120122,19.684266284554383,19.601330919523622,13,14.35173229879878,0.0,1,51
68.24858631576036,32.22162094211707,76.39014557970008,13,0.0,0.0,-1,0
19.936608935838823,31.555195796086505,61.26437179220164,11,20.063391064161177,0.0,0,60
57.56584652790456,38.138674475462935,52.82512924297959,8,0.0,5.138674475462935,0,4
43.79361429028014,37.96880702001513,69.03379884957117,13,0.0,4.968807020015127,0,8
80.62897616874486,28.937234167384194,49.13992350388165,16,0.0,0.0,0,0
36.30664982438716,34.14041660215565,65.87476340794552,20,3.693350175612842,1.1404166021556534,0,12
34.47142733483344,29.56783496585071,16.227978380931845,2,5.528572665166557,0.0,1,19
24.165563100599705,25.435881959592386,64.7154760510289,3,15.834436899400295,0.0,0,47
54.40953769011714,26.331280129012015,53.305414452083006,12,0.0,0.0,0,5
56.74783677012708,31.833523203318805,53.58679032943305,10,0.0,0.0,0,4
44.76314257466237,45.0,34.83885485457076,21,0.0,12.0,0,8
55.75073555101531,35.00124300895243,46.06108193355837,13,0.0,2.0012430089524287,0,4
65.00660942233168,29.47844388694987,45.533828156103304,5,0.0,0.0,0,1
43.37634997863218,30.902749350337405,29.495773244936277,20,0.0,0.0,1,8
49.68149729769111,30.8492106559726,56.44942204162911,20,0.0,0.0,0,6
63.02878387785809,27.458265509004487,78.31720383077524,0,0.0,0.0,-1,2
57.25171526350395,32.538820130430345,24.41680745540868,21,0.0,0.0,1,4
94.06392249138214,27.06721940427413,58.824407861838885,8,0.0,0.0,0,0
83.95606530431277,21.930929824785704,42.432112967857506,5,0.0,0.0,0,0
54.86177670279923,30.889970534990375,40.35359776984863,2,0.0,0.0,0,5
15.42895265259735,31.692022848256773,51.34574687887973,1,24.57104734740265,0.0,0,73
61.57807948595851,27.125168471372145,51.61856324903644,1,0.0,0.0,0,2
68.70387441114585,29.8591481130225,53.324215686899414,18,0.0,0.0,0,0
23.538026078210812,33.765338111838894,29.644417197111178,21,16.461973921789188,0.7653381118388936,1,68
66.7515483682065,27.68913951707537,69.61862971968979,23,0.0,0.0,0,1
42.810019758014874,25.317975655150775,51.46048269457242,12,0.0,0.0,0,9
50.2546865156181,23.74410337862392,60.68886396349272,6,0.0,0.0,0,6
45.82701387559619,26.477287204759463,71.86277248459228,21,0.0,0.0,-1,8
34.60270266603639,37.20935142546944,15.419828263356479,21,5.397297333963607,4.209351425469443,1,22
40.74866239900148,26.809844735931733,61.348265353942935,9,0.0,0.0,0,9
52.86846836473143,30.156700537327616,47.044714693665135,4,0.0,0.0,0,5
69.15008546379934,26.053129757513886,68.33975882158116,20,0.0,0.0,0,0
80.58148764443564,25.538614085036357,35.57599557206206,8,0.0,0.0,0,0
69.5059428215912,22.724186889981304,66.8362327377412,12,0.0,0.0,0,0
47.12344852610384,28.60164357344225,31.009897721637746,21,0.0,0.0,0,7
23.72810681558379,24.89748199858363,57.239840785603505,3,16.27189318441621,0.0,0,48
43.00162772423132,35.64198746523895,55.11664051354447,7,0.0,2.641987465238948,0,8
25.78131441671903,27.354986536006063,47.20239492597577,5,14.218685583280969,0.0,0,42
59.42388280461214,27.732815754835975,31.422463689625353,18,0.0,0.0,0,3
14.79343130641416,26.918910620377996,43.36343379997761,2,25.20656869358584,0.0,0,75
42.979801736463685,30.226384863457135,66.61159454985366,3,0.0,0.0,0,9
32.0730207359607,36.945458583231996,76.7799260181524,7,7.9269792640393035,3.9454585832319964,-1,19
64.78478416250312,21.761343598292015,85.17488144484462,9,0.0,0.0,-1,1
84.44984819815166,29.666858442793547,59.482315463517665,17,0.0,0.0,0,0
53.04059808972209,18.587318069972916,54.52567415436401,22,0.0,0.0,0,5
37.538806747335215,35.33924946020499,58.080627346518874,14,2.461193252664785,2.3392494602049894,0,10
81.88295489205049,27.35117391444069,84.71333930982283,5,0.0,0.0,-1,0
52.02893367204769,19.03052400123405,59.37119729270428,15,0.0,0.0,0,5
29.791703754732975,20.345361164110653,51.56966414246838,16,10.208296245267025,0.0,0,30
26.664814812419902,32.88334034255489,45.04452460780305,2,13.335185187580098,0.0,0,40
39.556126376307525,18.01220832083677,47.12376461944019,22,0.4438736236924754,0.0,0,10
63.98731805501227,29.66973204304725,56.95518362150945,12,0.0,0.0,0,2
44.70904279810165,25.428721065811374,36.47410972037645,18,0.0,0.0,0,8
26.590984082524116,26.831449203622636,38.72410785155836,1,13.409015917475884,0.0,0,40
41.9046874730279,23.956923895818434,48.85122159128279,22,0.0,0.0,0,9
79.53060065411786,22.282900317157043,41.865527465200046,23,0.0,0.0,0,0
69.86655855904125,25.075380199365046,60.736773753934045,22,0.0,0.0,0,0
49.301277968716015,31.431821010034906,62.13064140630061,12,0.0,0.0,0,6
58.69173842175792,26.244498105792495,54.72525414911809,2,0.0,0.0,0,3
69.51379547604894,30.527396230116445,58.818087220730526,10,0.0,0.0,0,0
41.495104310037064,26.54656098801065,52.11668055040965,14,0.0,0.0,0,9
51.347801936450274,31.66746808365056,15.0,10,0.0,0.0,1,6
57.457760429311556,30.48965349167575,34.23440547855499,10,0.0,0.0,0,4
79.46006056824699,24.75567490438408,62.73220467903866,8,0.0,0.0,0,0
88.34155356989577,22.277934101695823,34.901295679207934,16,0.0,0.0,0,0
9.77973367013111,33.733915809764206,65.39748832978624,13,30.220266329868892,0.7339158097642056,0,104
33.10080549558239,23.119668764311175,66.40931641720884,17,6.899194504417608,0.0,0,20
30.334941155017752,31.00470984878485,45.221123199499054,1,9.665058844982248,0.0,0,28
74.44510141939236,28.18655715793103,39.3702105498502,5,0.0,0.0,0,0
67.17947435865617,25.221624373521788,50.172639821295945,21,0.0,0.0,0,0
53.90254627249297,30.576802961758034,49.20779417656881,19,0.0,0.0,0,5
65.1674250764402,36.20726883147241,61.28605808748726,16,0.0,3.207268831472412,0,1
62.141783246499514,31.75307140700538,15.0,9,0.0,0.0,1,2
73.50616782078677,28.77573812605707,36.78675071589698,10,0.0,0.0,0,0
70.33261328371468,37.72888388876797,31.776863446967685,15,0.0,4.728883888767967,0,0
82.37016756118332,17.954396425156357,15.0,18,0.0,0.0,1,0
69.34660075146986,21.326765073354984,41.093358492121524,10,0.0,0.0,0,0
65.14755531722436,25.213298098284767,23.007240793896127,21,0.0,0.0,1,1
57.923890319454905,36.515940215442974,43.02527099141009,8,0.0,3.515940215442974,0,4
53.23374609836827,33.657026470398826,41.21672166267011,7,0.0,0.6570264703988258,0,5
50.595759602458465,17.70228307170939,58.16083665838275,16,0.0,0.0,0,6
54.47292652692188,25.38174930375571,45.49701115438856,18,0.0,0.0,0,5
78.68854606813535,20.057040372865394,19.55365870130965,13,0.0,0.0,1,0
65.49073939197778,27.757295914308674,56.23769352697158,22,0.0,0.0,0,1
37.77242414506732,33.41099422621761,93.55801159076563,20,2.227575854932681,0.4109942262176105,-1,10
4.81699745606329,33.85392278891358,69.35143446040162,4,35.18300254393671,0.8539227889135788,0,120
43.672403166195686,29.608053113742127,62.2262470656709,18,0.0,0.0,0,8
72.2690156068645,25.44987796741744,46.48181162592598,19,0.0,0.0,0,0
79.47223129633547,27.427601977564443,41.16367514462563,20,0.0,0.0,0,0
49.46171253905296,32.099680006610235,39.91488740528675,12,0.0,0.0,0,6
24.763174580755077,42.083820671252354,54.331559033917465,18,15.236825419244923,9.083820671252354,0,52
40.06821984405745,20.889402910145755,29.553183262960175,17,0.0,0.0,1,9
72.10800470601272,37.5330959028976,53.96627532750562,22,0.0,4.5330959028976,0,0
45.50853961850475,29.46433685380461,38.05458701622716,7,0.0,0.0,0,8
60.27046822532929,32.921519504788364,19.13952721746749,3,0.0,0.0,1,3
41.50988293268084,29.110995732604085,37.80063219503938,18,0.0,0.0,0,9
27.484775124684724,36.42516216184978,72.52155358171669,15,12.515224875315276,3.4251621618497765,-1,30
66.030884635216,29.97808860493043,52.490806143009685,23,0.0,0.0,0,1
37.1089516305619,24.10742951413535,15.0,1,2.891048369438103,0.0,1,10
4.59806497191438,30.700684693839502,37.87469761522868,0,35.40193502808562,0.0,0,106
30.406894501430415,34.76065022635453,66.25868497869192,11,9.593105498569585,1.760650226354528,0,33
39.99980762241949,28.001284730494046,44.629399426223166,14,0.00019237758051104947,0.0,0,10
71.22385161217257,15.555515496304912,59.42828283862554,20,0.0,0.0,0,0
33.005047985899374,27.31039717747819,42.88471282560296,16,6.994952014100626,0.0,0,20
69.17766298837938,28.588301836095557,53.31093164738646,17,0.0,0.0,0,0
25.83985475492465,27.730431632815918,50.63532031845848,9,14.160145245075348,0.0,0,42
44.136173080917544,25.027133467728074,38.37402668931816,13,0.0,0.0,0,8
76.64375043550432,35.938101184545054,60.2866567981619,3,0.0,2.9381011845450544,0,0
58.028551305817075,13.762193270455757,77.56770380171903,16,0.0,0.0,-1,3
62.10265240083711,28.563863838564505,56.92359211367163,3,0.0,0.0,0,2
51.13166897248039,28.647890342784425,51.87129302347829,4,0.0,0.0,0,6
51.367213668408404,40.5691194937207,34.82284293176364,3,0.0,7.569119493720699,0,6
58.75275783495191,27.913387129917297,66.88781504818732,22,0.0,0.0,0,3
39.8575078035046,30.67377342220284,40.801042814251005,4,0.14249219649539668,0.0,0,10
12.626675884434013,28.750075080652582,60.092365804431495,5,27.373324115565985,0.0,0,82
31.783974891849365,28.566569343196903,63.71056869683399,23,8.216025108150635,0.0,0,24
39.940218624491784,38.57775380093008,67.77514565705556,4,0.05978137550821572,5.577753800930083,0,10
56.557579743936714,21.330078768704333,68.11028382805256,13,0.0,0.0,0,4
58.24700832083194,23.996771230503963,67.45925900165106,3,0.0,0.0,0,3
23.881985262479695,32.525029003827996,27.3879837678143,10,16.118014737520305,0.0,1,58
35.978203529530624,29.541042198497703,34.536602231353925,22,4.021796470469376,0.0,0,12
54.8838712368386,26.300627548230917,25.295456690501382,7,0.0,0.0,1,5
55.49700474480177,27.576653628332938,24.083234511806634,11,0.0,0.0,1,4
65.3959073373245,33.48354777339963,77.45558375570302,21,0.0,0.4835477733996285,-1,1
55.06941167385001,30.910538144759332,32.25327879073821,12,0.0,0.0,0,4
77.13945633824585,23.722223212401584,29.722471043282308,22,0.0,0.0,1,0
13.943296143912212,29.42665807796117,48.994362141756035,9,26.056703856087786,0.0,0,78
30.39085272132117,27.7011848530539,36.57243438671726,5,9.60914727867883,0.0,0,28
50.92044308637743,30.82253022665793,90.71427110509731,0,0.0,0.0,-1,6
44.63862139229318,26.07353255213551,45.07834875586222,9,0.0,0.0,0,8
68.81842598857664,20.750152486472828,58.01312302006092,1,0.0,0.0,0,0
25.56444292123266,32.03422611802579,35.95151630667621,13,14.435557078767339,0.0,0,43
44.27504146215538,31.291715065051992,20.08336973793776,0,0.0,0.0,1,8
63.63097163755913,36.49179405831076,36.883161597739644,2,0.0,3.4917940583107594,0,2
79.85654392051147,20.102626272269507,37.07640927276896,12,0.0,0.0,0,0
77.56819972003707,27.577706777225487,36.95030428927288,14,0.0,0.0,0,0
27.72623162450606,26.617598840276557,21.19896266161703,4,12.27376837549394,0.0,1,44
48.923565888822324,25.622707039791276,52.44931814291712,17,0.0,0.0,0,7
34.41690921877189,18.753880621584138,43.93767142070023,9,5.583090781228108,0.0,0,16
37.86950525767135,21.60229233991217,22.245504990947506,4,2.1304947423286507,0.0,1,10
53.09726615094974,29.623127793576856,51.912910550591675,11,0.0,0.0,0,5
74.10226343451043,25.001503361210283,63.72018917762476,22,0.0,0.0,0,0
72.91795344302984,23.04154172912651,71.55914834180223,12,0.0,0.0,-1,0
80.15926241429653,36.58237514534894,15.0,20,0.0,3.5823751453489407,1,0
65.0968457870289,42.24232659460016,36.84379416518455,21,0.0,9.242326594600158,0,1
41.65283657688572,27.66141992468982,25.326014934773983,5,0.0,0.0,1,9
54.82501036996705,18.986932017203486,38.25832968923234,1,0.0,0.0,0,5
39.84885482201873,30.37842647510178,74.99394737404776,16,0.15114517798127025,0.0,-1,10
89.34775906998841,15.487776752760173,36.91006342683407,11,0.0,0.0,0,0
52.00270446272561,19.89899068861734,41.44926609855118,8,0.0,0.0,0,5
74.78540846711111,30.481893554913817,35.076692936326054,3,0.0,0.0,0,0
77.91469457494392,19.697594787703466,79.26678580867795,3,0.0,0.0,-1,0
66.70984953719893,26.223796874253473,15.0,22,0.0,0.0,1,1
29.717262650967157,19.098234902046578,39.98540138896607,3,10.282737349032843,0.0,0,30
38.47102388336535,28.337557087212755,34.41909779442076,22,1.5289761166346523,0.0,0,10
43.66230511822919,34.7394429505553,19.01891377692271,6,0.0,1.7394429505553006,1,8
24.55557815421696,24.32290787454604,69.83992759021051,3,15.44442184578304,0.0,0,46
45.48017211956007,27.883501489405123,17.54413059430955,12,0.0,0.0,1,8
69.46960539328994,23.104924247122813,41.72995852325441,2,0.0,0.0,0,0
58.505203974924605,23.52526400156119,48.582826800130434,6,0.0,0.0,0,3
24.337867927333303,23.011776292866045,36.48341533089666,2,15.662132072666697,0.0,0,46
37.88131023135559,32.715580798586416,18.78325140654216,0,2.1186897686444084,0.0,1,10
77.474741966912,19.518988291803346,46.971319505462176,2,0.0,0.0,0,0
30.41106945140909,26.00887557776248,36.28702867782867,23,9.588930548590909,0.0,0,28
80.38588074751584,30.458901258782625,64.55567382925713,3,0.0,0.0,0,0
50.662087028565914,33.45879029837617,59.290004267316846,5,0.0,0.45879029837617225,0,6
46.91075668540919,30.643644253729043,84.99698228671213,3,0.0,0.0,-1,7
32.76461297014103,27.564199250278037,51.97957229093876,1,7.23538702985897,0.0,0,21
42.34243023541367,24.586666251158206,60.60651995247209,3,0.0,0.0,0,9
30.91425343143886,33.55189808096164,43.53917225794483,2,9.085746568561142,0.5518980809616423,0,31
72.09645534787647,22.796654042941743,80.811127800833,3,0.0,0.0,-1,0
75.8114385210981,22.886779558465648,50.184844076417384,10,0.0,0.0,0,0
39.09468684842224,36.11499478134621,48.15402563131657,9,0.9053131515777579,3.114994781346212,0,10
84.16764957162005,30.1615704420246,59.73040071997168,4,0.0,0.0,0,0
64.56279520540733,30.373638773312308,38.39074024299947,6,0.0,0.0,0,1
7.9554163031001295,31.591295458974415,41.00689234331452,11,32.04458369689987,0.0,0,96
44.522981489517974,27.43087024569386,59.71745311024044,10,0.0,0.0,0,8
80.42399622793043,19.37384156723619,63.180209243509395,2,0.0,0.0,0,0
39.80906003432972,29.506999515960715,60.74718281691044,21,0.1909399656702817,0.0,0,10
11.933092284922092,27.890594337333308,48.55671062898799,9,28.06690771507791,0.0,0,84
75.96899530514418,22.84556448801645,54.86769232015714,8,0.0,0.0,0,0
45.71259299544988,21.465688411840397,67.28760632269913,13,0.0,0.0,0,8
47.33796685164956,27.720776947725795,30.308441011337344,6,0.0,0.0,0,7
19.75152936959747,19.853201849578358,50.02507029624757,14,20.24847063040253,0.0,0,60
64.74542886842546,27.13955201983271,15.0,21,0.0,0.0,1,1
37.17509141324829,26.41576119833967,63.32423504952656,20,2.824908586751711,0.0,0,10
41.02881570451857,27.28510159557409,35.91296405723681,7,0.0,0.0,0,9
93.70464636513792,30.41593542525482,36.39094233413779,2,0.0,0.0,0,0
37.275048485749906,31.731727271292698,47.80581490893255,2,2.724951514250094,0.0,0,10
52.535154138555285,23.731018032375967,61.143877847939024,5,0.0,0.0,0,5
61.51440729114059,33.218749081252156,93.05302598110896,14,0.0,0.21874908125215597,-1,2
84.29205134189259,26.68377569156554,22.04536870190909,11,0.0,0.0,1,0
21.590677129931056,38.5198083129433,34.70880095817129,6,18.409322870068944,5.519808312943297,0,63
42.17059949171298,24.487474526257113,54.1163386869398,4,0.0,0.0,0,9
12.241000918064202,18.332019760081614,36.918946842992256,12,27.758999081935798,0.0,0,83
40.992702340484485,33.001852406729995,65.04688652821908,23,0.0,0.001852406729994982,0,9
43.118062427463464,30.553725482683475,46.979678873854226,18,0.0,0.0,0,8
55.74966517829208,35.20996899432947,65.93558719560436,6,0.0,2.209968994329472,0,4
57.59670805881587,29.857862849144055,45.52717123110699,13,0.0,0.0,0,4
46.637082179848214,42.04005345079243,59.80791371563356,12,0.0,9.040053450792428,0,7
74.48011132487802,26.866671948974265,32.771672709070295,19,0.0,0.0,0,0
36.32470568283458,34.277811194233706,84.873587626004,8,3.6752943171654167,1.2778111942337063,-1,10
13.64602081003112,24.847255687082704,19.406129268406882,8,26.353979189968882,0.0,1,94
31.512420763665443,30.95065915800402,37.26024534774723,10,8.487579236334557,0.0,0,25
48.951869087051165,32.06813464237634,24.433087068630236,4,0.0,0.0,1,7
31.624553347438216,32.99537673744982,64.40537213377681,20,8.375446652561784,0.0,0,25
46.99316400210206,32.65795945985892,59.71299037977849,9,0.0,0.0,0,7
37.91958323723533,10.0,28.072617717228606,20,2.0804167627646706,0.0,1,10
79.56447048551605,27.58793646550839,67.94804893633122,9,0.0,0.0,0,0
47.89707711189322,24.54935416073542,37.42624106304963,16,0.0,0.0,0,7
60.33923990171862,25.732688597161125,56.97173643328803,17,0.0,0.0,0,3
76.91429192624395,26.2995413513788,61.19831229176822,18,0.0,0.0,0,0
21.045975404010125,33.864843999768866,45.59232663177245,16,18.954024595989875,0.8648439997688655,0,65
46.479041192517194,29.215475277808242,66.37736002361521,16,0.0,0.0,0,7
51.54415651785121,24.95486042445961,47.406047654684436,7,0.0,0.0,0,6
48.22563435859623,19.190411317950065,56.09724167216956,1,0.0,0.0,0,7
62.06457479319316,37.198345961215814,45.06575096568417,22,0.0,4.198345961215814,0,2
15.365983717923065,24.116092013284188,16.37199514588349,20,24.634016282076935,0.0,1,88
32.43633057862863,27.215761321544658,47.776376814095926,6,7.563669421371372,0.0,0,22
61.47673287263083,40.83321330823596,34.274010329078685,0,0.0,7.833213308235962,0,2
22.28013795782399,24.279354533882483,75.0608432194499,23,17.71986204217601,0.0,-1,37
74.33925106796579,26.34592463394852,25.444831162416982,1,0.0,0.0,1,0
75.08067191604493,29.393075702954196,72.050338346452,0,0.0,0.0,-1,0
40.19644167544632,18.364320989877342,46.782108669436596,23,0.0,0.0,0,9
52.34653153126795,17.669206596558077,57.31163824238358,16,0.0,0.0,0,5
42.45608847543795,25.1103207883701,25.161502864029845,14,0.0,0.0,1,9
47.77597949601876,25.31798132501617,44.44177583910162,14,0.0,0.0,0,7
20.272854349827455,28.80535729184472,38.03684591866893,17,19.727145650172545,0.0,0,59
56.58844739080416,22.132034006174084,87.85836458080229,14,0.0,0.0,-1,4
23.54912996370736,30.603882594601966,37.59178554599363,17,16.45087003629264,0.0,0,49
67.47130719667157,15.059698503736426,70.76077938205317,18,0.0,0.0,-1,0
42.2536697233888,27.578251600071983,71.01256678278398,5,0.0,0.0,-1,9
59.13472663710498,30.161057843060906,70.50691845301382,14,0.0,0.0,-1,3
14.942713636112384,29.970665443130972,39.31023913529922,7,25.057286363887616,0.0,0,75
34.20261787520864,27.023341061711637,82.48813092288327,14,5.797382124791362,0.0,-1,12
52.44769684503062,24.037968453604652,86.2192650522922,4,0.0,0.0,-1,5
53.575139316154974,26.848777574939916,56.60809194721198,21,0.0,0.0,0,5
42.7311066679566,35.40375543202398,41.62282043420165,6,0.0,2.403755432023978,0,9
75.94772416981576,24.403195385803482,34.508360441845966,4,0.0,0.0,0,0
41.063462623129325,33.86866442607261,58.49166438686818,2,0.0,0.8686644260726126,0,9
57.04843871913127,34.823467995390466,51.1682412453303,12,0.0,1.823467995390466,0,4
26.286243867786062,17.584649042451954,53.28887246255274,8,13.713756132213938,0.0,0,41
59.832410297250995,27.23109403578784,25.738378247168782,17,0.0,0.0,1,3
63.61270866088894,22.13354966081795,50.59310238935113,10,0.0,0.0,0,2
56.64760380547597,18.98899687489793,70.58927537582076,7,0.0,0.0,-1,4
58.292645224034715,32.75218502796692,64.67332350077001,7,0.0,0.0,0,3
71.4933323955316,30.839937513600336,42.54580522899393,5,0.0,0.0,0,0
53.052783052546694,29.58075643886655,48.03724954412698,16,0.0,0.0,0,5
69.20656528572286,21.487018469288355,23.569971840656407,3,0.0,0.0,1,0
41.67935975760606,29.262785577844895,38.02546073649168,21,0.0,0.0,0,9
24.028731057859474,20.137220872397492,43.879489267692975,6,15.971268942140526,0.0,0,47
56.36963066814269,28.46357165304101,61.40134250885447,0,0.0,0.0,0,4
85.92639419375409,24.030694965522834,37.28573646493588,15,0.0,0.0,0,0
19.66448324319109,34.3047449129948,31.352271387596456,17,20.33551675680891,1.3047449129947992,0,70
88.07572526049903,25.821130055028053,63.63822356384847,14,0.0,0.0,0,0
32.53415701467757,29.387452962477106,42.3931142581175,8,7.465842985322432,0.0,0,22
46.847446968151445,29.400208143734666,34.898994464992654,4,0.0,0.0,0,7
34.55936814869814,27.545202327677384,64.62341409069118,20,5.440631851301859,0.0,0,16
69.25793330383736,28.631992538061944,58.25809104962454,11,0.0,0.0,0,0
68.35136765160948,29.822681440207113,46.26551840828551,11,0.0,0.0,0,0
46.87051892282679,22.62163583390153,43.676946874491485,5,0.0,0.0,0,7
76.95270694406912,30.417636045768177,56.83150730570177,18,0.0,0.0,0,0
79.55662035946641,33.1831849788871,59.69777892217944,22,0.0,0.18318497888709828,0,0
61.816454743898205,30.384088260615062,53.7604107914124,15,0.0,0.0,0,2
44.311722270222916,25.874959533584104,52.171512458655336,17,0.0,0.0,0,8
55.58846746548731,29.04640998296831,39.08075151507319,17,0.0,0.0,0,4
40.92389382348324,25.81743296615617,40.15936823764203,4,0.0,0.0,0,9
34.97261352899935,27.287560457373957,46.907157774106,11,5.0273864710006535,0.0,0,15
27.00134390389885,20.873876041837896,32.700183601280564,6,12.99865609610115,0.0,0,38
35.772933240632476,36.280396103192885,30.59512655748854,9,4.227066759367524,3.280396103192885,0,14
33.84834675752486,39.61292522581108,48.38480753053211,20,6.151653242475142,6.612925225811082,0,21
60.991748302075464,23.776415195676787,67.81002532762928,19,0.0,0.0,0,3
63.11034518428662,32.71702564378871,15.0,13,0.0,0.0,1,2
43.30967338094785,36.747209126308064,42.95410688842597,2,0.0,3.7472091263080642,0,8
24.331200510048305,22.254237585551053,54.90533261336108,8,15.668799489951695,0.0,0,47
45.531946281854665,15.049403605862867,69.30150033425709,17,0.0,0.0,0,8
95.37624690131322,37.10079601624104,82.39816782922006,14,0.0,4.100796016241041,-1,0
32.98252477536673,27.93805225468587,45.35893710042336,13,7.017475224633273,0.0,0,21
66.1298212913885,24.883055846113418,85.5054218819611,9,0.0,0.0,-1,1
47.64664438552753,28.284036420791907,58.2001889198976,23,0.0,0.0,0,7
73.39083762004942,25.785524952838237,64.65611406389606,21,0.0,0.0,0,0
14.366237124526378,45.0,30.823217256826666,15,25.63376287547362,12.0,0,88
39.144129804415236,24.81575480692407,58.16120555132662,20,0.8558701955847638,0.0,0,10
63.907914022282775,29.963952473850785,66.21012655246112,4,0.0,0.0,0,2
22.037864945863724,35.75347529892886,37.59162571767469,3,17.962135054136276,2.753475298928862,0,61
49.16290666030789,35.72456317802583,15.0,17,0.0,2.724563178025832,1,6
20.44171491406621,34.575927093471975,52.68212570816183,16,19.55828508593379,1.5759270934719751,0,67
17.008096378907315,25.445945447604988,46.131178856956524,5,22.991903621092685,0.0,0,68
60.11649472812529,27.087408145372837,74.19655104753684,20,0.0,0.0,-1,3
62.42921207741622,14.953212118601165,40.3103906038506,17,0.0,0.0,0,2
43.08834190479819,27.553027381784638,37.30982262540054,5,0.0,0.0,0,8
55.21729924928491,28.196840265591437,28.914421931771166,14,0.0,0.0,1,4
75.2737996197246,32.45033922167477,38.65848816730512,20,0.0,0.0,0,0
52.725845489266646,38.77292417786095,95.0,18,0.0,5.772924177860951,-1,5
49.31952546290647,32.267857863998024,21.440296527098127,10,0.0,0.0,1,6
22.30513171978224,34.42387092649355,25.964762346617654,19,17.69486828021776,1.4238709264935494,1,73
50.787946794535266,27.895203763424323,49.022551414828655,7,0.0,0.0,0,6
14.774375799593347,35.70578538174264,85.54217546135784,23,25.225624200406653,2.7057853817426434,-1,60
34.77548124491566,28.066793972875693,63.34781891579083,23,5.22451875508434,0.0,0,15
31.167444078005026,34.84363719362166,77.9419154515183,7,8.832555921994974,1.8436371936216602,-1,21
17.288764588476337,32.82699765813109,43.06906034601444,16,22.711235411523663,0.0,0,68
52.251378428948016,30.356354421977315,24.978113767764167,23,0.0,0.0,1,5
54.18389236404754,18.755625879185764,41.91411904287925,6,0.0,0.0,0,5
17.852351320425285,34.56008200160105,47.755338358066886,17,22.147648679574715,1.560082001601053,0,76
37.18504776774744,30.268813793079648,50.19723124751134,12,2.8149522322525584,0.0,0,10
50.24353713148271,32.2154500712587,46.14826432876244,10,0.0,0.0,0,6
29.410413215687193,29.881247945388576,60.63322119315319,15,10.589586784312807,0.0,0,31
69.05089474419366,30.915581510355207,37.18549784928715,11,0.0,0.0,0,0
75.57886159653492,35.80392391566836,33.311146031121766,17,0.0,2.8039239156683635,0,0
44.96937437376398,25.15645876277777,28.316858838722172,23,0.0,0.0,1,8
53.189857896802515,30.80583139828461,53.69047436555472,5,0.0,0.0,0,5
46.61330096872083,23.33538988678108,51.90351615204118,4,0.0,0.0,0,7
33.91498847323924,31.460080807443518,69.64560818327843,14,6.085011526760759,0.0,0,18
18.567899579448532,29.50772278434525,77.84582426840998,23,21.432100420551468,0.0,-1,45
10.866944083567262,24.21418758012068,28.26725348570735,20,29.13305591643274,0.0,1,104
75.438441890484,28.561983633601788,50.42339108029401,9,0.0,0.0,0,0
43.918648146289556,24.58774409358891,46.30357646574119,19,0.0,0.0,0,8
88.99150967813628,25.73199442090936,22.338874808946592,21,0.0,0.0,1,0
36.94930382364356,30.128841591052996,40.492973948093024,7,3.050696176356439,0.0,0,10
25.716144382476863,29.610393157731167,78.19911393868392,2,14.283855617523137,0.0,-1,29
52.63369497765667,16.47713038843588,38.6113528695821,23,0.0,0.0,0,5
23.833279700314026,30.222932722573585,35.61825655369558,3,16.166720299685974,0.0,0,48
75.48056051088285,26.180001500166096,49.06305116435803,0,0.0,0.0,0,0
56.00423344870514,25.514152353664294,66.41043688657938,7,0.0,0.0,0,4
18.673113961246756,21.23707054226552,44.515818438436355,18,21.326886038753244,0.0,0,63
17.6287222953578,27.727652191039656,52.298357180512475,17,22.3712777046422,0.0,0,67
37.579098424183044,24.861894364174606,15.0,7,2.4209015758169556,0.0,1,10
39.6256569334523,35.64113676582906,60.30186965955259,16,0.3743430665477021,2.64113676582906,0,10
17.620748715564506,17.503412790109458,53.980368655883126,22,22.379251284435494,0.0,0,67
94.83468862866714,22.21645845964897,65.92424694582027,0,0.0,0.0,0,0
18.915187383133272,21.810208176285286,16.38275305080363,20,21.084812616866728,0.0,1,75
46.98704110734754,29.5519464508392,44.55529937679635,14,0.0,0.0,0,7
38.83826550672058,35.03876778686857,67.35527393261148,21,1.1617344932794182,2.0387677868685685,0,10
18.27624949090878,31.01873071905508,39.97513711260663,1,21.72375050909122,0.0,0,65
12.853949236708315,21.432117284060983,50.918957550030676,6,27.146050763291683,0.0,0,81
79.24574147406955,25.424613780049715,42.626745422536935,9,0.0,0.0,0,0
33.68147138779211,23.14493967553563,43.06778117729459,19,6.318528612207892,0.0,0,18
26.271575422767924,31.04638794340447,71.00840720944583,16,13.728424577232076,0.0,-1,28
38.331795161749696,25.302578558715865,24.378936889168667,7,1.668204838250304,0.0,1,10
74.04662727951529,19.523211908530776,49.0950338030258,5,0.0,0.0,0,0
28.61774265739538,31.50823911636533,54.53171268084753,10,11.382257342604621,0.0,0,34
46.50404075458261,35.579551201406765,66.88581240431347,3,0.0,2.5795512014067654,0,7
65.62159967844121,26.927965313797834,47.80481718151139,21,0.0,0.0,0,1
52.30455444584422,28.72240227003828,67.43985024863225,19,0.0,0.0,0,5
43.232819322197365,18.96219274654117,49.01664574524077,17,0.0,0.0,0,8
78.7032301754292,15.644574096982872,52.15176934862864,11,0.0,0.0,0,0
13.85501975125814,16.905498000573147,51.46409566846448,15,26.14498024874186,0.0,0,78
28.535170097283906,27.731669203233633,61.79499868590901,6,11.464829902716094,0.0,0,34
87.67090473263372,26.152348022495076,59.75117053467825,3,0.0,0.0,0,0
68.20788984018196,31.27739564667861,29.96493460685857,5,0.0,0.0,1,0
37.43127494022755,26.81408095521407,53.90638655982194,12,2.568725059772447,0.0,0,10
49.897587618007655,33.926571020438686,59.731908649898855,23,0.0,0.9265710204386863,0,6
62.33241274717637,33.23359958821142,76.3111565984336,2,0.0,0.23359958821141902,-1,2
82.13678205545665,26.065240450791933,31.84418004515347,7,0.0,0.0,0,0
53.77138095631943,21.979366756256265,59.692041366220025,1,0.0,0.0,0,5
40.22402933206813,16.503031897555907,43.738082020383835,10,0.0,0.0,0,9
23.195153839608768,36.60141431895764,53.45343350624706,22,16.804846160391232,3.6014143189576373,0,57
79.74806199536847,22.344843970568583,30.677039811749427,1,0.0,0.0,0,0
59.96768996747197,19.021396397335185,49.75911381804934,14,0.0,0.0,0,3
85.0295421539552,28.779144418517564,55.74066135382067,3,0.0,0.0,0,0
22.505805733752062,19.074751985973865,32.537722492759315,0,17.494194266247938,0.0,0,52
50.925729590736736,28.773107743328882,76.07769643366068,12,0.0,0.0,-1,6
70.98693456860532,25.98213494476633,22.20399995496862,11,0.0,0.0,1,0
77.64521023098499,33.54207365499336,59.67601935194785,21,0.0,0.5420736549933594,0,0
68.47516772276634,33.020177992108444,15.0,6,0.0,0.020177992108443732,1,0
49.27158855306622,34.61993562126717,45.41029800911389,15,0.0,1.6199356212671674,0,6
87.95755956733325,29.237570367049525,58.63346339667483,3,0.0,0.0,0,0
57.741828516519455,22.84996006159885,62.82731326181744,13,0.0,0.0,0,4
75.14408246879617,21.778684972265133,48.10328542905588,19,0.0,0.0,0,0
80.88146678777551,24.815820560692213,45.650757454685696,9,0.0,0.0,0,0
55.85282129280758,39.96564909557063,60.21397715408273,3,0.0,6.965649095570633,0,4
73.82452051719102,26.504871612042088,67.11192578754492,12,0.0,0.0,0,0
55.07240401187011,28.966092978400557,74.83304305142697,3,0.0,0.0,-1,4
71.3135356948343,37.11157444230065,26.76535838700259,15,0.0,4.11157444230065,1,0
12.5532856496538,29.527678773291306,46.388376025294235,5,27.4467143503462,0.0,0,82
93.65006568595695,23.508091960719195,15.0,15,0.0,0.0,1,0
20.83961601943655,32.38094604895209,25.384984455451008,17,19.16038398056345,0.0,1,68
46.651570627624935,25.429145148483112,37.325862020491314,23,0.0,0.0,0,7
92.82316759609668,29.73475154164737,65.57021559926247,4,0.0,0.0,0,0
34.32932485362158,31.07294111046025,41.3439245916866,22,5.6706751463784215,0.0,0,17
83.8249695428253,25.0341688069115,44.79863361188878,7,0.0,0.0,0,0
43.65693674878487,29.118229396659743,55.40055211234153,3,0.0,0.0,0,8
34.6480398514398,37.60027721117293,37.9298977407801,21,5.351960148560202,4.60027721117293,0,18
57.835556294278234,24.240791597603916,15.0,13,0.0,0.0,1,4
53.23471877930924,35.901355497936024,36.57332351094456,13,0.0,2.9013554979360237,0,5
48.51541994513677,24.457019211244372,47.82698079356582,7,0.0,0.0,0,7
47.19109171442067,38.81241284960311,58.432330454848476,4,0.0,5.812412849603113,0,7
69.91335394865091,22.867084306140917,46.28499841881253,1,0.0,0.0,0,0
53.229972355595066,25.636865784294525,58.1330041379306,20,0.0,0.0,0,5
33.00469569344229,37.049534649202855,66.64470956769861,0,6.995304306557713,4.0495346492028546,0,24
73.6220090941834,37.313396505198966,70.17012405274474,12,0.0,4.313396505198966,-1,0
86.80854857846853,32.91055996061128,53.1015691075372,6,0.0,0.0,0,0
81.93562099127051,21.5089029888612,29.53111939824077,20,0.0,0.0,1,0
38.10587339876788,28.494455427828306,27.589728437782064,16,1.8941266012321165,0.0,1,10
65.12197519706501,28.007491915341884,29.266372541781827,1,0.0,0.0,1,1
47.41253766723991,22.865121443988322,30.652044564737697,3,0.0,0.0,0,7
14.354489327064531,32.181022992713466,51.789304677735,3,25.64551067293547,0.0,0,76
26.432143072948072,23.339841417620526,83.97396684775475,17,13.567856927051928,0.0,-1,28
29.200295579583518,20.256463675152414,53.814295326006416,2,10.799704420416482,0.0,0,32
53.97129517118924,18.274794710273582,48.48809364931563,5,0.0,0.0,0,5
82.53073634019464,38.273771708166564,67.31403130918592,11,0.0,5.273771708166564,0,0
30.515679077987564,24.93710035680512,35.08585295387712,4,9.484320922012436,0.0,0,28
69.53077128374872,25.062968670876028,68.75662970914932,9,0.0,0.0,0,0
12.59395258139722,21.815981407224523,67.42246207035848,7,27.406047418602782,0.0,0,82
79.6621718536946,36.20754837840661,51.06194742553684,9,0.0,3.2075483784066066,0,0
45.85287161679242,19.718498589988464,87.68742591648034,0,0.0,0.0,-1,8
35.79725005956742,20.77519729505704,70.07416125392268,8,4.202749940432582,0.0,-1,10
46.656598931319586,26.06903139542236,50.81701720954437,12,0.0,0.0,0,7
60.16056674907523,27.870599107069513,47.414246971116285,10,0.0,0.0,0,3
54.87391114025165,31.951811502664356,42.22559905070591,22,0.0,0.0,0,5
29.781174032747092,23.946428778354804,47.64668363384092,9,10.218825967252908,0.0,0,30
56.11092511797979,37.26600286234293,48.16763064096606,7,0.0,4.26600286234293,0,4
31.40593689402732,23.987273588840345,44.249175128395386,3,8.59406310597268,0.0,0,25
14.671047848580788,21.948514330018185,46.14854412633457,14,25.328952151419212,0.0,0,75
51.62761320427026,21.377348426229496,28.535127894915927,13,0.0,0.0,1,6
54.559370992855975,23.35665251447924,39.77351224600621,1,0.0,0.0,0,5
21.73673481369179,20.988745301848788,21.24933725277121,20,18.26326518630821,0.0,1,65
50.38484992543122,32.50542861599436,57.459784786110994,23,0.0,0.0,0,6
12.728190151189999,21.994949584846353,51.4410578206929,23,27.27180984881,0.0,0,81
80.95748263278311,27.20302666085746,47.79344522163177,18,0.0,0.0,0,0
26.550026608103565,21.82270394621697,65.95220406840902,2,13.449973391896435,0.0,0,40
45.149301732620856,20.953233543824563,34.45621525882576,21,0.0,0.0,0,8
46.853857994774636,34.639219076536854,37.20507300918901,9,0.0,1.639219076536854,0,7
85.67946768967101,37.61665347486113,23.338174497025964,20,0.0,4.616653474861131,1,0
8.42033294496954,35.61400725161763,68.41434406591254,5,31.579667055030463,2.614007251617629,0,108
91.58263653451891,19.171984935997976,60.89958663865687,16,0.0,0.0,0,0
75.80002758982974,20.004476336876415,73.93255761591769,13,0.0,0.0,-1,0
51.88059267105937,39.870274455514966,78.48626831635181,11,0.0,6.870274455514966,-1,6
57.77715397784443,26.4740036797498,42.36144806727729,8,0.0,0.0,0,4
48.31957242234009,19.75122833596571,37.19933017972647,1,0.0,0.0,0,7
22.402381354681257,34.49342203207002,17.681611798154293,21,17.597618645318743,1.493422032070022,1,72
61.07492885584336,28.404310253133545,30.23623407729171,17,0.0,0.0,0,2
60.10083707429562,31.41698233399435,44.1516920522606,22,0.0,0.0,0,3
71.31954666220905,14.572657975553067,15.0,12,0.0,0.0,1,0
86.04151721826352,26.042350778777156,30.608031503623476,7,0.0,0.0,0,0
25.796314552911632,33.69282048397379,48.508974136385994,14,14.203685447088368,0.6928204839737901,0,49
68.36895175721075,24.15782741083316,66.08187329427822,8,0.0,0.0,0,0
64.9251824526112,35.410002202395496,37.09256868545063,22,0.0,2.4100022023954963,0,1
17.093184062104097,20.0994695380205,52.30363559554621,12,22.906815937895903,0.0,0,68
26.590651055855393,27.324518400905554,83.54764682591761,16,13.409348944144607,0.0,-1,28
7.760087751064898,37.869528897941265,17.491214904176445,15,32.2399122489351,4.869528897941265,1,120
22.4579855608484,21.09484592611423,69.54570792493267,9,17.5420144391516,0.0,0,52
41.604431971036995,29.628863010628613,56.85390817658271,18,0.0,0.0,0,9
17.51944485254374,31.510598587082733,72.79756215205106,11,22.48055514745626,0.0,-1,47
79.0886050755796,28.548423074217514,67.40406305493474,2,0.0,0.0,0,0
8.479284576449714,26.49971191065965,38.06235740324598,9,31.520715423550286,0.0,0,94
39.66924859095373,22.742089716714087,50.032429521593855,1,0.33075140904627176,0.0,0,10
21.060283643613257,29.179277525679854,23.71021758749175,17,18.939716356386743,0.0,1,68
37.63961507865265,27.38405904393502,40.58714539511204,16,2.3603849213473467,0.0,0,10
51.205558486851366,19.382230616094894,50.52646473589558,21,0.0,0.0,0,6
52.47782222516227,34.59908471900381,55.46456572559228,11,0.0,1.5990847190038124,0,5
64.4592050028685,22.539696096285862,64.20984767630083,23,0.0,0.0,0,1
84.07486352301973,19.5381064869637,78.4926846348183,16,0.0,0.0,-1,0
10.309598603645616,24.42590886388521,42.16018266908211,9,29.690401396354382,0.0,0,89
64.15325233993876,22.643682985651314,70.60583018344603,7,0.0,0.0,-1,1
79.69648120813983,26.45055441427099,54.81144782950254,22,0.0,0.0,0,0
32.86420682892442,20.54529319389775,26.46649089602149,4,7.1357931710755835,0.0,1,25
35.02030428278514,30.687828425620374,47.29273814690454,0,4.9796957172148595,0.0,0,14
39.509627538296996,36.286304646952786,52.085840632551175,2,0.49037246170300364,3.286304646952786,0,10
46.68264792597807,28.63518954991037,34.93944814034095,16,0.0,0.0,0,7
22.7702458441356,19.3342865204121,31.26981622649636,18,17.2297541558644,0.0,0,51
50.998405388951504,22.520681947415326,30.665153688180794,12,0.0,0.0,0,6
41.40263452088529,29.327680573022885,40.216117327490096,9,0.0,0.0,0,9
74.1746752924052,16.19827793819985,34.436660600024105,4,0.0,0.0,0,0
47.75081793605828,20.603307229887083,72.14734117572327,1,0.0,0.0,-1,7
86.81203081075711,18.114977025293427,15.0,17,0.0,0.0,1,0
30.784456026617136,28.692575557863627,52.00288527560364,5,9.215543973382864,0.0,0,27
83.76498474862058,40.97307566961906,59.50965915228233,23,0.0,7.973075669619057,0,0
16.955699068730752,20.4340729307513,32.66914998179692,20,23.044300931269248,0.0,0,69
40.700122788693875,32.89797824714975,45.825552519235856,18,0.0,0.0,0,9
55.342822871135496,24.616741792653073,43.84215883419427,11,0.0,0.0,0,4
28.830789547543485,20.078962981709104,48.60719611156398,8,11.169210452456515,0.0,0,33
57.826864829896266,37.3847730096352,61.93281783461755,20,0.0,4.384773009635197,0,4
34.24820494336796,40.959066105302384,60.32086207734946,1,5.751795056632041,7.959066105302384,0,19
20.058530197753218,30.47117513375709,39.20040037757003,22,19.941469802246782,0.0,0,59
48.672059313813136,30.17506383091883,22.919862232762853,19,0.0,0.0,1,7
15.303897962580857,28.373623570998213,52.97123477160448,1,24.696102037419145,0.0,0,74
46.742295709858325,27.11052142081614,38.17987545573345,5,0.0,0.0,0,7
36.00122755102815,30.04047236177224,40.50040306426335,22,3.998772448971849,0.0,0,11
84.35926107731255,32.05671050629009,54.02203549529028,15,0.0,0.0,0,0
48.42225629417022,37.98004380189714,42.16870942537893,8,0.0,4.980043801897139,0,7
76.26616698508766,24.86360024889762,55.52088757142643,19,0.0,0.0,0,0
22.09678039269494,28.764319306683465,95.0,16,17.90321960730506,0.0,-1,37
83.9864560824548,27.469287064615777,62.34519608561368,22,0.0,0.0,0,0
55.208899921110074,34.144372029273214,74.20816223462012,9,0.0,1.1443720292732138,-1,4
30.599199443516824,42.40048455008571,59.19607604625647,14,9.400800556483176,9.400484550085707,0,32
41.3207194391788,34.35138670174972,51.38811959305282,14,0.0,1.3513867017497176,0,9
54.740211521004035,32.789463463353336,59.46916251875593,1,0.0,0.0,0,5
62.09265077905234,33.447246440815576,58.5915465781166,16,0.0,0.44724644081557585,0,2
23.429475533888798,35.60453616975184,65.53049832323764,17,16.570524466111202,2.6045361697518388,0,57
85.21563585408464,42.48668367446824,51.06859537091497,3,0.0,9.486683674468239,0,0
28.066773731949326,17.88768850950089,26.450316403348648,19,11.933226268050674,0.0,1,42
13.424375097899494,31.59756964025912,23.573454888187598,10,26.575624902100508,0.0,1,95
29.69650710103315,12.512742131436726,58.3022091966143,10,10.303492898966851,0.0,0,30
92.07590273178653,33.70812101809875,29.728487368916195,4,0.0,0.7081210180987512,1,0
42.93817630823181,31.306227726111768,62.35568122278013,20,0.0,0.0,0,9
39.52175747711823,24.719038174875426,74.09577394082397,2,0.4782425228817715,0.0,-1,10
57.85037925219317,11.979816060933516,46.02812268255389,23,0.0,0.0,0,4
50.230555751635464,27.913631374597855,71.80423206525342,14,0.0,0.0,-1,6
73.26746965911252,29.337053516582202,54.660884993258136,5,0.0,0.0,0,0
24.09662860267419,27.621352944690603,50.466560670262986,16,15.90337139732581,0.0,0,47
83.09964570445423,24.271432155695436,51.31123116270111,17,0.0,0.0,0,0
71.48291611001662,22.61926894035355,35.04469313408352,6,0.0,0.0,0,0
1.7649235384665878,27.689287521502177,32.74457662329844,21,38.23507646153341,0.0,0,114
57.72634487627262,23.188740605019905,20.407263203528423,0,0.0,0.0,1,4
39.70886521883892,32.85580185519493,36.804263210023265,3,0.2911347811610767,0.0,0,10
60.68082697322962,27.527783576362644,88.50908961338844,23,0.0,0.0,-1,3
21.314261956346265,17.652004423445828,23.11941934544579,18,18.685738043653735,0.0,1,67
73.64695957025197,29.06019679993308,28.822326731591104,11,0.0,0.0,1,0
78.33092581353583,30.48514878296418,35.49938204511263,7,0.0,0.0,0,0
28.371866567652926,37.70792724724281,36.34420869714557,15,11.628133432347074,4.707927247242807,0,40
53.35091299149147,33.56883438694975,54.847830021887944,16,0.0,0.568834386949753,0,5
60.59490335506733,22.607854666301453,38.98739521211106,1,0.0,0.0,0,3
33.66631531061384,36.55495876787832,46.426718781992875,10,6.3336846893861605,3.5549587678783183,0,21
44.00142362585982,19.683806945288815,34.708983288643616,14,0.0,0.0,0,8
49.3924689299381,28.169001641499847,41.44599536440333,14,0.0,0.0,0,6
35.195097915782256,32.52440859513106,48.925857855991694,18,4.804902084217744,0.0,0,14
77.28986789081492,36.752172762629954,47.57800794352515,21,0.0,3.7521727626299537,0,0
45.495753270096984,39.33340610096265,85.65375410871648,1,0.0,6.333406100962648,-1,8
61.96965077537877,35.648342788080924,49.49263972361002,12,0.0,2.6483427880809245,0,2
55.40712409009594,27.180312350934734,46.22464834033245,12,0.0,0.0,0,4
25.567036736027276,31.478031353016213,15.0,4,14.432963263972724,0.0,1,51
65.94201946381531,29.346424053433015,54.31865749641406,3,0.0,0.0,0,1
42.55641080404896,23.743390697190442,15.0,21,0.0,0.0,1,9
82.59668837774082,27.306248604181246,59.93051245169382,3,0.0,0.0,0,0
61.23771945907844,38.78692279684347,52.563512732337834,10,0.0,5.78692279684347,0,2
89.86799647550686,31.876969541635756,64.36214907790394,14,0.0,0.0,0,0
83.97423894280148,40.356205525229385,38.58027887826421,11,0.0,7.3562055252293845,0,0
32.072584899882145,21.50500853644815,50.485636332002656,14,7.927415100117855,0.0,0,23
36.0025076604677,25.71065470547678,62.16378761363778,0,3.9974923395323003,0.0,0,11
14.355901636004562,30.49155097546811,33.26813662304568,13,25.64409836399544,0.0,0,76
33.29283024527879,32.45414715680786,60.98061751424864,19,6.707169754721207,0.0,0,20
51.90504676495053,27.29929548566571,60.15661081768113,12,0.0,0.0,0,6
50.03576664065974,32.80300512069286,47.57238883038855,23,0.0,0.0,0,6
26.278158512297306,32.757748390488636,78.41360906751777,11,13.721841487702694,0.0,-1,28
52.045131760294815,19.672462567538798,59.27995516751891,7,0.0,0.0,0,5
61.69242487195594,32.52064944993921,19.865246431570064,11,0.0,0.0,1,2
46.776600935907936,34.439586268252455,67.79638585355336,7,0.0,1.4395862682524552,0,7
26.54396523522133,29.776930379857163,38.154040125484514,8,13.456034764778671,0.0,0,40
72.07597034483632,16.960232161833318,64.35826296572587,10,0.0,0.0,0,0
59.44414875105777,26.3389822553994,55.319490720746806,6,0.0,0.0,0,3
44.86551983729017,30.62764140586103,15.0,0,0.0,0.0,1,8
30.52007166773644,22.80577222039754,60.88756848816038,6,9.479928332263562,0.0,0,28
94.26959938686007,33.50984710662674,46.01018733292594,0,0.0,0.5098471066267365,0,0
62.787209840834244,32.37754141088182,41.72995460010129,21,0.0,0.0,0,2
26.578229648597475,28.806920061301586,42.400435772489,20,13.421770351402525,0.0,0,40
52.829558941645594,28.104640809849087,64.1998194047332,6,0.0,0.0,0,5
56.13739826132373,29.157318246060132,33.417126562672664,21,0.0,0.0,0,4
45.87491695277953,27.97564298373682,70.03905490544408,8,0.0,0.0,-1,8
55.405659138690275,20.287075115592124,22.646300929123292,8,0.0,0.0,1,4
23.436964407018632,25.41935851553056,55.32249554085474,12,16.563035592981368,0.0,0,49
38.37236041777864,28.4348534051755,63.90392924609593,21,1.627639582221363,0.0,0,10
59.93085596539422,36.51161697671759,63.46216980840202,17,0.0,3.5116169767175904,0,3
76.6353317501114,32.15226368504896,53.31339847900998,15,0.0,0.0,0,0
31.067250987570876,36.833907827318654,46.27767693696719,18,8.932749012429124,3.8339078273186544,0,30
67.95690966967791,19.570269431161186,40.10027093585904,21,0.0,0.0,0,0
72.23804598953654,25.86293641887655,27.996432137758344,17,0.0,0.0,1,0
76.19434911922517,40.443148735393386,37.65793816303256,11,0.0,7.443148735393386,0,0
47.78791315457462,23.542190810590686,32.69518241404096,7,0.0,0.0,0,7
94.99151409557372,23.422433770505016,29.744307104790117,11,0.0,0.0,1,0
31.102720459314753,26.369471992491903,82.46678867679282,3,8.897279540685247,0.0,-1,18
48.25420931626028,40.10867046158806,19.050309456772787,14,0.0,7.108670461588062,1,7
32.99078487220213,23.970854888829702,70.25917454835137,19,7.009215127797873,0.0,-1,14
46.780930813331125,31.34490687644423,27.742963392645837,0,0.0,0.0,1,7
45.447849898514214,30.35220430165416,31.60172512157445,20,0.0,0.0,0,8
45.39495280080554,16.429067064755003,31.307438498818172,15,0.0,0.0,0,8
85.30762777119206,27.905936210770214,30.011436364403995,21,0.0,0.0,0,0
54.435693796348936,24.682448841715043,66.61139022948336,16,0.0,0.0,0,5
33.87784828550274,32.06783207977634,60.59060371734529,20,6.122151714497257,0.0,0,18
70.16070172083062,38.43442143216392,45.813215627123384,18,0.0,5.434421432163923,0,0
41.762475091983504,25.932709976830036,95.0,8,0.0,0.0,-1,9
68.60077340574546,25.932455880038614,49.69891839838883,12,0.0,0.0,0,0
32.81688014002896,43.10696941949385,51.07777212627873,3,7.183119859971043,10.10696941949385,0,24
39.502422429573926,23.730750921137147,37.65851928641,20,0.4975775704260741,0.0,0,10
29.86039175313265,19.941990097993454,35.514795216816026,16,10.13960824686735,0.0,0,30
56.778879296632226,36.26543145813932,40.40396082266384,14,0.0,3.265431458139318,0,4
47.4578410332542,27.696198765278456,65.33112620263455,15,0.0,0.0,0,7
48.161925098652794,29.69991663406932,60.28020177406543,16,0.0,0.0,0,7
68.03685311802664,41.3890365663472,73.23083392299203,5,0.0,8.389036566347201,-1,0
42.727311575353326,19.582125656997725,37.09261397804683,14,0.0,0.0,0,9
38.92205838419805,26.82722519488586,60.61116330679233,14,1.0779416158019473,0.0,0,10
49.14692486539546,20.58238694264364,55.49914711144627,16,0.0,0.0,0,6
71.57928394889238,30.011100746985683,57.81563782557919,23,0.0,0.0,0,0
85.23748749933961,24.681978030690523,34.452038537682114,8,0.0,0.0,0,0
30.838450003491204,20.962374472513567,31.302806314227034,4,9.161549996508796,0.0,0,27
93.26264105612468,32.39366473190753,59.70448910667322,23,0.0,0.0,0,0
63.131355999976456,28.061974698295412,65.71113842257958,9,0.0,0.0,0,2
33.22455366376613,20.49020914896473,38.87049080432337,6,6.77544633623387,0.0,0,20
49.466747370463146,20.85782201855553,60.96263343810314,9,0.0,0.0,0,6
20.769623004695823,29.24684919001446,71.58874120342468,18,19.230376995304177,0.0,-1,40
41.70830484174419,17.97535701093225,43.487640021984106,5,0.0,0.0,0,9
70.79464105339477,29.364905610231663,24.10137270338418,0,0.0,0.0,1,0
80.7264522468153,36.03734110422573,26.351769251997197,18,0.0,3.0373411042257317,1,0
19.47851588553252,32.002361769521585,37.822591271434625,12,20.52148411446748,0.0,0,61
14.757947911206386,24.2600494121644,41.97175083492448,16,25.242052088793614,0.0,0,75
44.70250122173702,29.646041629525484,49.349501310817374,6,0.0,0.0,0,8
44.048717364751596,20.49054286485923,49.715271582865796,5,0.0,0.0,0,8
68.505694956288,28.8177031242131,45.09750279765809,11,0.0,0.0,0,0
14.959126774416717,26.03890285399313,62.22622962510514,20,25.040873225583283,0.0,0,75
59.73661096258785,21.763891543798294,36.30607479052212,17,0.0,0.0,0,3
76.53214980804833,31.74230021576691,72.76413908282373,10,0.0,0.0,-1,0
94.11932522814013,16.135156414249632,66.92118562322645,3,0.0,0.0,0,0
64.45030109567772,20.88512336126378,65.602528197979,13,0.0,0.0,0,1
22.877463827477143,21.6065130628787,38.12890581462116,1,17.122536172522857,0.0,0,51
34.89175971171027,24.97115466109412,47.904380831610986,16,5.108240288289728,0.0,0,15
31.239578818110996,35.79602480880058,63.01118192536043,10,8.760421181889004,2.7960248088005812,0,30
52.53704591438388,32.52555921803596,46.40154483268235,20,0.0,0.0,0,5
89.37141434093219,28.63187237722608,37.41530131885733,23,0.0,0.0,0,0
32.90822462770425,28.34898448786724,36.69327260211273,5,7.09177537229575,0.0,0,21
44.57797600945922,27.929458374445264,37.56994947091771,2,0.0,0.0,0,8
1.943893272689409,36.23094969975072,29.103139216094323,14,38.05610672731059,3.2309496997507168,1,120
21.80487349729534,17.105869032431933,95.0,1,18.19512650270466,0.0,-1,38
34.192987747825626,32.62934822972607,15.0,16,5.807012252174374,0.0,1,20
74.42718610225832,24.95083501069677,32.34577006362743,21,0.0,0.0,0,0
70.24126729147773,31.01794190977849,60.72841938074608,21,0.0,0.0,0,0
78.3064665141792,31.04665577790443,37.734785849443384,18,0.0,0.0,0,0
30.28290385504721,32.39946965187671,43.669180582795,18,9.71709614495279,0.0,0,29
68.0360648773691,37.50188498865652,57.113403339291544,6,0.0,4.501884988656521,0,0
57.02142653992166,19.77378735348048,68.5823715278334,21,0.0,0.0,0,4
59.57246354337629,34.032668209652385,45.07845288456994,18,0.0,1.0326682096523854,0,3
17.662494633028246,27.61687077862752,66.59650506320705,1,22.337505366971754,0.0,0,67
64.13031124330722,25.23486424014097,19.446437282383027,14,0.0,0.0,1,1
93.14525888328524,40.20257272622624,39.09241873989376,10,0.0,7.2025727262262365,0,0
32.72140690914899,32.21146743670428,58.90674039993637,3,7.278593090851011,0.0,0,21
18.259703275948212,25.496772632428666,85.51743114862433,7,21.740296724051788,0.0,-1,45
97.60608213072217,33.74387395867778,32.62294708540219,22,0.0,0.7438739586777814,0,0
65.17781952235605,27.723649149807475,29.454039861051797,11,0.0,0.0,1,1
71.68495051231955,25.40269089645414,56.14523729480326,3,0.0,0.0,0,0
85.13904388725524,24.36347734109609,50.957256194780626,19,0.0,0.0,0,0
80.05386359668337,29.827379054741733,37.06820631637692,5,0.0,0.0,0,0
34.48317500212435,24.316768087304297,28.099613586371188,11,5.516824997875652,0.0,1,19
19.98411360429668,28.932573348300693,40.749931771736684,3,20.01588639570332,0.0,0,60
79.07150727929361,33.3220952647242,59.38227265949386,0,0.0,0.32209526472419725,0,0
35.60314939108065,28.663066706624388,44.00238244589033,23,4.396850608919351,0.0,0,13
25.37819111045953,39.8590063549158,71.08092202401951,16,14.621808889540471,6.859006354915799,-1,35
83.21005079556221,28.079237388647776,47.551599613747044,14,0.0,0.0,0,0
26.963576020591812,36.09423148814419,60.827089587788265,0,13.036423979408188,3.094231488144189,0,44
41.46904498031041,33.85777250491541,55.012529133928574,14,0.0,0.8577725049154097,0,9
83.53740906366095,37.15180745327898,42.733988302065946,2,0.0,4.151807453278977,0,0
12.873573500743083,39.832624472830624,64.99611946940806,3,27.126426499256915,6.832624472830624,0,93
91.02023352654534,17.431977988320426,28.088866264456758,17,0.0,0.0,1,0
12.967759339817842,29.590985773100076,40.03573216041762,12,27.032240660182158,0.0,0,81
37.383294641043754,27.32878804241032,42.5499547684436,19,2.6167053589562457,0.0,0,10
19.19415684876565,28.668598377797146,56.867696378173356,8,20.80584315123435,0.0,0,62
43.54625796820585,25.615600322961196,61.35489863285019,7,0.0,0.0,0,8
54.72320080339497,24.739260496889003,35.32676717433435,19,0.0,0.0,0,5
24.941653555998496,21.40247318739247,32.79027651529393,13,15.058346444001504,0.0,0,45
45.620541369653594,28.58429968154159,51.41433636158641,21,0.0,0.0,0,8
26.366840838297733,33.6040926203518,22.322324870460157,13,13.633159161702267,0.6040926203517998,1,56
47.82725008257193,25.037827622202087,68.14104423875453,4,0.0,0.0,0,7
25.33255921597346,26.02895491504745,45.97103437842473,1,14.667440784026539,0.0,0,44
51.43653727567125,23.81156363654739,28.94827342474559,5,0.0,0.0,1,6
23.427350203165222,22.03389644543006,28.592135714630807,13,16.572649796834778,0.0,1,59
50.5722893428518,26.583137572930855,55.63642016342984,15,0.0,0.0,0,6
22.18618261368393,30.05929893216028,55.149340431469646,0,17.81381738631607,0.0,0,53
36.86512860277973,35.54407680262241,36.16817944823047,6,3.134871397220273,2.5440768026224134,0,10
57.32725446555731,20.847381043285047,47.95028363332192,19,0.0,0.0,0,4
25.58861350710917,27.81769221214695,29.674294152221353,9,14.41138649289083,0.0,1,51
7.342072236834747,35.06881983085823,45.34853167669676,17,32.657927763165254,2.0688198308582315,0,112
6.24901236475751,20.926972326238673,76.55975994106679,8,33.75098763524249,0.0,-1,70
58.337072468656416,35.602098696528486,88.3500937509719,6,0.0,2.6020986965284862,-1,3
70.92007971909341,25.366276928149126,46.18831813167229,16,0.0,0.0,0,0
84.02458337348614,32.268030735005716,57.77316126502176,6,0.0,0.0,0,0
70.43043303601216,26.691600624477122,57.06204012837112,15,0.0,0.0,0,0
43.139616343959275,30.752491222210374,19.021365335979574,4,0.0,0.0,1,8
1.480128510475752,37.65424075413691,29.3025934747675,18,38.51987148952425,4.654240754136907,1,120
21.855360325840508,27.271515353217076,15.0,22,18.144639674159492,0.0,1,65
54.96712393479747,33.9790003913743,58.083323835167214,21,0.0,0.9790003913742993,0,5
26.652884570986934,29.647822844425477,85.01691227550792,20,13.347115429013066,0.0,-1,28
59.84979947675577,23.283881673260687,69.18505797055943,0,0.0,0.0,0,3
56.29851102482554,27.126476732169767,50.800989393681945,20,0.0,0.0,0,4
59.89971671884553,26.751373456957623,48.26330087355413,14,0.0,0.0,0,3
37.657940417519114,19.529145758611644,43.65735909234181,11,2.3420595824808856,0.0,0,10
81.25886935290019,30.75422960060255,69.07402306693875,19,0.0,0.0,0,0
37.21056057734614,31.947827706505986,53.881831909624815,19,2.7894394226538566,0.0,0,10
82.21824666451677,32.87434495525349,51.12428223927732,22,0.0,0.0,0,0
23.768109367042236,36.578739107092744,30.140994089117612,14,16.231890632957764,3.578739107092744,0,56
79.17135218263542,33.72355255365872,60.81937751926553,16,0.0,0.7235525536587204,0,0
57.616243850505896,24.381840827376454,47.30028254838171,7,0.0,0.0,0,4
23.235530739078193,25.658795602414116,57.14543760158334,16,16.764469260921807,0.0,0,50
9.375318569165644,33.0325479583247,67.98337962649462,10,30.624681430834357,0.03254795832469881,0,105
69.89210134053924,30.338247827018613,20.57217234901198,15,0.0,0.0,1,0
36.20739848693522,27.893044687852704,44.67903422111617,9,3.792601513064781,0.0,0,11
39.98294024291944,22.751675830211,42.06890399205849,4,0.017059757080559734,0.0,0,10
54.03720363109078,24.81569529185701,40.482469784119345,8,0.0,0.0,0,5
34.99047882715246,31.49685646430423,29.895985489258752,8,5.009521172847542,0.0,1,18
76.74966523094507,16.29491608593054,36.9046181121067,5,0.0,0.0,0,0
53.886628279985935,13.96018327650923,30.227890276297785,2,0.0,0.0,0,5
83.37430696575474,32.16026434507503,64.84843333328179,9,0.0,0.0,0,0
25.05067957381288,24.79911795061092,56.793479533198116,12,14.949320426187121,0.0,0,44
43.485646035720755,30.811223704667906,55.54541406873666,14,0.0,0.0,0,8
42.58105393626234,37.46003357727851,15.314416065438579,14,0.0,4.460033577278509,1,9
17.43160121439262,21.92160521469004,85.07918342026667,4,22.56839878560738,0.0,-1,47
80.51039179452785,17.98244091018024,42.646490995312384,3,0.0,0.0,0,0
51.06089614483896,26.341614101696717,81.40335982581635,3,0.0,0.0,-1,6
33.50652726339599,23.89119935353752,63.48437698142091,16,6.493472736604012,0.0,0,19
23.783010355314946,27.847845957811785,45.83005209680133,16,16.216989644685054,0.0,0,48
48.49920658509975,31.228195465982825,86.77767987048075,12,0.0,0.0,-1,7
6.798130927523488,29.96016564946058,60.21284478770931,12,33.20186907247651,0.0,0,99
46.098384441305086,28.277511044555148,45.889813694423175,15,0.0,0.0,0,7
26.43195601628629,34.34895220794916,42.96018673794972,8,13.56804398371371,1.3489522079491607,0,46
38.849822675632964,32.02419766905847,68.575167623223,17,1.1501773243670357,0.0,0,10
28.315447505594527,26.91160357712362,40.34281892641478,21,11.684552494405473,0.0,0,35
74.90461151621308,31.81149176982874,43.18582555246138,5,0.0,0.0,0,0
65.64999605825177,18.72631398287227,39.2549136864153,11,0.0,0.0,0,1
67.94306971886634,34.382491449062705,36.39841361812293,7,0.0,1.3824914490627052,0,0
35.49847422310835,28.13314013077961,37.49960265627151,7,4.501525776891647,0.0,0,13
52.76426993274582,20.795923016811223,81.9042209607536,9,0.0,0.0,-1,5
19.864930763820844,25.50016962667522,68.13637312511224,5,20.135069236179156,0.0,0,60
43.61093870129676,34.22524235719566,54.23591248349837,8,0.0,1.2252423571956612,0,8
93.91507493820605,23.394044256103264,40.14504465627935,7,0.0,0.0,0,0
56.14849781312712,30.463587828077138,40.075290042265976,19,0.0,0.0,0,4
88.25316372344399,33.272661813464964,43.40078939808981,6,0.0,0.2726618134649641,0,0
11.900755586220638,28.146628307029935,82.20117323449111,2,28.09924441377936,0.0,-1,59
26.73925850823382,22.812441166011286,55.23647907885767,20,13.26074149176618,0.0,0,39
54.91532032807085,27.61658118368231,63.45569887213692,21,0.0,0.0,0,5
38.09588158126976,19.543645059839175,53.597030498264715,21,1.904118418730242,0.0,0,10
78.23899820826213,25.068066585333,34.05855349859324,4,0.0,0.0,0,0
68.73399203565454,21.356624436114778,51.84612366505059,9,0.0,0.0,0,0
51.13588539497225,27.718543431398196,30.635011864385056,6,0.0,0.0,0,6
39.25589459312423,20.38412370346276,71.51603197648275,6,0.744105406875768,0.0,-1,10
37.65458641140832,28.500514705449174,36.52479519131848,22,2.3454135885916827,0.0,0,10
42.30140360046475,34.797220702431275,39.705960559645106,3,0.0,1.7972207024312752,0,9
72.14369993387541,35.173989225373845,64.63720881407076,14,0.0,2.1739892253738446,0,0
12.489577032575603,20.52734242435236,37.430292994853346,17,27.510422967424397,0.0,0,82
27.80352033686452,24.003415837649907,46.057007252701744,1,12.19647966313548,0.0,0,36
14.807530211784902,33.11659161592775,15.0,21,25.1924697882151,0.11659161592775291,1,104
34.298310223019456,32.224261652717104,44.19322218889677,5,5.701689776980544,0.0,0,17
21.1878874816424,24.308792221510732,60.69724946217208,9,18.8121125183576,0.0,0,56
53.13194046483933,25.081182515994772,38.72477628674822,12,0.0,0.0,0,5
39.305399889678384,28.493588531607347,60.06703317008298,20,0.6946001103216162,0.0,0,10
32.67406802673554,17.00024469675934,49.709159232465005,23,7.32593197326446,0.0,0,21
12.301334445472536,31.15198340659182,69.58102324108535,5,27.698665554527466,0.0,0,83
28.286471458838697,34.49842846314476,36.77035025742414,9,11.713528541161303,1.4984284631447622,0,40
85.77481124661814,25.665329706526094,45.652101206295455,14,0.0,0.0,0,0
38.702557986720954,19.48468592328879,23.546206088196136,9,1.2974420132790456,0.0,1,10
77.76777723398563,36.47568173799671,48.3426427167003,1,0.0,3.475681737996709,0,0
47.90296679174043,29.316575291745615,42.41202154755415,18,0.0,0.0,0,7
75.23489984279834,32.25375772363024,67.2821131535155,13,0.0,0.0,0,0
37.65332613821509,20.073204328139543,38.754765750146305,3,2.3466738617849074,0.0,0,10
65.00494217467768,20.09511122107615,42.37288094960666,15,0.0,0.0,0,1
17.410844423795417,30.484727245843715,37.84675686312621,21,22.589155576204583,0.0,0,67
69.32466525530529,34.16538945121842,50.488961768000486,15,0.0,1.1653894512184166,0,0
69.62445105620498,21.224570516712962,85.79326611149644,11,0.0,0.0,-1,0
84.41601524144467,27.389186665285912,15.0,18,0.0,0.0,1,0
26.903953820726855,18.47666288844019,49.139197611720554,6,13.096046179273145,0.0,0,39
66.49905248055568,23.790635062228617,71.13901534566534,2,0.0,0.0,-1,1
46.8128310475451,26.45785640790982,40.738122979498,11,0.0,0.0,0,7
30.55787739805395,30.93283143595275,59.48594084877081,6,9.44212260194605,0.0,0,28
61.535389858406745,15.365346050482144,71.1927592908963,11,0.0,0.0,-1,2
32.17382584004895,35.92239115117499,45.02885922031141,16,7.8261741599510515,2.922391151174992,0,27
52.16075092166239,26.97670556285408,38.25373447553089,20,0.0,0.0,0,5
7.67005049262174,35.7663245026503,66.83743647910404,14,32.32994950737826,2.766324502650299,0,111
73.23391792200174,32.19218418814758,58.916681291271786,14,0.0,0.0,0,0
46.107071362883076,33.11380192619482,48.87735124320235,22,0.0,0.11380192619481733,0,7
41.906617670240244,40.12177767501247,61.00245957381803,21,0.0,7.121777675012467,0,9
57.650967821903976,23.310312428515125,67.28597094822788,18,0.0,0.0,0,4
75.07832378493711,28.81266043491643,49.045640472940775,21,0.0,0.0,0,0
16.390107224798285,22.055750941833825,55.49824012857616,11,23.609892775201715,0.0,0,70
63.7251121968137,27.386744353036207,59.4044189629879,18,0.0,0.0,0,2
30.08221486926317,32.32056787480052,41.68638048672521,12,9.917785130736831,0.0,0,29
53.71073793583009,34.76401772634873,71.38349724244256,14,0.0,1.764017726348733,-1,5
41.88500770435564,25.706442244520925,31.443679006104954,15,0.0,0.0,0,9
14.040175438165466,20.771281824296203,47.63749785637992,1,25.959824561834534,0.0,0,77
35.54335207538043,28.439836105177328,63.815088426317615,0,4.456647924619567,0.0,0,13
29.051307375252716,22.886992220448285,30.98427443259843,22,10.948692624747284,0.0,0,32
64.61042838188514,24.532717540419373,65.68392341217516,8,0.0,0.0,0,1
32.566019156941564,32.03039620190602,53.42529140150166,1,7.4339808430584355,0.0,0,22
77.17019599493435,30.91377791340926,73.85321659756642,2,0.0,0.0,-1,0
50.218454103590645,33.00521394898124,61.03012928530485,0,0.0,0.005213948981243277,0,6
41.17836756880332,25.97668799663247,47.07004129253904,5,0.0,0.0,0,9
82.46457763512177,34.05384245510787,54.16888804429891,17,0.0,1.0538424551078691,0,0
16.981141912089377,28.08609244879615,54.81541147193998,19,23.018858087910623,0.0,0,69
57.606851470571186,26.295067395820055,86.4190169940021,1,0.0,0.0,-1,4
25.525629796367088,21.40718447153628,51.524430568295784,13,14.474370203632912,0.0,0,43
51.22382853450682,15.460388332868908,47.51610810274287,15,0.0,0.0,0,6
70.20983855289525,18.616433692832626,46.48155731468464,20,0.0,0.0,0,0
48.701907723981954,29.292773464139913,53.39940730685824,21,0.0,0.0,0,7
57.77018419480229,22.554880530664782,29.582375870304155,21,0.0,0.0,1,4
15.35749824924981,18.128419437840392,43.1102447335476,17,24.642501750750192,0.0,0,73
52.54237532280421,25.48374792248207,31.78156797041168,19,0.0,0.0,0,5
74.36104888204953,29.678680219884797,34.133639573047,17,0.0,0.0,0,0
42.90496585515409,30.49041660729152,64.47380296208013,18,0.0,0.0,0,9
55.591955626688005,27.82677897120288,50.47288077114867,21,0.0,0.0,0,4
47.63369549240717,27.63483267444443,36.64658099788653,3,0.0,0.0,0,7
81.0634974386989,24.769542841022307,47.29493966853638,2,0.0,0.0,0,0
14.072714292262276,31.803434625033074,45.57105124556448,6,25.927285707737724,0.0,0,77
68.78898275762508,26.93911252941699,50.94846048308874,22,0.0,0.0,0,0
84.68911691629334,27.542006123827406,22.87212194662818,16,0.0,0.0,1,0
42.236133117642225,34.22707153489738,30.35729885578994,11,0.0,1.2270715348973766,0,9
49.28496588275853,32.75140057428652,24.053708560142727,7,0.0,0.0,1,6
45.035701496069485,26.89080853193016,33.807306252157574,4,0.0,0.0,0,8
70.6508620850521,26.037660647033032,36.991003873862155,9,0.0,0.0,0,0
66.5104918576162,25.99097143044508,31.37816743627344,22,0.0,0.0,0,1
64.14101669869257,15.87240118841844,63.759490811562486,22,0.0,0.0,0,1
69.59432003810244,34.58137824827446,83.11907817898165,23,0.0,1.5813782482744614,-1,0
22.877787387645732,23.891156218412824,64.86046929351087,16,17.122212612354268,0.0,0,51
21.780613368519024,33.127705535510124,39.822815656710226,14,18.219386631480976,0.12770553551012398,0,62
76.1362557339023,28.24952977448192,53.783371433320305,2,0.0,0.0,0,0
63.07977890131152,36.35000231363959,48.804566471054834,14,0.0,3.3500023136395924,0,2
3.751542853932113,31.176909798517134,39.041236693994456,17,36.248457146067885,0.0,0,108
55.259112073456066,33.47273870141676,73.84490640989428,10,0.0,0.472738701416759,-1,4
28.35768361333988,24.447533394153414,86.1298356577704,19,11.64231638666012,0.0,-1,24
15.008557132096435,20.287544522016724,23.539832361613403,14,24.991442867903565,0.0,1,89
37.1775614220703,28.885156030763966,75.9248105438958,21,2.8224385779297023,0.0,-1,10
86.64856597391659,16.49689014280503,39.36233855531526,2,0.0,0.0,0,0
17.463915701550096,25.19228239243347,45.27827379192337,16,22.536084298449904,0.0,0,67
39.723184163796674,20.86340309684367,55.088196388635396,8,0.27681583620332617,0.0,0,10
35.86657768670726,22.962044854033902,77.85783694612032,2,4.133422313292741,0.0,-1,10
57.43461118145342,31.574157103476743,55.06248733899386,7,0.0,0.0,0,4
9.84941300168158,31.179798767346735,57.42423357196398,18,30.15058699831842,0.0,0,90
39.2655105918411,27.02823961776496,65.36060410593606,4,0.7344894081589004,0.0,0,10
69.29132545550388,29.9200513105952,68.20053857802787,15,0.0,0.0,0,0
36.67050525862051,24.75586466677358,59.20042093506639,4,3.3294947413794915,0.0,0,10
74.05504384590016,42.55996751081008,68.31215233822468,10,0.0,9.559967510810083,0,0
51.75217185808605,29.80502486267944,39.237966983488015,3,0.0,0.0,0,6
42.4588744742494,24.458067375941194,18.779342931879942,18,0.0,0.0,1,9
26.149475170492465,33.252199755597516,82.84996631992024,20,13.850524829507535,0.2521997555975162,-1,33
74.67495698794819,35.44111658616913,31.321666781272906,12,0.0,2.44111658616913,0,0
60.486859184628294,23.35468652571518,40.39077824562212,9,0.0,0.0,0,3
66.29768614479812,19.488638601690724,44.03250832709716,22,0.0,0.0,0,1
30.242007425190803,20.677276691257717,40.93000135951296,22,9.757992574809197,0.0,0,29
15.493526723978881,23.980263657350285,36.92934994706986,22,24.50647327602112,0.0,0,73
34.27060096560189,27.67438803120082,58.34452502724715,18,5.7293990343981065,0.0,0,17
42.10405689172541,18.225219536318747,58.53611449820322,5,0.0,0.0,0,9
44.05684825220289,25.490518531995654,61.15886530799982,3,0.0,0.0,0,8
63.067702517350796,26.752375375897984,60.029597546380046,10,0.0,0.0,0,2
38.767921681252226,29.949159514288844,42.49973142069773,13,1.2320783187477744,0.0,0,10
92.29188135254314,31.670693652470625,42.47013294144496,4,0.0,0.0,0,0
89.47043840110926,30.409260897958326,70.14547947801049,3,0.0,0.0,-1,0
40.32558695659208,38.75303973697458,40.615066834886605,7,0.0,5.7530397369745785,0,9
29.989233731886173,34.564740272211864,40.25747824856989,8,10.010766268113827,1.5647402722118642,0,34
7.2739490237689495,29.331772227888504,66.73095667160734,5,32.72605097623105,0.0,0,98
60.383200112641525,22.17707416251656,49.665490912711306,11,0.0,0.0,0,3
39.18569608722151,23.947015310430334,40.90880230609183,12,0.8143039127784917,0.0,0,10
72.21227399279961,19.42800681329352,41.07890154902893,2,0.0,0.0,0,0
58.9166507135841,28.920068831086443,70.2302635474737,0,0.0,0.0,-1,3
29.700664697710554,29.988173008457878,60.548426956482274,0,10.299335302289446,0.0,0,30
31.82089450921339,33.35747682726903,54.257642408123566,18,8.179105490786611,0.35747682726903207,0,28
47.20228190116359,29.603909769321703,29.005893476627772,19,0.0,0.0,1,7
21.66267823369224,34.32393275111145,54.33418490491781,3,18.33732176630776,1.3239327511114496,0,63
6.639509688724096,34.44699417147582,46.1696925936811,22,33.3604903112759,1.446994171475822,0,115
79.4008927348212,21.83142382567408,33.57597898056207,6,0.0,0.0,0,0
81.58436981756462,24.891620037900047,39.17130017872573,21,0.0,0.0,0,0
25.34193015224612,27.93376923231775,62.530824634144565,4,14.658069847753879,0.0,0,43
64.67105770304342,23.763551918302962,72.36360934816761,19,0.0,0.0,-1,1
79.00399920985477,26.54006015231941,30.966647283385687,8,0.0,0.0,0,0
33.929972665687615,29.80755147540842,33.23716447717449,18,6.070027334312385,0.0,0,18
34.76382412566768,27.261542056119936,62.49442983199919,1,5.236175874332318,0.0,0,15
67.67611087547306,28.001855891017758,42.6345269232516,13,0.0,0.0,0,0
0.39887068847760654,22.344166876474514,59.949536380781296,20,39.60112931152239,0.0,0,118
88.66469865051747,31.03865262425278,42.39242562611484,3,0.0,0.0,0,0
5.745020700596361,30.59957015336238,60.385901321122866,9,34.25497929940364,0.0,0,102
54.91060343310955,23.42499783115618,25.27283649763712,21,0.0,0.0,1,5
91.41880962502536,20.24063553668592,59.88793306170536,22,0.0,0.0,0,0
59.446018372277955,35.38146839369199,15.0,12,0.0,2.381468393691989,1,3
49.32204273037731,38.48905229408874,66.65585870450482,1,0.0,5.4890522940887365,0,6
47.35315194010871,29.408257679872175,49.38765398024165,22,0.0,0.0,0,7
15.459960223470857,25.829890366419303,57.94218409172721,4,24.54003977652914,0.0,0,73
76.48704293493734,34.27766807630623,54.268173557053416,9,0.0,1.2776680763062274,0,0
53.88116440497257,30.8221002202788,19.294755818603306,20,0.0,0.0,1,5
90.74864404933697,26.73575729972293,74.60289564493482,2,0.0,0.0,-1,0
17.348037748908833,33.80844715069673,56.02074788287232,11,22.651962251091167,0.808447150696729,0,78
58.23617089065998,23.14220099339971,63.6139147240535,14,0.0,0.0,0,3
56.919393402903516,23.855169700466405,35.61409974557439,1,0.0,0.0,0,4
54.15549540870531,30.181790540576802,54.33395832909063,11,0.0,0.0,0,5
28.7308120744651,28.685448477560563,26.42183677747564,1,11.2691879255349,0.0,1,40
76.76510005678799,31.823674134893626,52.686080482700206,15,0.0,0.0,0,0
32.829621819248146,35.159985527771056,33.08782728253791,21,7.170378180751854,2.159985527771056,0,24
35.585935101100894,18.68530540064307,95.0,4,4.414064898899106,0.0,-1,10
66.3378403001565,28.233710673630355,60.89286287882529,6,0.0,0.0,0,1
56.019892089542076,39.40648246862338,73.9554796664588,3,0.0,6.4064824686233806,-1,4
66.5638822668131,24.420677858274704,45.50743636094494,9,0.0,0.0,0,1
54.30403407608091,23.711513498144733,57.18207394977883,0,0.0,0.0,0,5
8.464156371571974,14.554076063480343,66.29617398641875,21,31.535843628428026,0.0,0,94
31.747685883278177,28.610490391696057,30.69036867751165,2,8.252314116721823,0.0,0,24
21.582231888853944,31.483650886134466,37.893550747287286,16,18.417768111146056,0.0,0,55
81.1634200033206,31.47132533956196,67.50506347102768,7,0.0,0.0,0,0
3.6580797969461445,21.777692479709422,46.07506530717458,18,36.34192020305385,0.0,0,109
58.73962930399546,27.947717923764692,36.542082988059846,1,0.0,0.0,0,3
7.615105184865986,29.32927678837208,38.6424845402656,11,32.38489481513401,0.0,0,97
29.808218350420585,28.312646066972412,27.9954772911106,2,10.191781649579415,0.0,1,36
23.68142545594646,21.43117299971501,15.0,16,16.31857454405354,0.0,1,58
60.50550040964351,28.463845150483937,19.469646690823566,4,0.0,0.0,1,3
48.012275242492954,23.112611514591364,50.82266307148128,14,0.0,0.0,0,7
84.06405794164196,16.768555032754183,62.08909402940098,9,0.0,0.0,0,0
30.263421952538877,32.08783876787359,95.0,4,9.736578047461123,0.0,-1,20
46.71283289351956,28.840215178443888,49.255067395926986,4,0.0,0.0,0,7
22.440848131385142,31.551371559866293,26.960716270756286,13,17.559151868614858,0.0,1,63
88.32485712218093,24.793272258193113,49.487676166405265,5,0.0,0.0,0,0
71.02141460291847,31.759251889384217,62.65275749561883,22,0.0,0.0,0,0
82.02754726258816,34.13276900991615,68.54324791929808,18,0.0,1.132769009916153,0,0
40.47721157637656,38.523933446543396,66.79614049829486,8,0.0,5.523933446543396,0,9
53.05962193526005,32.883131079656195,60.30994714605872,9,0.0,0.0,0,5
84.11082693609231,30.30873788399724,51.71528961196759,11,0.0,0.0,0,0
93.16116805786746,19.72069731713752,63.26260710572564,19,0.0,0.0,0,0
71.55425271777749,27.360848624567513,28.673223605434785,9,0.0,0.0,1,0
98.70725877100675,19.464031365772975,15.0,9,0.0,0.0,1,0
75.64529438650749,23.086744781593872,87.67854767033754,16,0.0,0.0,-1,0
38.6444326495639,39.73034995200213,49.15363932698693,6,1.3555673504360968,6.730349952002129,0,10
38.97891364923641,21.861798932491375,59.6101669004128,15,1.0210863507635892,0.0,0,10
24.592075367096466,13.944444373448265,15.0,9,15.407924632903534,0.0,1,55
49.595736821689066,32.87899716655689,77.80818353329363,11,0.0,0.0,-1,6
47.84888409493684,23.96159758987448,70.80557856860761,18,0.0,0.0,-1,7
41.58158977934595,32.608044966519365,21.819103725213754,1,0.0,0.0,1,9
52.52039198965337,20.979219829841014,44.288477978397545,15,0.0,0.0,0,5
55.02669898041361,25.44451760354501,54.79210136784122,6,0.0,0.0,0,4
52.24200910363642,35.17528886571389,27.25189354195631,0,0.0,2.1752888657138882,1,5
30.699258576143528,20.067878590130114,58.797629876324834,7,9.300741423856472,0.0,0,27
73.99389592929411,26.984404108934726,68.82126214541353,18,0.0,0.0,0,0
11.745504770899604,29.74782629697688,55.83565682250684,17,28.254495229100396,0.0,0,84
93.60627401144063,23.684589413717,21.807950758268696,6,0.0,0.0,1,0
57.69175230726288,29.451821247148917,31.338948714105495,9,0.0,0.0,0,4
29.918782709131353,28.093886165223903,47.771649242562354,20,10.081217290868647,0.0,0,30
29.33623087166816,31.207256829557217,45.50771961074813,9,10.66376912833184,0.0,0,31
30.04741806181463,39.05317142775065,45.873360994635334,6,9.952581938185372,6.053171427750648,0,34
59.2841749608342,44.05126577794512,45.23626479588762,10,0.0,11.051265777945119,0,3
45.99754853911855,30.779974692468596,17.5277779013297,18,0.0,0.0,1,8
57.58175932780982,27.337634811763667,64.5017849452135,10,0.0,0.0,0,4
15.31607073151829,30.64551293757685,61.290598620259324,12,24.683929268481712,0.0,0,74
65.85407555578985,26.60654653065524,59.40272683294398,17,0.0,0.0,0,1
79.77230720642623,18.475705352661862,57.73487709210994,20,0.0,0.0,0,0
73.31444495317595,27.720457160750215,44.88601461439422,16,0.0,0.0,0,0
80.45660301698624,34.49270235130841,39.07272125397654,9,0.0,1.4927023513084094,0,0
27.717623966928674,19.21151721836437,31.682961687956368,18,12.282376033071326,0.0,0,36
22.8956379702904,22.092460699815888,77.77266521242501,18,17.1043620297096,0.0,-1,35
79.81308129094842,24.508288933856644,49.63084465447587,4,0.0,0.0,0,0
78.96273309606798,30.234063140470848,20.109568787424053,16,0.0,0.0,1,0
5.718856724076913,42.261995602100754,49.47414977780213,17,34.281143275923085,9.261995602100754,0,118
56.899289277641174,23.144103038393148,15.0,7,0.0,0.0,1,4
87.15955212846232,28.547290985131514,54.46416931861399,7,0.0,0.0,0,0
68.20438094411563,28.03467199153768,52.57362809461923,16,0.0,0.0,0,0
57.779325656091615,26.192524599045733,40.2454349334718,0,0.0,0.0,0,4
58.678984897466705,27.71378371949775,33.0891863340983,6,0.0,0.0,0,3
61.08809391146527,25.211576537900065,60.12366992460832,15,0.0,0.0,0,2
56.725121819796044,44.45786531844356,48.50570123593786,10,0.0,11.45786531844356,0,4
15.156575269031128,32.498051226542714,15.049457002252595,0,24.84342473096887,0.0,1,89
41.144598134530646,25.26313517650861,71.67000805382631,3,0.0,0.0,-1,9
44.814433326763634,35.10149156106426,33.083063506348736,2,0.0,2.1014915610642575,0,8
64.66781423684829,29.54015234748525,26.27276895395885,12,0.0,0.0,1,1
86.27559093082846,28.347684552857817,74.45613832547787,0,0.0,0.0,-1,0
39.47452052030436,26.907906897633833,69.07248872038625,18,0.5254794796956404,0.0,0,10
72.82843166725937,26.499797986599507,42.430842347599054,14,0.0,0.0,0,0
59.18195144541502,20.680175912455887,27.455254166619525,12,0.0,0.0,1,3
40.19005985451346,17.958028323181118,33.62501946098545,4,0.0,0.0,0,9
53.44329475471316,30.224438835375494,42.12502038902308,4,0.0,0.0,0,5
77.1942974841353,26.84750641543294,71.89159560313317,19,0.0,0.0,-1,0
53.96891667448536,33.264590498262805,73.3098778814212,14,0.0,0.26459049826280534,-1,5
62.20775398916156,22.660586722677238,52.987624331811666,8,0.0,0.0,0,2
77.53050650498743,21.41233872720627,61.70213211426452,5,0.0,0.0,0,0
28.213917160950686,32.65707417617165,46.23143238570165,8,11.786082839049314,0.0,0,35
52.71787816469388,26.22796934505502,34.289169653179044,7,0.0,0.0,0,5
65.05656867643812,33.13440283211273,22.989227047620517,12,0.0,0.13440283211272686,1,1
12.299158454088536,28.20076828204631,55.81252035872956,6,27.700841545911466,0.0,0,83
20.88217437164259,39.26513735121887,66.20672345284159,18,19.11782562835741,6.265137351218868,0,65
65.71078666306596,32.53444742495723,40.808289454896496,1,0.0,0.0,0,1
24.856385371783233,30.458486539443257,71.37540410110806,16,15.143614628216767,0.0,-1,31
77.82141714442962,32.79955812364421,43.07114984777495,0,0.0,0.0,0,0
70.62405426075784,26.362612384826267,51.50746280077252,4,0.0,0.0,0,0
18.239129984349542,18.14251387001481,46.02072564242539,22,21.760870015650458,0.0,0,65
9.692363346542772,30.16556851246359,72.25633278211168,18,30.30763665345723,0.0,-1,63
76.65623542005767,39.649535328771606,58.86806099224796,23,0.0,6.649535328771606,0,0
12.855865020489357,14.257345964573817,48.94937675714553,12,27.144134979510643,0.0,0,81
82.22090399779977,30.81486975218988,51.37885891015887,3,0.0,0.0,0,0
52.91422615243463,18.78886255832206,28.599868826365697,23,0.0,0.0,1,5
41.12790268074674,27.860172674007185,15.0,18,0.0,0.0,1,9
20.139959780658227,28.47675643332003,40.433237562389564,12,19.860040219341773,0.0,0,59
34.613370850410305,32.48112223177838,46.50778681452285,18,5.3866291495896945,0.0,0,16
17.91376130780412,29.260977675344208,59.562817630800545,6,22.08623869219588,0.0,0,66
66.61653869942651,36.2411119292831,47.06400210069226,18,0.0,3.2411119292831003,0,1
94.0165170349519,34.99840218669424,41.55419018282034,18,0.0,1.9984021866942427,0,0
36.770812968369285,26.819955315481543,15.0,3,3.2291870316307154,0.0,1,11
27.183684948404128,34.566357290380715,59.48936817858652,0,12.816315051595872,1.566357290380715,0,44
27.54070201734169,26.123315284565635,53.79837315675396,20,12.45929798265831,0.0,0,37
25.825772027604128,25.090854592194876,64.64913110136321,17,14.174227972395872,0.0,0,42
23.773584978087854,20.773699933560593,50.49072267259148,7,16.226415021912146,0.0,0,48
46.754188219193225,35.87178358943284,70.64352555245982,13,0.0,2.8717835894328374,-1,7
24.523591666942657,26.19984872392151,40.090408477144734,0,15.476408333057343,0.0,0,46
82.41739334578905,13.470974612882113,49.26995482152449,4,0.0,0.0,0,0
52.1663134553889,31.252396177761774,54.32914176674124,2,0.0,0.0,0,5
20.40304672218251,25.39589908331942,61.87795619341387,0,19.59695327781749,0.0,0,58
75.18268889994017,26.20831652136458,57.4954077710476,3,0.0,0.0,0,0
43.02486043630658,26.59590095874682,58.596597549428296,1,0.0,0.0,0,8
60.96753498090295,25.98068524390245,54.83846268010558,22,0.0,0.0,0,3
23.617186084794334,44.36660735718036,46.53133538975957,1,16.382813915205666,11.366607357180357,0,56
26.85297803129927,37.976234318276326,66.22273568286587,3,13.14702196870073,4.976234318276326,0,45
71.51631108387366,32.19503251561076,19.862396985474888,11,0.0,0.0,1,0
52.00818785755917,29.447949162173952,38.67520482202777,14,0.0,0.0,0,5
14.911185461307639,34.77256734381188,78.65315318364537,16,25.08881453869236,1.772567343811879,-1,60
62.38705940427928,29.461960012380185,37.893457584212385,2,0.0,0.0,0,2
46.0850005611443,32.89519827704938,48.59325300596756,3,0.0,0.0,0,7
82.07834665486934,31.349331390671423,74.98044651074372,0,0.0,0.0,-1,0
68.73761580784739,28.770069750792626,47.73024141338791,3,0.0,0.0,0,0
67.08629542895727,33.64187458594218,34.99011807748229,4,0.0,0.6418745859421833,0,0
34.11773688328628,25.47895297142726,71.57048968043938,19,5.882263116713723,0.0,-1,12
76.43036273982972,28.35071982689723,44.79186882792387,14,0.0,0.0,0,0
11.92100048020563,22.12337594234269,46.021192730028986,5,28.078999519794372,0.0,0,84
74.59952870543518,22.81616661113131,15.0,2,0.0,0.0,1,0
22.40750584566631,12.825095765896211,47.70786402313131,19,17.59249415433369,0.0,0,52
59.56124075861481,30.739406323963557,62.29346715792087,17,0.0,0.0,0,3
26.896592953227305,32.38911951218456,42.24465905564086,2,13.103407046772695,0.0,0,39
83.27580435296454,34.512517686159,26.935696507318077,13,0.0,1.5125176861590006,1,0
75.72348288783651,21.385440620584532,41.351700396402265,20,0.0,0.0,0,0
89.93053279269421,30.639453536850567,38.926268037287834,6,0.0,0.0,0,0
83.16403787516619,27.995734753948756,45.434560655032996,17,0.0,0.0,0,0
14.486130575841555,32.42548965892186,40.683181171882026,9,25.513869424158443,0.0,0,76
55.75212329315198,24.091477486604035,79.96246879055094,3,0.0,0.0,-1,4
51.33087813279257,25.982231113437,55.442342871843664,6,0.0,0.0,0,6
83.3800630132355,18.679000833347878,18.676150156646877,8,0.0,0.0,1,0
52.90000440118126,23.6984791296648,51.28689171785207,0,0.0,0.0,0,5
54.15978488811044,28.01858936963865,49.28083320847928,7,0.0,0.0,0,5
27.603022198402893,29.044754656576867,71.50054763589043,23,12.396977801597107,0.0,-1,26
83.94541916455034,17.884702993478193,47.19177581659912,3,0.0,0.0,0,0
3.8927154541127393,24.931295209168333,46.67467801802726,0,36.10728454588726,0.0,0,108
50.108359202964415,28.961893409458842,83.53395586367063,9,0.0,0.0,-1,6
24.841675590650418,36.44826046557087,30.76128649972268,23,15.158324409349582,3.4482604655708684,0,52
50.37378107479553,22.92992423346575,64.35831648570833,16,0.0,0.0,0,6
23.054929041047803,30.94038410048624,51.150028028063375,12,16.945070958952197,0.0,0,50
21.42685214849835,24.630609391651745,40.984563976214226,17,18.57314785150165,0.0,0,55
37.22249683995288,25.325341522661706,38.33393746893728,0,2.777503160047118,0.0,0,10
62.8070029033716,22.734572579872736,74.45033613449743,4,0.0,0.0,-1,2
59.751586968377815,21.73396036044894,58.37551156423802,20,0.0,0.0,0,3
48.28963812950287,25.151242252433914,60.820070217242275,17,0.0,0.0,0,7
40.666240838894964,34.28806677611678,66.01591894428476,11,0.0,1.2880667761167786,0,9
73.9908193252644,23.470180688608025,56.15427294156792,6,0.0,0.0,0,0
42.61839319061946,22.53557658330083,30.902196583438997,5,0.0,0.0,0,9
76.21443463326672,29.254766664838776,21.709102129808606,1,0.0,0.0,1,0
34.10898152295251,28.031280081841107,77.71357770207523,21,5.8910184770474885,0.0,-1,12
68.37290915062863,27.59053491037209,53.74426605064179,4,0.0,0.0,0,0
30.36209256449614,29.523926033403633,51.42674290593799,19,9.637907435503859,0.0,0,28
79.83749471777695,21.942533946676356,82.48242176195345,8,0.0,0.0,-1,0
66.5189027010454,22.606586749506754,30.841541415872467,21,0.0,0.0,0,1
71.91120196392252,33.917503475710696,15.0,0,0.0,0.9175034757106957,1,0
26.51422686178349,27.12441699313612,17.39198431369826,12,13.485773138216508,0.0,1,48
32.97294620565337,31.578647773059153,40.44389364098492,2,7.027053794346628,0.0,0,21
30.581385662867216,35.344249587697604,52.109126222688616,0,9.418614337132784,2.344249587697604,0,32
16.626178007435684,33.074458398661136,75.04957953415632,8,23.373821992564316,0.07445839866113602,-1,56
23.009739075911213,19.781272908688152,65.17790355891182,15,16.990260924088787,0.0,0,50
48.46548580664177,27.30100718668074,15.0,22,0.0,0.0,1,7
36.95746956646907,34.24498887907466,95.0,3,3.042530433530928,1.2449888790746613,-1,10
41.52335548617751,31.13647339028273,42.61037900247747,15,0.0,0.0,0,9
33.65512901268733,29.10364746033697,72.1004732957856,19,6.344870987312667,0.0,-1,13
38.84213630375973,18.16269909991539,59.82821012376062,22,1.1578636962402697,0.0,0,10
56.73265955405188,24.30088586824374,50.09623641874752,6,0.0,0.0,0,4
29.33879693369452,28.415963374279094,45.73307926557467,0,10.661203066305479,0.0,0,31
47.674055211508595,19.44460588754303,29.977394079988226,22,0.0,0.0,1,7
18.790483100787032,32.76181421756292,26.818434999741548,20,21.209516899212968,0.0,1,76
28.852230660407336,27.294365689859326,47.00772603530045,6,11.147769339592664,0.0,0,33
64.98891866138742,16.12209131486202,25.012516301433315,3,0.0,0.0,1,1
38.27885655420437,24.60033353487649,79.66244427626324,12,1.721143445795633,0.0,-1,10
14.162515360355133,26.2820442686004,51.74509844992701,5,25.837484639644867,0.0,0,77
75.80586061992331,27.220757775553793,87.66887456791869,13,0.0,0.0,-1,0
72.67771904189624,36.517727012396534,42.15893630774251,2,0.0,3.5177270123965343,0,0
70.77621618669478,31.470762172080132,39.37065077393895,22,0.0,0.0,0,0
83.39803341366577,19.807262332221725,60.63564578216824,9,0.0,0.0,0,0
82.71497483484579,19.062950190572877,45.3329458668254,3,0.0,0.0,0,0
80.79113526551362,26.3991009945522,67.51551468355008,4,0.0,0.0,0,0
47.471740423216104,28.757261669346608,75.88791147176823,15,0.0,0.0,-1,7
64.0642739592462,33.9543069348567,69.78470677141874,17,0.0,0.954306934856703,0,1
32.08550139114334,38.379359886474674,74.55954131226865,2,7.914498608856661,5.379359886474674,-1,19
62.6057633323494,38.705335104819895,64.71655246008919,18,0.0,5.705335104819895,0,2
62.78315261068295,25.345899791973324,40.117096389002256,22,0.0,0.0,0,2
10.229330666750771,33.60730808891113,70.5177805431302,6,29.77066933324923,0.6073080889111324,-1,71
22.63744772749358,30.553772193541537,62.55681027934112,14,17.36255227250642,0.0,0,52
10.956570509409595,21.45528080786343,38.88089756698988,19,29.043429490590405,0.0,0,87
22.268579714117426,16.67263102714002,41.16357105993584,22,17.731420285882574,0.0,0,53
63.028138366701846,28.864648957597733,48.34740643877875,3,0.0,0.0,0,2
71.45656493005939,19.02898597833925,70.00663209068824,21,0.0,0.0,-1,0
60.04854410917817,22.891243285563316,52.10472533392925,0,0.0,0.0,0,3
27.7645116573655,23.89100326067419,49.8983170546438,13,12.2354883426345,0.0,0,36
54.68890627296344,29.312507994515588,47.13527764163889,3,0.0,0.0,0,5
8.031181187748537,35.68372722639973,43.639742511346604,2,31.968818812251463,2.683727226399732,0,110
54.866832716404154,28.076460749838734,29.049449139191736,5,0.0,0.0,1,5
54.62303641794042,24.766704919584747,64.31404669555035,3,0.0,0.0,0,5
76.02821692782258,15.589198420016551,31.686608675398183,1,0.0,0.0,0,0
13.587622423032267,30.75024129799636,51.21725558239067,7,26.412377576967735,0.0,0,79
64.9193275126744,28.171369077325142,42.64065557096215,2,0.0,0.0,0,1
43.11803966782117,24.70187851744142,63.79408965012719,9,0.0,0.0,0,8
72.50765298508406,34.996550587238026,43.843909384804434,7,0.0,1.9965505872380263,0,0
42.177360253633864,20.8551763399507,31.88763446721982,12,0.0,0.0,0,9
72.39212858739589,23.89071247484615,67.80756006961855,20,0.0,0.0,0,0
12.333708644614175,26.52983323100189,35.132162462100936,3,27.666291355385823,0.0,0,82
62.9905745421253,24.62689943690416,52.78424467459288,20,0.0,0.0,0,2
46.36296893026402,31.3045265167031,72.92841148130225,12,0.0,0.0,-1,7
59.277798855105246,30.78348298294495,36.85754160162733,23,0.0,0.0,0,3
95.98169641259776,34.305820153504854,48.13673309897479,9,0.0,1.305820153504854,0,0
56.472733826059915,31.013922222272374,42.238740851567925,2,0.0,0.0,0,4
56.824789420934096,27.307758210789913,52.366092077029066,5,0.0,0.0,0,4
76.90178643416266,25.961092697595767,48.76761503235213,0,0.0,0.0,0,0
56.259792940698595,30.731665934281907,66.56719053603196,20,0.0,0.0,0,4
29.97520110997619,26.858163374708543,38.82705120453572,13,10.02479889002381,0.0,0,30
29.015258573903807,28.283363410101078,72.9353303687147,21,10.984741426096193,0.0,-1,23
90.73470429454275,31.058099729178167,78.88398055999073,14,0.0,0.0,-1,0
42.176593730971675,28.83133514827583,54.61780482866731,22,0.0,0.0,0,9
35.001718944237275,29.851571005659103,35.77739399078884,5,4.998281055762725,0.0,0,14
78.70315802522711,23.254469868733718,49.26003980555449,7,0.0,0.0,0,0
92.01790008561434,36.09823366732396,47.75217746750217,19,0.0,3.09823366732396,0,0
33.577709679243625,21.359962691289148,81.90260084588122,19,6.422290320756375,0.0,-1,13
66.48501526711671,30.63518639070462,48.14293980288728,22,0.0,0.0,0,1
79.40996874701354,25.08495590819335,74.89035369486811,21,0.0,0.0,-1,0
26.080695343844823,34.49407626265623,52.00613069452265,7,13.919304656155177,1.494076262656229,0,48
44.22170102557344,33.30244506993919,50.82496693464977,16,0.0,0.3024450699391892,0,8
33.77316195322642,27.98770112334436,43.6208467270873,22,6.2268380467735795,0.0,0,18
24.893592685408226,37.328322367700366,45.300338290766426,6,15.106407314591774,4.328322367700366,0,52
88.1105762702871,26.875604682167292,66.01487369451976,2,0.0,0.0,0,0
1.2621599208395442,33.290151335919866,36.849156622333474,12,38.737840079160456,0.29015133591986597,0,120
86.12213587242205,23.64261496265401,67.27527619400124,11,0.0,0.0,0,0
76.891682528817,30.429842845585352,75.93572098255783,16,0.0,0.0,-1,0
16.958119132485365,22.405238054275276,39.34715821138251,4,23.041880867514635,0.0,0,69
50.17337378778394,28.116827580217677,71.74349434958057,10,0.0,0.0,-1,6
29.03459300854489,27.69152707756115,68.86828150597285,14,10.965406991455112,0.0,0,32
64.18149283025886,33.27135282406579,65.64579836371746,13,0.0,0.27135282406578654,0,1
90.73759078894716,23.97550035743751,38.550874963928955,1,0.0,0.0,0,0
34.684444604042206,45.0,47.850663315115206,2,5.315555395957794,12.0,0,18
67.80761903161469,19.707479432727073,47.82614534988497,12,0.0,0.0,0,0
49.98250338686565,29.397695008842035,87.63219621493002,8,0.0,0.0,-1,6
34.53295192716016,29.726744171435787,49.818868128849815,4,5.467048072839837,0.0,0,16
34.17021940011413,31.2285632276037,46.70079318872898,19,5.829780599885872,0.0,0,17
66.57431025582251,24.907644192556035,29.337162706593805,10,0.0,0.0,1,1
83.0760056093031,29.450622923485565,32.506601881208596,13,0.0,0.0,0,0
16.79536215273623,24.6133105879895,37.6853323044453,16,23.20463784726377,0.0,0,69
68.39973409350465,39.238841597667275,56.504076138810476,17,0.0,6.238841597667275,0,0
21.1221157162119,24.189354774813896,24.3669269934634,8,18.8778842837881,0.0,1,67
48.07805800270336,27.111875173648755,38.01418496834811,0,0.0,0.0,0,7
33.23480690820092,24.019997995379633,16.50222874549111,12,6.765193091799077,0.0,1,24
95.53488097003358,23.19841105775975,75.23427667529909,5,0.0,0.0,-1,0
32.381557413547014,19.59348052601538,51.915343420338495,23,7.618442586452986,0.0,0,22
70.68956123644168,32.03240011710826,55.587411076783546,21,0.0,0.0,0,0
89.22582097701923,23.96309075474293,30.38024051072839,21,0.0,0.0,0,0
86.11735243719043,23.21709914438065,70.90327706130226,18,0.0,0.0,-1,0
82.63572882970755,22.220985745909076,77.05510123174876,23,0.0,0.0,-1,0
73.11819866735925,29.826302451945654,51.204607181584166,22,0.0,0.0,0,0
64.84181435543441,28.130047054881988,41.375833964177055,4,0.0,0.0,0,1
61.325296328393065,28.157549619459186,59.940413670811154,14,0.0,0.0,0,2
65.00480737718723,23.43183710402393,63.22634915668357,11,0.0,0.0,0,1
31.560583206915886,30.611396688008483,65.66602598337614,0,8.439416793084114,0.0,0,25
7.817488967564905,24.025907632318074,61.95003434624674,18,32.182511032435094,0.0,0,96
82.24744478070245,28.421087300424425,67.35186359530562,2,0.0,0.0,0,0
53.85232588093047,27.161600416707266,37.532550593546446,22,0.0,0.0,0,5
74.78799822855936,17.869091319194588,66.41433337890938,16,0.0,0.0,0,0
68.81617797314252,40.17270411833367,41.831577628106615,5,0.0,7.1727041183336695,0,0
40.229413474996754,31.448726119200177,15.0,0,0.0,0.0,1,9
59.19378002053887,29.081236514169667,41.66628968721364,23,0.0,0.0,0,3
15.936273798975014,30.028215362293167,40.02974001178589,19,24.063726201024984,0.0,0,72
75.54523003971201,40.31398093664227,54.33866657497965,10,0.0,7.313980936642267,0,0
67.5925942748861,34.821198619862415,65.08383827603387,19,0.0,1.8211986198624146,0,0
56.106030836547916,30.092584081556765,53.4706192407207,18,0.0,0.0,0,4
43.41464668567415,23.75014890627814,86.1554815023432,14,0.0,0.0,-1,8
49.62676208286628,24.696752297256005,40.54939660626557,12,0.0,0.0,0,6
23.16450754276067,17.180461734889732,15.0,1,16.83549245723933,0.0,1,60
81.77058349559587,25.79030557884815,55.003893012808554,7,0.0,0.0,0,0
98.25476344114833,31.971030222851606,40.19266226055903,7,0.0,0.0,0,0
56.704274129043554,31.80177338963506,30.457671473906935,2,0.0,0.0,0,4
50.48012737560386,31.696875974183676,44.64440095004602,17,0.0,0.0,0,6
67.96432445675424,24.907815507949152,35.89858417187084,3,0.0,0.0,0,0
76.26435156353544,31.306261494293917,37.673806441618865,6,0.0,0.0,0,0
11.922855511223268,32.94510423873049,77.40506861797435,15,28.07714448877673,0.0,-1,58
48.90618892052133,14.63827756506022,52.23784060936182,12,0.0,0.0,0,7
68.70973432600135,29.826534791508706,45.22349763438478,13,0.0,0.0,0,0
26.615515565900967,40.48630457886175,78.75705953521137,20,13.384484434099033,7.486304578861748,-1,32
40.16180385569517,26.251212839805838,44.68142168977952,10,0.0,0.0,0,9
39.10570623683774,12.869082154786316,27.85768571262237,14,0.8942937631622598,0.0,1,10
41.23656673066466,23.124046888154126,26.12377493982236,15,0.0,0.0,1,9
28.256159297225885,17.112764253181247,48.56007112778356,3,11.743840702774115,0.0,0,35
23.32488307354473,24.193840791239722,20.43947511063764,12,16.67511692645527,0.0,1,60
51.75284339714419,20.655604113088472,28.89577582447709,13,0.0,0.0,1,6
63.415725706689294,33.58513268452513,43.13738405291503,3,0.0,0.5851326845251279,0,2
89.12379696162353,32.67108882962051,70.37489210112287,3,0.0,0.0,-1,0
44.25920926442593,30.057925005870942,73.25263062189813,6,0.0,0.0,-1,8
57.354419756592655,35.357388319772674,61.873648949501224,10,0.0,2.3573883197726744,0,4
49.005278548557555,24.607721994020352,49.930236059070566,10,0.0,0.0,0,6
22.52842626382769,28.441303259471944,39.73270244943827,5,17.47157373617231,0.0,0,52
64.38201119493937,41.16647093497015,56.9904533405311,9,0.0,8.16647093497015,0,1
59.01549363572196,31.51168741539762,82.07538470537843,6,0.0,0.0,-1,3
48.15202645721424,31.496776443502057,52.54550571670357,21,0.0,0.0,0,7
17.005960668183544,23.394739744732867,41.683995153626135,15,22.994039331816456,0.0,0,68
20.98749075177972,25.50055466478675,47.162025705917095,22,19.01250924822028,0.0,0,57
35.35669098758697,21.982260406283597,45.19953790102229,15,4.643309012413027,0.0,0,13
84.22621251289789,38.085475679713134,59.87766885274211,12,0.0,5.085475679713134,0,0
82.75438475451504,18.65073611142009,36.25387525703666,11,0.0,0.0,0,0
48.176556128001465,33.48483383157288,57.3112851034858,6,0.0,0.4848338315728782,0,7
14.962580829949054,31.486727011077747,60.226907919762674,4,25.037419170050946,0.0,0,75
44.91093998636163,18.379819066831878,56.192840611811036,19,0.0,0.0,0,8
46.72229366617877,34.85444387547167,30.44762328205651,9,0.0,1.8544438754716666,0,7
66.21142893288805,26.447806309591154,47.3094833980312,4,0.0,0.0,0,1
70.48280845274313,20.07467512204026,40.51766379076051,10,0.0,0.0,0,0
28.016134291803034,30.186894085709262,48.67063712669433,11,11.983865708196966,0.0,0,35
17.562899223089655,23.065098217067707,38.00100990391941,16,22.437100776910345,0.0,0,67
71.88683643977996,26.770386203651427,72.38015554636335,23,0.0,0.0,-1,0
61.85757755403141,24.965499579349924,53.36398061317661,23,0.0,0.0,0,2
70.24273491049662,22.725274419731697,20.873519315875246,20,0.0,0.0,1,0
8.938117161958841,20.86958121848364,26.06509597536539,19,31.061882838041157,0.0,1,111
37.10146334735858,32.78100745972409,71.68562928206866,22,2.8985366526414182,0.0,-1,10
22.90841339586619,29.94925672581926,46.758694638852965,17,17.09158660413381,0.0,0,51
32.47906360841987,29.563972359239948,42.98340099446639,2,7.520936391580129,0.0,0,22
24.65727870046097,25.814636785339264,70.31373455485688,5,15.34272129953903,0.0,-1,32
56.027083437532255,28.307779157678674,47.272693684732694,11,0.0,0.0,0,4
7.791332621258807,23.58367757123583,28.487690869623624,18,32.2086673787412,0.0,1,115
66.98650928898158,23.480188319985267,29.702470348779386,18,0.0,0.0,1,1
44.321987848602454,38.26143519889755,61.29522480685522,21,0.0,5.261435198897551,0,8
33.13368490141374,33.3072542599923,86.53030600159218,3,6.866315098586263,0.3072542599922983,-1,16
84.44284525548126,24.63128581283199,65.11218234059373,14,0.0,0.0,0,0
28.98033694591644,19.023019518357543,43.125998427128835,18,11.019663054083559,0.0,0,33
37.72983395417084,17.793482996250454,45.919072135781164,9,2.270166045829157,0.0,0,10
34.98678677850862,24.19494609549485,50.87256801561225,8,5.013213221491377,0.0,0,15
98.00084864385671,28.646226117955294,15.0,15,0.0,0.0,1,0
33.27590582563635,28.710209008352578,50.422441376021204,21,6.72409417436365,0.0,0,20
57.23438637824563,28.889917425506603,60.51363577566965,10,0.0,0.0,0,4
25.02663266343199,30.005332283590782,81.91288731180711,10,14.97336733656801,0.0,-1,31
27.823105866490966,21.769830063135558,69.63322553557731,1,12.176894133509034,0.0,0,36
12.78281008825172,37.04650904767402,84.73863226808261,6,27.217189911748278,4.0465090476740215,-1,65
24.632122063215746,26.81568171587994,80.25047281729307,1,15.367877936784254,0.0,-1,32
11.248007941242058,29.769056383186353,75.10448132174156,22,28.751992058757942,0.0,-1,60
36.44225635651329,24.06277684310272,50.47162550733881,20,3.5577436434867096,0.0,0,10
7.272989631224841,29.86893579035192,56.20741126791467,17,32.72701036877516,0.0,0,98
49.803173046751475,40.46183600651196,19.936917737085256,5,0.0,7.461836006511959,1,6
87.14452150867503,22.06398928941334,52.34627850097365,11,0.0,0.0,0,0
54.09645738527343,21.30643462257583,60.19088687373565,0,0.0,0.0,0,5
15.906691083865883,22.81278810938027,44.899496544049,23,24.093308916134117,0.0,0,72
41.727943423956795,26.001073053960184,22.250552539800704,1,0.0,0.0,1,9
21.54946722212423,24.871593841334377,78.49044349969388,14,18.45053277787577,0.0,-1,38
18.4887683241429,21.75603555490454,57.30925750553122,11,21.5112316758571,0.0,0,64
61.67790507304382,27.702026113760343,80.97098435631956,14,0.0,0.0,-1,2
25.34497511557002,37.36684513127882,63.359121874350336,1,14.65502488442998,4.366845131278822,0,50
35.75235642518065,27.10108714702238,74.63197821403719,8,4.2476435748193495,0.0,-1,10
88.7599507984861,27.421365749823078,70.93559539187427,19,0.0,0.0,-1,0
8.875397710189162,30.0576570415028,37.77040320872007,20,31.124602289810838,0.0,0,93
74.96200530022502,31.885988644788934,40.8385284407086,9,0.0,0.0,0,0
59.655542876803935,36.23936784359739,42.28919538361918,14,0.0,3.2393678435973925,0,3
76.99346090505406,29.440248325653542,32.60555222265634,19,0.0,0.0,0,0
53.67632785453651,27.984061487009605,81.77215244209575,14,0.0,0.0,-1,5
88.40934967681679,22.050804561755783,50.76085471182227,10,0.0,0.0,0,0
26.14260044155476,32.43976776260361,58.27114664227429,22,13.857399558445241,0.0,0,41
70.19852329513165,22.93290156374395,26.041466674573844,23,0.0,0.0,1,0
46.781079140327996,22.747005164798807,64.734514078873,6,0.0,0.0,0,7
2.2336368034710956,29.158805252918235,42.62984081321242,1,37.76636319652891,0.0,0,113
24.52547867513864,37.24915029165683,72.69748549519356,18,15.47452132486136,4.249150291656832,-1,37
55.76284704981681,32.35874194975437,37.66260098279752,2,0.0,0.0,0,4
81.07234182198721,27.774802380556384,73.97398272345987,19,0.0,0.0,-1,0
93.06400379900313,22.110461675464727,66.93547945894828,18,0.0,0.0,0,0
65.22694063050008,37.13267962639152,41.61758297044941,1,0.0,4.132679626391521,0,1
53.36327393291054,27.6605210858334,75.52113361808051,13,0.0,0.0,-1,5
16.28214348920096,26.25876276940704,70.67842333823428,17,23.71785651079904,0.0,-1,49
7.834949819055254,31.3310016763192,58.813374944329276,1,32.165050180944746,0.0,0,96
55.74548206328983,25.3116956515655,32.114886849312185,19,0.0,0.0,0,4
45.953510756581906,23.481977105260984,64.40202224744552,2,0.0,0.0,0,8
47.27843508043339,24.057436537675166,51.18818090011389,12,0.0,0.0,0,7
61.32856932845119,24.041424376502793,50.888273275697316,0,0.0,0.0,0,2
70.94110229977622,21.23579757241158,51.32893364811706,2,0.0,0.0,0,0
7.48351683004641,20.56646457165323,49.457821288977414,17,32.51648316995359,0.0,0,97
56.48923334809254,33.83217887282396,34.41877737615552,1,0.0,0.8321788728239596,0,4
73.89805767656739,32.01304678327083,22.723510115543537,21,0.0,0.0,1,0
17.255852756893205,23.063212841895734,19.00929402568539,0,22.744147243106795,0.0,1,81
4.07648823820205,33.33041415206839,55.38816412706453,15,35.92351176179795,0.33041415206839275,0,120
64.89020318194876,29.85587663751599,15.0,8,0.0,0.0,1,1
76.25004874339089,26.057238146739497,63.072011004662414,14,0.0,0.0,0,0
41.45163916330644,20.645016032072128,59.11098746433547,14,0.0,0.0,0,9
36.3447755423174,30.048682584548015,44.5509242346862,15,3.6552244576826,0.0,0,10
61.71810915905051,39.19228327941673,68.47748990325383,13,0.0,6.192283279416728,0,2
35.465591817611916,28.087429237807992,45.318703874703814,22,4.534408182388084,0.0,0,13
44.87130841353723,33.991917859574244,57.534202082322466,12,0.0,0.9919178595742437,0,8
8.31137358742306,26.729692841823393,15.0,20,31.68862641257694,0.0,1,114
22.433586792375195,33.53100960587523,15.0,10,17.566413207624805,0.5310096058752265,1,72
74.52564523542506,27.09873049097355,45.76410246263276,14,0.0,0.0,0,0
42.32739250823987,13.56803288338171,57.61140709371632,16,0.0,0.0,0,9
68.98943515372804,23.669588823166077,67.10469824510244,9,0.0,0.0,0,0
41.403256204780234,28.79356465603774,46.80929282124758,21,0.0,0.0,0,9
16.861767318094962,34.49574651674069,54.43821381505589,6,23.138232681905038,1.495746516740688,0,79
40.04137675727373,27.079002060197947,64.15230759574696,19,0.0,0.0,0,9
55.242235049553656,28.17889212151965,47.70032637981601,4,0.0,0.0,0,4
57.39729863785282,24.47638825231327,60.570647374716934,17,0.0,0.0,0,4
93.55051961492688,37.36555907634678,29.681416138804167,19,0.0,4.365559076346777,1,0
87.83748195123708,37.00413712607394,20.18423898230183,7,0.0,4.0041371260739425,1,0
79.36799758980527,23.94253405275367,40.3904453309976,6,0.0,0.0,0,0
82.59775163385609,18.90153603547463,63.94550922143949,22,0.0,0.0,0,0
86.5733329301076,17.156811507892833,37.20119133980333,15,0.0,0.0,0,0
80.15683823244466,31.62045115852358,61.71453540497437,20,0.0,0.0,0,0
34.97591650576907,28.811325550206426,31.514441321939646,22,5.024083494230929,0.0,0,15
35.783685107840355,23.309232759109673,39.51474636315733,22,4.2163148921596445,0.0,0,12
55.02012826543,29.631050251033905,54.35672435565152,19,0.0,0.0,0,4
58.90265160998253,20.618050738042708,37.986435938632255,14,0.0,0.0,0,3
79.2142930772126,32.769539255245,41.036774846365766,22,0.0,0.0,0,0
52.24218416440436,25.706140718206083,15.0,7,0.0,0.0,1,5
39.15197956463137,21.511245578732233,65.1064321255952,13,0.8480204353686318,0.0,0,10
25.31326998936047,25.79791180322538,47.865218014322366,10,14.686730010639529,0.0,0,44
53.36475605698634,25.59114777884194,32.984105845305265,8,0.0,0.0,0,5
29.152715948017242,30.19035021041749,82.98689018681178,7,10.847284051982758,0.0,-1,22
32.5129038866286,34.995985474617584,35.795594571508026,23,7.4870961133714005,1.9959854746175836,0,25
41.12609534933096,34.68480364847654,40.720304044206095,8,0.0,1.6848036484765387,0,9
25.238612591161697,28.95778910603114,32.68786174664952,2,14.761387408838303,0.0,0,44
36.257319323415906,26.876856085790198,69.8678737282253,10,3.7426806765840936,0.0,0,11
47.44017830990852,24.58813859364451,75.80823469942851,8,0.0,0.0,-1,7
33.54735806849071,17.391880645198498,74.01007889862987,22,6.452641931509291,0.0,-1,13
84.19697393299222,27.884718121797945,73.83849320124338,18,0.0,0.0,-1,0
68.9613970369263,22.893931223134523,39.24841893856585,11,0.0,0.0,0,0
56.925282407403884,35.31003235716507,80.10371678824157,19,0.0,2.3100323571650705,-1,4
50.289267424848546,26.7956752142445,46.47910871573653,9,0.0,0.0,0,6
16.846747217804204,32.48251596116546,22.23253185217159,5,23.153252782195796,0.0,1,83
57.390895808165666,25.10492253949041,42.323295710519105,15,0.0,0.0,0,4
75.25791480149934,23.947105211306575,55.86715055598052,14,0.0,0.0,0,0
24.758613003365397,31.628741604831454,38.39314561794923,6,15.241386996634603,0.0,0,45
18.212472300754303,29.665803817906063,52.644154089490115,4,21.787527699245697,0.0,0,65
38.85504281997916,29.933243582189085,59.658617771358934,0,1.144957180020839,0.0,0,10
23.333055893491814,27.43732446791044,57.39104050171323,9,16.666944106508186,0.0,0,50
62.01219932762698,32.73634052738752,61.792391746830965,17,0.0,0.0,0,2
41.94127099310704,31.868637214400476,46.75912808468963,19,0.0,0.0,0,9
65.96511361405632,14.939079152004831,36.90890283494218,7,0.0,0.0,0,1
5.3546897826301265,26.455279952660216,23.536906598273855,15,34.645310217369875,0.0,1,120
81.03923698211999,34.088444656405656,48.41592279741269,5,0.0,1.088444656405656,0,0
54.799193000159654,21.882790052669304,40.32985396988816,4,0.0,0.0,0,5
49.17882289658448,17.8456250748349,47.868475181774755,12,0.0,0.0,0,6
68.60440729066927,27.167308939897428,15.0,7,0.0,0.0,1,0
18.925532657105435,31.124415153384028,22.668162951599754,3,21.074467342894565,0.0,1,75
65.40650191787776,25.237111910134157,59.1796357025192,5,0.0,0.0,0,1
46.50783617938006,35.757677558222625,20.56133354802653,6,0.0,2.7576775582226247,1,7
56.19489629950189,39.06173231122514,46.579369427052015,7,0.0,6.061732311225143,0,4
28.762095793557705,16.44953476981067,35.04567588064676,12,11.237904206442295,0.0,0,33
31.801669162910716,25.6960341236102,33.90209714244636,20,8.198330837089284,0.0,0,24
15.659825056018242,14.308951468333625,51.53553246552899,23,24.340174943981758,0.0,0,73
38.7890473759111,31.966054500182693,50.51408474450908,13,1.2109526240888968,0.0,0,10
11.451048790691946,23.920865299813478,59.83302014221854,5,28.548951209308054,0.0,0,85
70.29785938340865,25.145167081309527,30.16390568663896,4,0.0,0.0,0,0
30.111117749573108,34.888551635785475,34.07977755505189,11,9.888882250426892,1.8885516357854755,0,34
71.2654661331726,20.029621102701338,70.21814920568022,16,0.0,0.0,-1,0
51.11720971158513,18.522630576881735,45.95662028740389,12,0.0,0.0,0,6
76.57036661488709,14.335146389043924,56.586009009272736,3,0.0,0.0,0,0
12.908729911420918,35.623165158294825,41.05183313513589,17,27.09127008857908,2.6231651582948246,0,93
47.53205038990123,34.2293137445333,58.19440466482559,7,0.0,1.2293137445333002,0,7
30.540065427202755,26.236671562829354,15.0,12,9.459934572797245,0.0,1,34
45.86395576339609,20.34852719579134,70.72523796223271,20,0.0,0.0,-1,8
36.86541968589466,33.004583829703755,41.804821797453265,17,3.1345803141053423,0.004583829703754816,0,10
47.93090550081294,44.52805347927424,27.519432818400723,12,0.0,11.528053479274242,1,7
33.122475517500924,26.585874255395087,30.875063967683506,20,6.877524482499076,0.0,0,20
48.77344200209055,20.7825766412151,45.25541568810617,4,0.0,0.0,0,7
86.60449472420724,35.45015647348425,48.01288259499114,6,0.0,2.450156473484249,0,0
54.89000692976784,21.20507028316318,52.54148322441266,6,0.0,0.0,0,5
63.62847974028234,25.799952920036365,28.532255870908628,20,0.0,0.0,1,2
26.732549557617386,12.16774126016362,65.68108143564372,20,13.267450442382614,0.0,0,39
75.35930121245958,26.180360065267795,40.563060796534224,6,0.0,0.0,0,0
62.37937090799252,20.330276673458783,39.662350764943966,4,0.0,0.0,0,2
73.02020815753608,35.55299711604957,45.927168062697476,19,0.0,2.5529971160495677,0,0
63.41493223287152,22.14313815989621,61.93096724333532,10,0.0,0.0,0,2
25.72688154641994,32.67885776904903,49.38978750175774,15,14.27311845358006,0.0,0,42
46.854647847846756,27.370367391639913,40.2378138865862,4,0.0,0.0,0,7
63.55030405956196,28.752186759611035,44.1726145919194,13,0.0,0.0,0,2
57.4110750552812,31.13332647990906,71.94480797391452,16,0.0,0.0,-1,4
86.41836118302363,27.679280120251704,68.99668773491084,11,0.0,0.0,0,0
24.546765330016456,24.113173792682822,56.58510606809971,19,15.453234669983544,0.0,0,46
32.571959911873556,23.127842459615152,52.674965778557265,13,7.428040088126444,0.0,0,22
13.507083260692948,31.053879280174694,91.64492055758055,12,26.492916739307052,0.0,-1,55
54.80376866268457,16.589568840803498,58.343261897910104,5,0.0,0.0,0,5
14.198455032280629,38.06898628770004,53.2509893247715,16,25.801544967719373,5.068986287700042,0,89
31.135249849667513,28.790930366878438,46.36249800138516,11,8.864750150332487,0.0,0,26
63.6642930528888,25.975630538867048,56.42252977722491,15,0.0,0.0,0,2
27.686694247220178,29.596508873364463,15.0,14,12.313305752779822,0.0,1,44
13.819891316870606,24.43421332600857,68.49888008507253,8,26.180108683129394,0.0,0,78
32.79462755778735,26.931711123710944,27.108156419766754,9,7.205372442212649,0.0,1,25
72.70400357472887,21.209662605671536,37.0745816986159,7,0.0,0.0,0,0
27.935030452597758,30.25051560285951,24.796714601190764,9,12.064969547402242,0.0,1,43
41.5665628237366,27.52926501333287,36.74453941606593,20,0.0,0.0,0,9
32.20854432641883,29.12481380323043,43.87414254186261,8,7.791455673581169,0.0,0,23
81.88252394447694,36.89883907848322,66.00832134539587,2,0.0,3.8988390784832205,0,0
57.90843131087531,23.174749673893395,73.20316466433205,19,0.0,0.0,-1,4
84.52841308773709,27.226697497603656,84.9398844060494,5,0.0,0.0,-1,0
66.46249094259703,18.091506625935544,51.84027814738387,9,0.0,0.0,0,1
26.046634810393133,31.30019321386203,46.05685623420932,4,13.953365189606867,0.0,0,41
32.93537617359031,27.895092151029903,64.03222161485732,13,7.064623826409687,0.0,0,21
95.69756743168408,28.104078345023144,34.6254111267979,6,0.0,0.0,0,0
50.16840855440582,27.0558331330749,32.614697794714886,23,0.0,0.0,0,6
59.273572627835826,24.530860941833687,43.3901658874134,10,0.0,0.0,0,3
78.14603985689486,42.97616768375065,49.39085425597933,0,0.0,9.976167683750653,0,0
84.12995488152129,28.22929954999984,15.0,13,0.0,0.0,1,0
35.29976138281639,29.77910101703511,69.20509048161178,5,4.700238617183608,0.0,0,14
44.7899888176469,21.163475505323753,54.321339575403826,8,0.0,0.0,0,8
64.29383982431963,33.3106407868689,64.36755630508686,22,0.0,0.31064078686890184,0,1
13.63841190473593,27.259207277425418,21.73124931531304,4,26.361588095264068,0.0,1,94
43.21869826109185,30.67488070675947,38.028771917440125,17,0.0,0.0,0,8
46.19924776757723,33.414003576910225,37.116016190291454,16,0.0,0.4140035769102255,0,7
61.13369083075397,27.376552874691168,46.350624885703965,9,0.0,0.0,0,2
47.44144773261202,23.9380354064109,49.39587292231072,10,0.0,0.0,0,7
64.81046109785386,14.033579344565982,65.65255452646429,2,0.0,0.0,0,1
58.45559800364492,25.676918463830884,51.77766810667436,11,0.0,0.0,0,3
81.69245567913487,23.905558428525215,36.65535790785589,12,0.0,0.0,0,0
23.71107754034903,21.141680304413235,89.37884688504485,14,16.28892245965097,0.0,-1,34
33.907245891829696,36.71851559982677,45.219756024005704,18,6.092754108170304,3.718515599826773,0,21
54.91401063578459,33.89659883720995,33.67722480595693,22,0.0,0.8965988372099503,0,5
80.1600827960226,17.02096445778713,16.067269473132598,10,0.0,0.0,1,0
7.784920425881444,28.922262808671753,51.62737582722243,21,32.215079574118555,0.0,0,96
58.46765684966459,23.09653743831941,62.43381286920079,20,0.0,0.0,0,3
46.11168811500622,30.20076366907653,29.480534053477175,7,0.0,0.0,1,7
49.485686099475004,23.202118390959274,61.24982729857212,6,0.0,0.0,0,6
30.246323189738426,24.76601858811967,51.50553942804407,12,9.753676810261574,0.0,0,29
59.97941162734065,33.77823634826977,18.079357239369802,11,0.0,0.7782363482697718,1,3
37.034740987936935,32.91604566234587,61.262346250864795,8,2.965259012063065,0.0,0,10
34.14598220163483,37.05688118988764,45.229096523036965,2,5.85401779836517,4.0568811898876405,0,20
27.728698070172854,26.697711992937705,29.73002817691531,19,12.271301929827146,0.0,1,44
54.00377236341043,19.266028614119186,67.22422304922267,12,0.0,0.0,0,5
47.38962100585663,33.52776227758429,66.88157341285586,4,0.0,0.5277622775842872,0,7
17.706772168905196,33.562523914035864,29.339762700427833,20,22.293227831094804,0.5625239140358644,1,92
20.21240692029867,31.769622618811837,55.28217191864581,22,19.78759307970133,0.0,0,59
24.031530362604872,23.5374944445079,53.658930646546594,3,15.968469637395128,0.0,0,47
46.0259721611735,21.575186336451868,48.77743874250528,12,0.0,0.0,0,7
56.682253621182056,31.215785622565356,40.71818871285906,14,0.0,0.0,0,4
85.09120406378476,22.683082100251212,47.32839694532258,5,0.0,0.0,0,0
86.11504527447148,26.152160398342478,66.89306016690054,7,0.0,0.0,0,0
36.48366590957166,45.0,57.36471680517599,9,3.5163340904283373,12.0,0,12
29.000756727838123,40.773691846603576,15.298378844734152,8,10.999243272161877,7.773691846603576,1,45
71.14842179809571,32.756140822302406,15.0,16,0.0,0.0,1,0
67.38704686850403,24.026398291137774,16.571968133049815,0,0.0,0.0,1,0
71.26894889969077,23.666051615428852,25.552169167982473,15,0.0,0.0,1,0
82.46496727557407,32.29474353730434,36.406917001209216,12,0.0,0.0,0,0
36.442076714157395,36.98194298214832,41.85135456015844,18,3.5579232858426053,3.9819429821483183,0,12
39.25182557784178,24.93018829273764,48.81991696691752,23,0.7481744221582218,0.0,0,10
85.33615003718464,25.25919527033806,49.390909268389734,10,0.0,0.0,0,0
26.67015626311695,28.526269137012363,49.125090742856095,3,13.32984373688305,0.0,0,39
53.19717384555057,19.666203406561852,70.58534431154666,10,0.0,0.0,-1,5
88.91385619625389,19.84965859330405,19.81946202347701,5,0.0,0.0,1,0
51.26533519632712,20.943961149484743,56.011216267688084,12,0.0,0.0,0,6
54.85452007880023,31.276348938365444,55.92378860599336,5,0.0,0.0,0,5
44.499778798474196,29.631968225281938,27.271681456757285,0,0.0,0.0,1,8
57.819907619198304,34.82170044835322,59.60812191130012,13,0.0,1.8217004483532193,0,4
56.13618935839938,17.57682589004022,56.70628965663579,7,0.0,0.0,0,4
27.282933823538492,18.898523248745413,49.22145372867371,4,12.717066176461508,0.0,0,38
53.943668812844024,30.734329106198835,15.0,0,0.0,0.0,1,5
51.73928897061559,22.767821025952124,67.34812104213624,22,0.0,0.0,0,6
26.668302920098657,23.203413301849906,54.08036415241218,20,13.331697079901343,0.0,0,39
77.36140580369822,34.07650882697628,57.26440912321788,16,0.0,1.07650882697628,0,0
5.884658177515256,24.68231528172548,15.0,8,34.115341822484744,0.0,1,120
28.73283640261075,25.38451565620259,40.43269286809736,15,11.26716359738925,0.0,0,33
64.8625074476795,26.49945675802075,24.19359065549763,12,0.0,0.0,1,1
53.25873116073545,26.86347721726989,73.28159487908854,0,0.0,0.0,-1,5
15.98273464889172,32.10961456132247,30.109623872604228,21,24.01726535110828,0.0,0,72
21.312232871178512,20.739973616441773,76.6267938236694,11,18.687767128821488,0.0,-1,39
67.67740397267512,26.871304040954172,67.15128934100574,11,0.0,0.0,0,0
46.0747001387952,34.974231695253906,53.98429526854689,19,0.0,1.9742316952539056,0,7
59.726964533407276,40.79651004274926,70.43700968683757,17,0.0,7.7965100427492615,-1,3
91.49171316018543,19.86016786969779,33.0004880711231,12,0.0,0.0,0,0
56.64537997109137,29.986037488790345,36.22522291653951,20,0.0,0.0,0,4
37.879537886902924,26.859330296844487,66.60251466310245,17,2.1204621130970764,0.0,0,10
44.488283860343905,27.407235106581354,33.08336015470964,13,0.0,0.0,0,8
48.88722965769771,23.262509442688042,26.13530161168109,16,0.0,0.0,1,7
60.73972167958609,32.534826623290826,44.21666911738434,3,0.0,0.0,0,3
56.589275774733295,32.226964551486894,34.12147280564744,22,0.0,0.0,0,4
93.17826170179922,43.137253417583025,83.57693913940221,21,0.0,10.137253417583025,-1,0
38.83081180325074,20.073524125109984,63.956458515598776,8,1.1691881967492606,0.0,0,10
96.64703852113936,17.51254110152785,39.63227109972561,0,0.0,0.0,0,0
57.48223910740036,40.32838811805036,31.975397586655156,19,0.0,7.328388118050363,0,4
22.208302987679776,27.688648119867437,56.09596085452777,12,17.791697012320224,0.0,0,53
23.63357939038277,25.25921262718939,71.37579929000368,6,16.36642060961723,0.0,-1,34
63.16747042606505,29.12944828784909,55.23637203061873,23,0.0,0.0,0,2
33.16788276511783,19.63088536798881,32.881483538396566,13,6.832117234882169,0.0,0,20
83.35971521393122,30.255161295329437,24.139346872729778,4,0.0,0.0,1,0
26.101051533863284,27.518428180799145,43.1943805428877,14,13.898948466136716,0.0,0,41
14.543691413559396,34.442672676197034,55.68540159802723,18,25.456308586440606,1.4426726761970343,0,87
23.000610992623844,33.1420783504839,41.53127564287476,10,16.999389007376156,0.14207835048389938,0,58
79.60792283947126,33.64199761423954,68.13883091765356,16,0.0,0.6419976142395427,0,0
18.10698964702651,29.145015783091203,59.489110692907246,2,21.89301035297349,0.0,0,65
67.69533391843706,37.62607792420951,54.272290474392754,6,0.0,4.626077924209511,0,0
75.47552649676274,31.457518429462056,59.13406888245423,10,0.0,0.0,0,0
87.00558349675732,24.801275847805872,24.995328779475095,2,0.0,0.0,1,0
73.04919929615052,23.144653363608786,41.031858048304116,4,0.0,0.0,0,0
42.68799099865724,23.82081142716246,31.275551051432167,12,0.0,0.0,0,9
61.93173649260984,31.532980425919558,56.918970330829595,11,0.0,0.0,0,2
71.57956896751736,20.0102819754045,31.549808567833434,8,0.0,0.0,0,0
77.63096059826084,28.930635755707563,51.47487161228314,0,0.0,0.0,0,0
12.62694151359281,23.002756980865044,47.0387929797127,9,27.37305848640719,0.0,0,82
20.880847568876106,20.48127463351446,60.79985713456429,11,19.119152431123894,0.0,0,57
39.80026724742138,21.450012883749473,28.459931484532824,23,0.199732752578619,0.0,1,10
43.08479159425772,27.857250689606076,58.131701839564755,9,0.0,0.0,0,8
83.94730522660265,32.58264917123523,30.749416966474417,12,0.0,0.0,0,0
54.2573279010857,23.94438151270963,32.64224126219751,0,0.0,0.0,0,5
52.65834165793586,15.544137305394788,47.43326933950915,4,0.0,0.0,0,5
57.848595336792684,45.0,71.49793861753078,14,0.0,12.0,-1,4
63.66045155709356,34.70678046553881,34.85117101247146,11,0.0,1.706780465538813,0,2
53.7342573116331,33.59367536105938,17.999480090535414,7,0.0,0.5936753610593826,1,5
74.02368824961306,37.76727166551924,32.98506003530358,9,0.0,4.767271665519239,0,0
30.66802569095338,28.554219079582055,43.06708527859549,13,9.331974309046618,0.0,0,27
66.6619587146079,27.189993191473246,83.64282551947335,10,0.0,0.0,-1,1
12.011620983317439,36.13474844773116,56.98995573766073,21,27.98837901668256,3.1347484477311625,0,96
29.75734013524982,36.09425589973005,36.44147880571376,5,10.24265986475018,3.094255899730051,0,35
95.65029190755709,31.69112063568147,47.45713239992688,20,0.0,0.0,0,0
64.86223085627833,33.29498716393259,78.27743304284249,22,0.0,0.29498716393258917,-1,1
85.15116491584506,20.56736661781983,45.67323193748162,12,0.0,0.0,0,0
58.88943046411277,26.45518234854447,45.88924498254598,4,0.0,0.0,0,3
57.570384934168416,38.22288869571764,42.70211944143935,11,0.0,5.222888695717643,0,4
72.08870426845365,32.8260655104807,62.52918722613859,21,0.0,0.0,0,0
45.66560744634,19.227874906742834,40.54282963709933,12,0.0,0.0,0,8
35.83613528458943,24.813383589863037,65.70115882253688,15,4.163864715410568,0.0,0,12
27.758963059121513,37.24574038816063,69.12987336987052,9,12.241036940878487,4.245740388160627,0,42
61.683030227943355,30.7313029023921,61.042817648390624,13,0.0,0.0,0,2
12.67394858961378,29.09133590560568,45.96427620191103,7,27.32605141038622,0.0,0,81
59.83896021182535,29.271765988230882,24.82756313517055,6,0.0,0.0,1,3
84.35483319946377,27.498631641110286,45.96846636610378,3,0.0,0.0,0,0
26.658510628175954,24.854542579770115,37.9656924248884,16,13.341489371824046,0.0,0,40
50.779475884387395,22.998467331783896,35.97765078005009,21,0.0,0.0,0,6
57.11498621119776,34.06194743450651,45.69137534826011,8,0.0,1.0619474345065072,0,4
24.818234804034915,29.42527235814013,58.626239288424465,1,15.181765195965085,0.0,0,45
52.22040609120802,32.2423185998925,38.78941616007273,9,0.0,0.0,0,5
63.75024966765882,31.28013387216784,25.253378259136046,8,0.0,0.0,1,2
42.906246470139465,36.452298791681834,32.742562294041164,14,0.0,3.4522987916818337,0,9
65.99401377223111,30.72785507278206,80.42622263622488,3,0.0,0.0,-1,1
79.41252050100212,32.94165761637928,59.877324579228585,18,0.0,0.0,0,0
23.81089059850236,29.003698236977602,32.760786139591715,1,16.18910940149764,0.0,0,48
66.77073349911385,22.315336848580515,73.20207706045292,9,0.0,0.0,-1,1
47.25853762711224,26.646298056688124,45.68073100682497,4,0.0,0.0,0,7
53.45411311346132,31.539515795429665,91.00446512045254,20,0.0,0.0,-1,5
24.76321469159227,32.066036406783695,54.7169397554182,10,15.236785308407729,0.0,0,45
63.93896602394237,36.70616777941084,60.17934111577297,21,0.0,3.7061677794108405,0,2
39.51540128327686,25.240477656910496,65.07119192967457,13,0.48459871672314137,0.0,0,10
51.14407582845074,29.355989392504775,76.747595678008,18,0.0,0.0,-1,6
44.24677813529549,27.225070476350975,42.097891623957,21,0.0,0.0,0,8
61.23193156725154,37.7458752515124,75.19194837963394,19,0.0,4.745875251512402,-1,2
84.77690176231906,30.258691551502228,38.77173396442389,16,0.0,0.0,0,0
69.38155982633893,30.37356527812984,43.49397428703611,19,0.0,0.0,0,0
70.81835456241667,27.786041613771953,50.160576262812555,19,0.0,0.0,0,0
47.06169486712754,26.649587500655336,66.56774815833721,16,0.0,0.0,0,7
48.971007532365675,19.307981593998868,44.05618073499784,13,0.0,0.0,0,7
9.175713512294346,20.432787376701697,79.71298434766561,12,30.824286487705656,0.0,-1,64
47.380137003084435,29.073066771303495,73.87610813449903,4,0.0,0.0,-1,7
65.4920045479832,28.32489493336201,50.712741306827745,13,0.0,0.0,0,1
84.48001226737762,29.10654052674718,32.61105041500625,20,0.0,0.0,0,0
78.81723470366462,33.64833551712853,68.02013474299474,20,0.0,0.6483355171285297,0,0
12.49306418328083,28.55763465062344,15.0,11,27.50693581671917,0.0,1,99
20.95078966585303,25.910131563911246,63.343295728967405,11,19.04921033414697,0.0,0,57
47.40932016858162,26.74014269652956,35.171245131211904,18,0.0,0.0,0,7
83.92416392112327,29.463440832548656,72.61274753717106,23,0.0,0.0,-1,0
14.644515446968942,25.719988063838198,25.055350964823393,0,25.355484553031058,0.0,1,91
56.72196511689415,34.38636130369109,38.08049957150921,16,0.0,1.3863613036910891,0,4
49.36151471760682,27.932356282645465,57.886594316319965,10,0.0,0.0,0,6
63.68591442861747,29.50997389657222,60.829018146064286,5,0.0,0.0,0,2
60.1531164217702,23.100598408810505,38.73021719665414,8,0.0,0.0,0,3
24.505430761025604,34.38925577723976,44.02175087112586,23,15.494569238974396,1.389255777239761,0,53
31.70711540699955,36.63379404924524,67.14745270569966,7,8.292884593000451,3.633794049245239,0,28
60.182884321741106,19.82111721705012,68.1223212327188,12,0.0,0.0,0,3
48.421937856715275,30.405334486496066,43.66829691925003,16,0.0,0.0,0,7
66.31430913644691,27.352533581866382,39.07162654555981,6,0.0,0.0,0,1
45.310510716779675,29.704215012754158,25.35764855777828,19,0.0,0.0,1,8
86.50783930998405,30.71256192356384,54.56545912599708,1,0.0,0.0,0,0
50.28824631747256,14.590265210097998,64.62732264446608,20,0.0,0.0,0,6
70.5193728201897,32.55692072680433,52.7244110815015,16,0.0,0.0,0,0
55.60628816302773,34.67438645661217,33.350067394632006,19,0.0,1.6743864566121687,0,4
36.98107238870772,35.34882963205181,82.15735776040252,2,3.018927611292277,2.3488296320518103,-1,10
54.37485809067842,22.332267157258173,15.0,19,0.0,0.0,1,5
54.43233219331061,27.814163485328738,65.80807600325005,6,0.0,0.0,0,5
34.750280661920286,24.766505084566596,53.900813475190766,20,5.249719338079714,0.0,0,15
68.75416667701167,16.508525497088183,58.43621835404153,8,0.0,0.0,0,0
52.75194982229616,24.276776704036234,35.83706790957036,16,0.0,0.0,0,5
62.26700693943478,21.495351162215396,47.256506974086015,23,0.0,0.0,0,2
65.47670561755051,30.007157996727692,55.2803097130946,18,0.0,0.0,0,1
63.329301852132694,18.211312567754092,48.45524612853955,1,0.0,0.0,0,2
42.656815904304615,22.122708991255813,17.71227056166405,5,0.0,0.0,1,9
37.18976508753468,24.883215178818794,80.82502106189187,3,2.8102349124653188,0.0,-1,10
19.529385107136836,32.62096134809201,61.70355571732385,22,20.470614892863164,0.0,0,61
30.333475104744284,44.66664967204273,50.622672629035016,7,9.666524895255716,11.66664967204273,0,33
46.617991655211085,29.81853972901732,51.783631257457216,12,0.0,0.0,0,7
60.35140423960491,21.80733516307946,80.30728449827288,13,0.0,0.0,-1,3
82.92602885367717,23.925401184222864,36.630882271692386,6,0.0,0.0,0,0
4.3288114482391515,31.94834848454047,32.57181159176897,8,35.67118855176085,0.0,0,107
8.34016327909255,19.9239731372948,65.30138645689978,10,31.65983672090745,0.0,0,94
12.382777404095291,34.58031580784118,58.32842384840917,0,27.617222595904707,1.5803158078411812,0,95
80.48290317012099,29.640457927762604,31.822068035105158,19,0.0,0.0,0,0
67.62830995021446,27.24957092039914,69.59628943375766,21,0.0,0.0,0,0
49.73692824080079,17.890682961353562,55.30924261540163,16,0.0,0.0,0,6
42.401843609990024,33.522322732259134,33.83675695436559,10,0.0,0.5223227322591342,0,9
73.97427957086343,23.43025305672249,58.8258297875489,3,0.0,0.0,0,0
30.5907635916015,28.92215338193366,56.132478812915735,7,9.409236408398499,0.0,0,28
14.098596361149731,27.05703846422131,48.415195221727,10,25.90140363885027,0.0,0,77
84.08786201984046,18.497200033219755,56.91759452510372,4,0.0,0.0,0,0
54.04333251904772,26.61588665147929,61.27143143049071,18,0.0,0.0,0,5
30.995703239387673,20.738296144850885,66.45545166521921,10,9.004296760612327,0.0,0,27
42.08202741802343,24.087883980617896,51.9313166440392,16,0.0,0.0,0,9
75.78798950621275,30.596676692098555,45.12892423003933,12,0.0,0.0,0,0
64.60768826921192,32.21475988499208,54.30309780653627,4,0.0,0.0,0,1
33.761446882169835,27.890518843087143,71.43582787367683,15,6.238553117830165,0.0,-1,13
29.260684614139127,22.696341847332775,61.33878198572648,17,10.739315385860873,0.0,0,32
78.93367429427755,24.115531750748108,44.11890391676425,10,0.0,0.0,0,0
63.87543742075237,24.01136415466934,51.00174917075031,16,0.0,0.0,0,2
64.97969081045805,15.177613455471711,79.98187554993295,23,0.0,0.0,-1,1
29.67809084073878,28.439561070121947,63.48726045938331,5,10.32190915926122,0.0,0,30
12.490573015397699,18.003548698255145,52.73261414326502,21,27.5094269846023,0.0,0,82
36.35653055928538,28.457174254452877,70.52681079318064,7,3.643469440714618,0.0,-1,10
46.990723420557124,19.24338841997316,40.22437562103939,1,0.0,0.0,0,7
71.45124726570067,20.762473463919896,55.92030412267151,10,0.0,0.0,0,0
54.12282279085473,32.01169378364813,83.76119034778968,19,0.0,0.0,-1,5
6.265275299662616,28.147416359116814,61.76388835552801,16,33.73472470033738,0.0,0,101
65.78548117606272,16.690945872349296,79.17530649862194,7,0.0,0.0,-1,1
43.70637423931018,24.647213864007856,48.49232818546702,22,0.0,0.0,0,8
26.98569007924351,29.57169125135085,41.428342215082566,23,13.014309920756489,0.0,0,39
63.7776865908246,24.284256263919485,70.88391889937202,23,0.0,0.0,-1,2
93.54881762996999,25.941089473128187,17.09029744467295,13,0.0,0.0,1,0
74.13213997795697,29.464434721143796,53.24342370660223,16,0.0,0.0,0,0
77.57887428359676,28.26821938746515,68.55577432907123,12,0.0,0.0,0,0
27.498148198082728,22.04646224230086,60.125214860841346,9,12.501851801917272,0.0,0,37
52.78681909975612,28.133813751659776,15.0,12,0.0,0.0,1,5
7.718164472797935,26.27593314589874,25.7720889110346,1,32.28183552720206,0.0,1,116
45.66778520582137,38.34471030985483,47.94107215588552,3,0.0,5.3447103098548325,0,8
55.03700327728849,27.38150330499103,58.54758282998824,14,0.0,0.0,0,4
65.88683387305159,28.80983606180398,59.254341585437714,10,0.0,0.0,0,1
60.31837612455016,29.558717516490542,49.88905014808747,11,0.0,0.0,0,3
61.52753811589336,26.066171895804636,63.1443197939129,21,0.0,0.0,0,2
31.69031271390625,23.680462903663805,57.864111855603156,16,8.309687286093752,0.0,0,24
35.90097525495339,30.758606170346077,47.68500925297747,1,4.099024745046613,0.0,0,12
52.00050608012168,30.807674457633098,59.6768044217665,23,0.0,0.0,0,5
46.475889906622605,40.49545912114013,38.34558921534591,20,0.0,7.495459121140129,0,7
95.66706584160744,32.454492403962746,61.462777498417836,4,0.0,0.0,0,0
69.98920738045383,32.55567579381248,34.75575186055348,20,0.0,0.0,0,0
32.79853098054197,32.30641239019167,58.774035413742105,8,7.201469019458031,0.0,0,21
66.12365390606071,23.85806548664087,58.331397622859306,8,0.0,0.0,0,1
7.600119297234448,20.452156991712968,44.62027073294404,13,32.39988070276555,0.0,0,97
53.37035635195048,21.978444159298746,61.42910362957233,21,0.0,0.0,0,5
25.273856066192913,32.12783279834839,77.76856898107441,8,14.726143933807087,0.0,-1,30
55.58018079908956,36.52975932796685,31.63973919042162,13,0.0,3.5297593279668504,0,4
52.63474983834474,32.40401663428666,67.1755615395831,4,0.0,0.0,0,5
74.7972591932609,26.99838967360978,69.55688188355032,2,0.0,0.0,0,0
59.13170899273656,38.06004716481132,46.269325423531015,14,0.0,5.060047164811323,0,3
4.781744527140681,25.338073418222923,64.41622913866387,5,35.21825547285932,0.0,0,105
20.828220666212697,21.11108033396082,45.41769291647301,0,19.171779333787303,0.0,0,57
46.49489241759597,29.517951531987276,72.61165338033668,0,0.0,0.0,-1,7
64.79651383224608,35.75116304472536,15.0,9,0.0,2.7511630447253594,1,1
36.542665957518764,22.93719923129656,76.00800495063989,5,3.4573340424812358,0.0,-1,10
46.97123750736574,17.771237261168285,29.97899306805518,23,0.0,0.0,1,7
41.82441036321346,28.226226692410265,51.619459097358074,11,0.0,0.0,0,9
44.644916953299145,32.6286213947856,35.34889401031204,11,0.0,0.0,0,8
52.80687618589178,10.212601691098193,76.93718366446626,3,0.0,0.0,-1,5
2.5743825067012027,33.86420972714317,45.87694607121911,2,37.425617493298795,0.8642097271431695,0,120
77.52298854473491,19.799217204432946,40.242121590843695,7,0.0,0.0,0,0
26.6887814739642,32.348978571087784,70.16321552089693,20,13.311218526035798,0.0,-1,27
42.323475212349834,16.019793905078302,63.17846883685805,14,0.0,0.0,0,9
78.5699249607121,19.15088878354359,43.99457456243172,4,0.0,0.0,0,0
22.926287778394215,31.712310501323408,32.15859412647205,0,17.073712221605785,0.0,0,51
18.644376309351955,35.2946171269177,29.727597287003345,6,21.355623690648045,2.2946171269177,1,88
64.39269920510733,27.945152236776885,72.95124532105004,6,0.0,0.0,-1,1
31.781655285958088,42.372066604633716,57.54073476718244,23,8.218344714041912,9.372066604633716,0,28
52.649649268359234,21.86442458837658,53.12139297810888,4,0.0,0.0,0,5
38.123374616262204,21.787794226441235,58.8601387046524,18,1.876625383737796,0.0,0,10
73.97155613996,26.186701683238667,15.0,9,0.0,0.0,1,0
19.344025524021095,25.90115398656402,44.15853330997942,7,20.655974475978905,0.0,0,61
67.96140028644963,29.700893047396804,44.636563527045595,5,0.0,0.0,0,0
60.39817411965045,23.54286850541392,67.66495272552493,15,0.0,0.0,0,3
39.66828581472054,31.405063306910606,23.55636759505646,16,0.3317141852794592,0.0,1,10
2.7430953940913554,31.261654130392625,68.96568383398342,11,37.256904605908645,0.0,0,111
23.125998418903414,37.68028662885796,82.29961116414111,22,16.874001581096586,4.6802866288579565,-1,40
6.915218280253066,25.057338012929467,19.056364826497806,21,33.084781719746935,0.0,1,119
63.80050473483021,30.02182555525715,50.299759653583635,18,0.0,0.0,0,2
62.07095282876972,31.63505249189238,58.98814938919493,13,0.0,0.0,0,2
90.35135927996436,27.956623397528315,65.71505337570034,12,0.0,0.0,0,0
57.3286863966316,26.730001654666758,15.0,15,0.0,0.0,1,4
18.800426082056234,15.617437616024738,56.07710763342043,13,21.199573917943766,0.0,0,63
61.08991298404069,28.500360781095154,46.062635184243305,3,0.0,0.0,0,2
51.53381234272165,31.572991287231943,44.90102898462813,15,0.0,0.0,0,6
57.28925379535025,27.653104219942954,87.24296885185834,5,0.0,0.0,-1,4
48.68813150675456,23.306349514281152,46.119922957676636,17,0.0,0.0,0,7
74.55975178623449,17.92470945526309,58.09740204045863,0,0.0,0.0,0,0
29.799977458844783,30.718347599437017,47.83403176218723,1,10.200022541155217,0.0,0,30
58.380640819374406,28.198781668202866,54.34209535636696,14,0.0,0.0,0,3
36.66260013946655,36.33970732161657,59.94747065567261,18,3.337399860533452,3.3397073216165722,0,11
41.670780007583986,19.303617757989834,66.08011216111679,13,0.0,0.0,0,9
41.27609837659289,25.17814840500349,36.014518996273985,4,0.0,0.0,0,9
48.65732919462318,20.07215872521572,52.74727468327153,7,0.0,0.0,0,7
53.345290377966684,34.15191429352681,53.38332281207319,10,0.0,1.1519142935268079,0,5
58.83877684232165,35.43421955562635,20.335267850337665,5,0.0,2.434219555626349,1,3
47.659145555021915,39.535501423313136,32.83407296048934,23,0.0,6.535501423313136,0,7
49.18426209379185,31.1285477023769,66.03662362039069,10,0.0,0.0,0,6
48.63641275263155,32.735615307339856,41.690658464263706,21,0.0,0.0,0,7
19.45258411253839,30.616502544206003,95.0,2,20.54741588746161,0.0,-1,43
36.70793181094047,31.438634634723886,67.33526543244307,11,3.2920681890595276,0.0,0,10
53.242859403636565,28.294459335230282,58.133266206884834,20,0.0,0.0,0,5
87.79898624195795,31.71296766144076,77.18714525640159,6,0.0,0.0,-1,0
20.601323288920096,40.83995830496675,63.90901882689605,19,19.398676711079904,7.83995830496675,0,66
50.843498298921666,29.312076366852622,53.316142342918575,18,0.0,0.0,0,6
74.37653882522417,28.144040664392733,24.545018746856243,14,0.0,0.0,1,0
33.51650743639252,29.18844817814312,61.976074051445664,1,6.483492563607477,0.0,0,19
34.02042481588321,27.105448725926593,75.14084605995076,21,5.97957518411679,0.0,-1,12
64.25794598877341,29.478532927196063,39.32832006221786,11,0.0,0.0,0,1
62.8289628716063,26.902012466773865,17.131546442208304,14,0.0,0.0,1,2
90.31676101783317,34.8638965317148,30.75282921389225,16,0.0,1.8638965317148006,0,0
53.00497808144753,34.26435982473269,81.66259762450638,11,0.0,1.2643598247326935,-1,5
61.09708377469683,40.995609634324,51.44358802169293,3,0.0,7.995609634323998,0,2
38.725609683634374,27.858760059052617,76.27582475758986,14,1.2743903163656256,0.0,-1,10
51.60906594292256,29.731823009164067,50.34280456183779,14,0.0,0.0,0,6
8.344602583458748,29.48183854710343,41.062592767065446,2,31.655397416541252,0.0,0,94
71.54655740034774,29.1975578153932,88.42270187600054,4,0.0,0.0,-1,0
41.71730514122353,34.77996131063846,43.31087651763704,5,0.0,1.7799613106384626,0,9
78.27473009095148,18.250094161673218,45.5167552501192,8,0.0,0.0,0,0
35.21468821576105,30.764252277428906,58.29089623483901,13,4.785311784238949,0.0,0,14
36.08264480803155,39.97461571510228,44.7782007634014,14,3.917355191968447,6.974615715102281,0,13
71.15268615575658,36.17767637903101,64.00708065422187,2,0.0,3.1776763790310127,0,0
62.790470219133454,35.491400743505224,58.02683200113644,20,0.0,2.491400743505224,0,2
80.9645967262684,33.05236600638784,58.73947956451485,19,0.0,0.05236600638784239,0,0
45.42635001000425,24.425311527246798,38.900413594352514,2,0.0,0.0,0,8
74.44866132947998,23.500943321260696,20.076807091072574,4,0.0,0.0,1,0
38.79250399042154,23.5478219466333,35.02061954614897,20,1.2074960095784633,0.0,0,10
89.53505014261235,21.16927130791103,36.607943574644025,10,0.0,0.0,0,0
78.27972358534923,33.67965149401473,55.26737053356063,10,0.0,0.6796514940147276,0,0
45.717733271000796,36.81017951632009,35.328504438824055,11,0.0,3.8101795163200904,0,8
54.36018395534254,30.60656003293164,23.624613911856997,23,0.0,0.0,1,5
40.837436856023416,32.82871182566548,29.361295110819317,3,0.0,0.0,1,9
23.190710247844102,29.760813074300593,56.97709397006807,22,16.809289752155898,0.0,0,50
66.49563710110695,31.412556530195808,62.373528306126644,5,0.0,0.0,0,1
39.45374967066581,15.297701159521152,40.88049133092514,21,0.5462503293341925,0.0,0,10
56.80346617935419,29.888061311730386,42.79871091334153,11,0.0,0.0,0,4
31.522353297085797,25.4467609189314,61.05157668716962,18,8.477646702914203,0.0,0,25
13.079252844952638,27.759039114185097,52.97877836454105,2,26.920747155047362,0.0,0,80
58.37821580081558,29.35458827503644,71.34929751880718,8,0.0,0.0,-1,3
48.19146766738162,23.70639501970989,47.16212156209289,4,0.0,0.0,0,7
47.78137573849018,21.546340696159472,35.03411374093699,13,0.0,0.0,0,7
71.37873265297743,23.524297906999116,69.55539934025396,0,0.0,0.0,0,0
64.21064391330995,19.30999295367286,44.39669481492834,9,0.0,0.0,0,1
10.794348603649901,21.068758813550442,35.80247381179898,12,29.2056513963501,0.0,0,87
22.836713653579178,21.892652098170668,66.07067416512741,11,17.163286346420822,0.0,0,51
28.085225179071188,19.389499268501297,76.08645630449533,19,11.914774820928812,0.0,-1,25
10.628343820309253,31.1726527705488,53.29842761412983,14,29.371656179690746,0.0,0,88
39.55874582522552,22.59702039371038,31.922882578707398,19,0.44125417477447826,0.0,0,10
69.05803075899388,16.820951154263078,77.62608322850542,12,0.0,0.0,-1,0
41.51088511092313,25.59248175169105,56.78096859086483,8,0.0,0.0,0,9
32.54519914259893,21.320664454210934,53.95526866493492,7,7.454800857401068,0.0,0,22
39.205736431988605,36.75449592385554,42.728503542914765,16,0.7942635680113952,3.7544959238555435,0,10
54.453615295696466,28.797486333920936,70.33688018463752,22,0.0,0.0,-1,5
78.54460802061554,19.17712079898248,30.0476172414212,23,0.0,0.0,0,0
45.35477178691327,31.412180870465946,28.332906931832348,5,0.0,0.0,1,8
56.85897450078588,28.509854259200143,84.10113034512463,10,0.0,0.0,-1,4
77.06933634114745,26.5683452582473,34.476375125347474,14,0.0,0.0,0,0
43.32661154884458,37.44771560614546,67.27429046374661,21,0.0,4.447715606145458,0,8
87.07418820818317,22.14687474996503,74.81185346158486,7,0.0,0.0,-1,0
42.702975127824224,34.21087693662058,53.782946537513,18,0.0,1.2108769366205792,0,9
17.468931570607687,25.542869187929533,34.14167928652297,20,22.531068429392313,0.0,0,67
51.5860913467389,27.8898612202658,61.33600070856231,4,0.0,0.0,0,6
26.80085979633043,23.501042757648825,75.0519472309362,7,13.199140203669572,0.0,-1,27
23.747347726475557,23.88355188979868,56.16471396004832,10,16.252652273524443,0.0,0,48
64.76625756522593,25.383762890602938,36.56383389043191,20,0.0,0.0,0,1
46.599359004918256,16.595412408239234,55.50921916226162,22,0.0,0.0,0,7
93.08682004918859,30.079895127155392,25.076734016253134,3,0.0,0.0,1,0
18.48611393131008,28.689363409831376,32.47403081646216,4,21.51388606868992,0.0,0,64
24.61128412144049,19.0137589533388,45.34444962577968,9,15.388715878559509,0.0,0,46
59.87273030680444,31.959718112128247,51.107424727775566,1,0.0,0.0,0,3
18.685592850469014,36.7423810816563,28.363435374497136,12,21.314407149530986,3.7423810816562977,1,88
53.941031192031616,24.012886591077148,54.49524711216714,6,0.0,0.0,0,5
22.83123872353293,23.291379576340418,59.38985046808067,9,17.16876127646707,0.0,0,51
79.43341852037126,34.68047617681439,46.13496004552742,0,0.0,1.6804761768143877,0,0
39.70745524041855,30.419508786676317,15.0,5,0.2925447595814532,0.0,1,10
36.056823011292686,27.184457610911263,51.880193122731285,3,3.9431769887073145,0.0,0,11
41.87866442828717,32.887372837105076,82.66748202567031,5,0.0,0.0,-1,9
38.713213458274815,29.644662064207836,58.23901703410771,10,1.286786541725185,0.0,0,10
17.382332369922242,36.57100299882894,50.28122623518733,5,22.617667630077758,3.571002998828938,0,78
33.45506593464296,27.899473595801595,43.29590349999796,18,6.54493406535704,0.0,0,19
12.04407399813448,30.558833515397158,60.38812004549777,10,27.95592600186552,0.0,0,83
20.656375229227503,34.58836885447561,53.751960042209,5,19.343624770772497,1.5883688544756112,0,66
58.40796533608296,13.3130264453792,62.73161551962797,14,0.0,0.0,0,3
41.78832908420429,34.805488446761345,30.265967817616485,20,0.0,1.8054884467613448,0,9
77.51764555596293,24.96936524360433,52.184044223769476,11,0.0,0.0,0,0
18.666377474518413,30.999684998640813,41.69847769467931,23,21.333622525481587,0.0,0,64
83.92294463718613,37.98476157719206,56.688705478056896,8,0.0,4.98476157719206,0,0
45.142826241570575,26.164606102765852,15.0,11,0.0,0.0,1,8
75.39443367505429,25.2668906503308,42.93084117696444,10,0.0,0.0,0,0
46.67186792437793,27.67154210809409,59.764114325833766,23,0.0,0.0,0,7
78.4486374223264,19.28625802134485,62.6670479739026,17,0.0,0.0,0,0
68.3884585695114,41.19474283206964,49.45118977314339,13,0.0,8.194742832069643,0,0
41.954672785998085,27.744900455287787,15.0,8,0.0,0.0,1,9
39.751338815250804,37.873542801594546,61.54412705795464,1,0.24866118474919574,4.873542801594546,0,10
10.455844489608795,26.000755043712953,78.5145365340523,21,29.544155510391207,0.0,-1,62
58.64857644162939,28.20403352849378,34.90189296019163,2,0.0,0.0,0,3
33.001967963276066,33.665584979793046,42.33427885866554,17,6.998032036723934,0.6655849797930458,0,24
70.61939970976675,21.386712389251876,64.51772954747521,12,0.0,0.0,0,0
81.20387685748518,27.38469868979986,64.99845475848456,16,0.0,0.0,0,0
56.66686249085389,33.44081406272077,69.74662905555925,22,0.0,0.4408140627207686,0,4
19.03444085250563,26.721796280871022,68.26340909096716,4,20.96555914749437,0.0,0,62
31.2416245997794,25.10155556991854,22.420193084272316,2,8.7583754002206,0.0,1,31
48.306328379191854,34.69136852145546,41.371118774971286,8,0.0,1.691368521455459,0,7
72.35493727559475,36.40669297315534,61.27588683445576,13,0.0,3.4066929731553373,0,0
49.08933810560859,37.36079944335356,48.448992984264784,1,0.0,4.360799443353557,0,6
63.39718593614398,23.95005214007146,56.586050483013075,19,0.0,0.0,0,2
27.12279652837084,24.524103998027307,47.65238542847777,14,12.877203471629159,0.0,0,38
28.988493493019902,25.170520055614663,42.154768444235074,23,11.011506506980098,0.0,0,33
74.22220925304319,32.31112351188542,45.64628702115218,6,0.0,0.0,0,0
41.45634894299676,20.819213146587707,29.807130077455902,21,0.0,0.0,1,9
57.22795899509722,21.157982172669502,36.97768327720332,9,0.0,0.0,0,4
75.4920194467433,23.713971387901175,48.79514447903597,2,0.0,0.0,0,0
36.17969233823651,22.370664776690333,49.12250378641963,20,3.8203076617634935,0.0,0,11
34.83264221378505,33.3061618307478,60.216096894610246,1,5.16735778621495,0.3061618307477971,0,17
26.15946953403267,32.901831842752706,44.866961844234275,17,13.84053046596733,0.0,0,41
46.760958545359934,25.109912611920485,80.1638806532393,4,0.0,0.0,-1,7
34.156812518224605,26.836799726241185,72.13865219024086,16,5.843187481775395,0.0,-1,12
69.66273432516043,12.761600973418336,40.9574527317758,6,0.0,0.0,0,0
56.55087857599149,25.255433962329093,53.560608819017915,1,0.0,0.0,0,4
63.27562757605478,35.46372105737947,71.83115483692377,20,0.0,2.4637210573794732,-1,2
48.52873160155875,24.929080268956508,38.46731635921489,8,0.0,0.0,0,7
18.166452222978652,21.444937991355808,36.54069885154742,15,21.833547777021348,0.0,0,65
67.43347713800809,36.257350514076464,73.38831478847446,0,0.0,3.257350514076464,-1,0
58.83489623647539,21.31311885256976,62.44482451801295,22,0.0,0.0,0,3
38.9193898172693,37.276361285298215,69.32848585711879,14,1.0806101827307018,4.276361285298215,0,10
57.72724033168378,45.0,55.677765585062645,10,0.0,12.0,0,4
27.50805940238374,27.34373631875047,45.41198790073592,21,12.49194059761626,0.0,0,37
67.83810439569709,35.46266931831796,25.846029604129523,9,0.0,2.462669318317957,1,0
85.2802591778653,17.986397329743323,52.463372935846785,7,0.0,0.0,0,0
48.685157706002904,17.72235146964526,72.17767861717147,6,0.0,0.0,-1,7
47.139506009226025,23.219635171974737,72.38846195603563,15,0.0,0.0,-1,7
34.67841524932182,32.934519371641656,69.27361394722072,10,5.321584750678177,0.0,0,15
62.32477397271124,28.010464342452373,64.17000907450345,13,0.0,0.0,0,2
59.17244461980413,26.881589297160765,89.79924458879121,18,0.0,0.0,-1,3
52.80900874910088,20.254985594311012,22.068996508325412,15,0.0,0.0,1,5
89.73394714308674,27.235900439053367,54.1569800770088,16,0.0,0.0,0,0
51.975688440147984,24.138329074954797,33.13820451308827,14,0.0,0.0,0,6
28.560998295859857,22.465025450460864,77.94392252551415,18,11.439001704140143,0.0,-1,24
73.51646053172185,21.955830247086112,40.05268220042949,17,0.0,0.0,0,0
54.45619829543753,29.151635307887688,68.15304012125084,19,0.0,0.0,0,5
66.98423185787239,23.67803668850894,41.911907682157526,15,0.0,0.0,0,1
52.88779370694774,27.960895513179498,57.56477379706361,0,0.0,0.0,0,5
81.57521519122643,17.385917217380975,48.046695286156655,21,0.0,0.0,0,0
61.54260398275881,31.01883124547474,49.7518735329153,5,0.0,0.0,0,2
40.86997219564479,29.44428004225857,56.00535980734637,17,0.0,0.0,0,9
82.1964545532651,26.611784462054324,66.55113899175961,15,0.0,0.0,0,0
55.85141854486082,28.969101751211603,48.032323144150915,15,0.0,0.0,0,4
53.281126844074755,33.6050096851441,66.04451484246798,10,0.0,0.6050096851440969,0,5
38.99563415554384,19.307139845503585,68.68100839056052,10,1.00436584445616,0.0,0,10
15.275387765098506,28.40017490136093,42.492066584703686,2,24.724612234901493,0.0,0,74
34.42731129317225,20.169163037565696,83.93346235814278,5,5.572688706827748,0.0,-1,11
29.88627619999125,28.525649866789685,63.41325239172293,1,10.11372380000875,0.0,0,30
41.11482917569772,26.446875832168303,42.23450225887805,21,0.0,0.0,0,9
53.94808861336162,27.850530279595457,61.05241870097216,22,0.0,0.0,0,5
79.30891960392884,33.09047817816976,68.69166126273996,2,0.0,0.09047817816976078,0,0
79.49201235219086,32.911058972071906,60.61422426226766,20,0.0,0.0,0,0
31.875634095120432,34.52025442888078,53.633709678243015,16,8.124365904879568,1.5202544288807829,0,28
23.457087356511895,25.62173316408905,15.0,7,16.542912643488105,0.0,1,59
73.36718314172587,32.219024238820644,32.58760953037133,3,0.0,0.0,0,0
53.394462818425616,31.039829695247263,62.21472620171772,15,0.0,0.0,0,5
10.090334227220305,25.772744724615656,32.22987759588048,0,29.909665772779697,0.0,0,89
37.69193566575387,28.703216745311224,59.24954938611982,3,2.308064334246133,0.0,0,10
92.63983386398283,27.206882511011457,65.9252316836055,2,0.0,0.0,0,0
41.85035231693301,36.3693176724006,47.97294988901303,3,0.0,3.369317672400598,0,9
67.2846698696719,32.861298254137914,18.236003134159866,0,0.0,0.0,1,0
5.327923993791212,25.984807295742108,36.73846435223662,8,34.67207600620879,0.0,0,104
44.18432692047516,25.567343277431213,62.3259696025281,19,0.0,0.0,0,8
9.427012823248889,33.745691552117314,72.62530947159817,6,30.572987176751113,0.7456915521173144,-1,73
55.38724817416845,36.03981593621688,15.0,5,0.0,3.0398159362168826,1,4
87.99540853109397,29.89321043781249,51.454595621706595,23,0.0,0.0,0,0
70.72994795223046,31.951433617307742,23.584982496804376,11,0.0,0.0,1,0
45.58981207500178,35.81878890882951,51.62810056998989,0,0.0,2.818788908829511,0,8
21.591047311987776,26.95128560859412,47.17358761258425,14,18.408952688012224,0.0,0,55
23.225070305108968,28.50082378328232,92.48703014924843,13,16.774929694891032,0.0,-1,35
66.17726372086929,30.920369876280077,40.30170623637666,10,0.0,0.0,0,1
77.34540683448733,25.426009959555344,68.87830061896753,20,0.0,0.0,0,0
77.75921081642926,38.194269920111566,68.1612222457063,16,0.0,5.194269920111566,0,0
26.33310764343509,25.37198413176976,46.491989910094155,0,13.666892356564912,0.0,0,41
83.86033010703912,28.36771784520317,52.13929223246257,8,0.0,0.0,0,0
44.27944475012928,39.49825655100963,50.00858443220318,13,0.0,6.498256551009632,0,8
52.57576464100501,16.82934585887505,36.61229576389299,15,0.0,0.0,0,5
51.71886778022515,29.295750817579474,35.055072773491105,9,0.0,0.0,0,6
44.46145513555825,24.036603750300753,42.62300720078703,10,0.0,0.0,0,8
31.75916621782879,28.00101589826515,29.508674611276067,5,8.240833782171212,0.0,1,29
41.522019883976846,20.764720099724922,40.992971430036455,14,0.0,0.0,0,9
77.05832991690473,25.77472889686503,46.481603815707565,5,0.0,0.0,0,0
14.76660133527458,28.14866305063232,52.91274537301519,11,25.23339866472542,0.0,0,75
59.95446696510685,29.429920363219708,57.98630979554457,19,0.0,0.0,0,3
59.87099073787886,33.37386770927927,46.46592273172996,21,0.0,0.37386770927926705,0,3
87.71160005612766,14.056962839293405,36.15646734913026,11,0.0,0.0,0,0
49.672894122961345,27.244783581544045,57.660042168817014,4,0.0,0.0,0,6
25.405624167083353,26.951848365227907,64.23740393111336,1,14.594375832916647,0.0,0,43
5.313671844402098,27.614330097577184,41.25452415687119,20,34.686328155597906,0.0,0,104
74.89677606212184,28.19365350972,32.31283254763643,9,0.0,0.0,0,0
56.062829432738226,23.019291639773922,41.967231525392606,4,0.0,0.0,0,4
41.386772958206556,18.71801999233015,46.73177950378757,19,0.0,0.0,0,9
20.754692430509746,29.30263663352638,70.61120731472946,11,19.245307569490254,0.0,-1,40
80.59740905430569,22.034490023122782,62.48808082560173,16,0.0,0.0,0,0
52.61760635251683,30.416447923151274,49.940964868398446,1,0.0,0.0,0,5
13.413603024670204,22.376790691759815,84.21243646935926,22,26.586396975329798,0.0,-1,55
58.11171268947718,32.156331898089554,49.373914010848694,7,0.0,0.0,0,3
22.55483974732614,27.67326552278317,75.44799024520796,18,17.44516025267386,0.0,-1,36
18.606196839258267,28.089747760356396,71.98273221605612,7,21.393803160741733,0.0,-1,44
64.02096095629904,26.521930907094404,70.71155403970857,4,0.0,0.0,-1,1
49.55685353371282,25.559866781146997,55.780907586278836,9,0.0,0.0,0,6
48.018241535714054,26.60209996642041,52.10161908798885,1,0.0,0.0,0,7
58.05952812945675,35.089901938278885,50.092748360333964,12,0.0,2.089901938278885,0,3
37.14154901646924,18.793763392770547,65.30282549441915,11,2.8584509835307585,0.0,0,10
64.11383943005676,24.111181971358647,35.79229409022592,1,0.0,0.0,0,1
34.28705127642367,34.33996314008244,45.266807472609244,10,5.712948723576332,1.339963140082439,0,19
60.77001547022493,32.91863986175128,80.00536988662877,13,0.0,0.0,-1,3
76.31306408276718,36.06118222586374,61.2209831118399,13,0.0,3.061182225863739,0,0
47.33657627414896,27.64454608463414,67.174006067766,1,0.0,0.0,0,7
70.07479223637151,20.090253185484777,28.019239430403196,16,0.0,0.0,1,0
40.11215337527902,21.352949277169444,42.22315782779442,7,0.0,0.0,0,9
66.24862546013821,26.207733153339348,56.00898441457989,6,0.0,0.0,0,1
58.913102782951796,32.56418013208096,49.253455570515484,20,0.0,0.0,0,3
22.40088594580139,26.47192886647389,27.943669806428318,23,17.59911405419861,0.0,1,63
69.14782450032828,26.00991084704945,63.6756012616475,2,0.0,0.0,0,0
70.61311105542704,30.38161005785631,69.3937122390252,11,0.0,0.0,0,0
19.756816462892807,28.1663287945519,44.86369290163361,6,20.243183537107193,0.0,0,60
26.405714817399655,25.356471349470425,64.32316868332808,17,13.594285182600345,0.0,0,40
43.26765714427939,21.990922315803772,86.52366717269751,14,0.0,0.0,-1,8
38.36699729319078,33.68171860143649,77.45587867514192,9,1.633002706809222,0.6817186014364935,-1,10
68.65356664924252,34.2868793579221,45.66933535885549,17,0.0,1.2868793579221034,0,0
41.75715287257351,21.653878792427612,30.136574897023763,16,0.0,0.0,0,9
42.921465053064075,25.584341928294748,54.14284563144363,22,0.0,0.0,0,9
27.954825297604245,32.00183681381842,92.245499967856,23,12.045174702395755,0.0,-1,25
26.849233937418198,21.174027303383905,74.08495067490189,9,13.150766062581802,0.0,-1,27
20.90549729510381,30.191064752587536,49.890228409642084,3,19.09450270489619,0.0,0,57
35.386984403820634,26.041048083558515,78.12043234597986,22,4.613015596179366,0.0,-1,10
35.117000907375356,20.699456459384507,71.03678020511185,10,4.882999092624644,0.0,-1,10
47.2596406941936,38.66405351926013,15.810173419363295,21,0.0,5.664053519260129,1,7
55.734453392585095,25.9513941321062,69.10940635223665,16,0.0,0.0,0,4
79.33814831896827,31.145844281509742,52.13770041009248,12,0.0,0.0,0,0
4.922153792923485,21.272970761086437,34.40151799658044,20,35.07784620707652,0.0,0,105
6.3502570982679485,37.31403858783271,51.64253417224218,18,33.649742901732054,4.314038587832712,0,116
45.150369621310624,39.68431825597625,57.456849611401516,15,0.0,6.684318255976251,0,8
36.287817013478055,18.986925740737124,35.705892486930345,12,3.7121829865219453,0.0,0,11
85.43843241169155,27.012637684071073,47.841848815139244,5,0.0,0.0,0,0
54.075757384465064,35.96733447804263,44.04572703290202,5,0.0,2.9673344780426305,0,5
34.14363551837505,25.189406874893457,64.31460832024496,15,5.856364481624951,0.0,0,17
48.603115054592365,30.455793498807424,44.574994263913325,9,0.0,0.0,0,7
70.79643217628892,17.917926549218762,19.401330490796184,14,0.0,0.0,1,0
43.88042634808369,23.270185416581697,41.94500526223147,17,0.0,0.0,0,8
67.92655008527957,29.830262406070624,32.96578047332878,1,0.0,0.0,0,0
41.295934030292045,24.46322878921216,26.707610165590467,2,0.0,0.0,1,9
62.30979741646794,25.83678830703171,71.24658505452939,14,0.0,0.0,-1,2
59.8534507066693,18.906554867023686,64.46415958119721,23,0.0,0.0,0,3
65.77941538399811,31.924398076674706,32.59511664540081,12,0.0,0.0,0,1
9.97896514045125,19.962530428769472,27.151160829218295,16,30.02103485954875,0.0,1,108
69.82307125434306,37.244160174253196,48.15235806289545,6,0.0,4.244160174253196,0,0
27.73210602780597,23.903849648677166,26.177505753382547,5,12.267893972194031,0.0,1,44
29.434677059435977,32.80421868754273,45.64222732934348,5,10.565322940564023,0.0,0,31
39.17274534944755,32.21322641989086,51.26926446898392,22,0.8272546505524474,0.0,0,10
39.489815944688246,22.08953029881863,55.480754220704746,18,0.510184055311754,0.0,0,10
61.97826968609531,24.545456989204183,56.122441946659364,8,0.0,0.0,0,2
16.867613757370012,25.255369254116196,35.946740235833005,1,23.132386242629988,0.0,0,69
91.26720320913591,25.66208115458633,51.27007980290276,20,0.0,0.0,0,0
49.26922672066619,20.213990295182462,73.04989420642053,6,0.0,0.0,-1,6
74.90890831747093,31.203215435914135,15.0,5,0.0,0.0,1,0
19.994280455414874,23.867513462402325,55.86253352493188,16,20.005719544585126,0.0,0,60
17.586897527620835,27.314955685183243,28.7902667047583,2,22.413102472379165,0.0,1,80
52.51674398966746,34.03812096693678,75.27008725398963,5,0.0,1.0381209669367806,-1,5
97.38624954507866,31.430782584564625,64.70616377999917,12,0.0,0.0,0,0
85.5071096802885,24.272164879215698,64.13264988950544,2,0.0,0.0,0,0
91.10043899711856,34.24559339135732,34.639117911156525,21,0.0,1.2455933913573176,0,0
52.66273525887517,31.993238638342525,54.74888882421865,23,0.0,0.0,0,5
11.016919690735568,23.764931491197125,56.75322717717459,19,28.98308030926443,0.0,0,86
29.73084691147398,24.915713102620266,15.0,13,10.269153088526021,0.0,1,36
31.292833719294048,34.003024743982444,52.63717686343865,13,8.707166280705952,1.0030247439824436,0,30
40.875182598158524,32.67205693489255,61.038842742691365,6,0.0,0.0,0,9
63.99158604430614,18.984608491214978,24.547026446456552,3,0.0,0.0,1,2
33.38084335561429,21.96644423041417,60.835704989981224,3,6.619156644385711,0.0,0,19
43.14425962510832,32.17227496209403,51.793716533924204,3,0.0,0.0,0,8
72.80554749584131,20.953752693508772,74.86282880044658,0,0.0,0.0,-1,0
74.60401301467289,32.82962702629511,42.56419709363142,17,0.0,0.0,0,0
60.12593857000631,39.61472235887215,53.197657409037326,17,0.0,6.61472235887215,0,3
83.39462896532112,30.239737604614422,56.14283777969709,17,0.0,0.0,0,0
10.929675517587663,22.46206990373016,15.0,8,29.07032448241234,0.0,1,104
47.47944763213748,29.059034382764477,43.61762357639923,2,0.0,0.0,0,7
60.537463501629404,34.20767813036506,51.553351641741806,4,0.0,1.2076781303650606,0,3
49.79609004135004,28.593462549014408,15.0,19,0.0,0.0,1,6
21.57377931179075,30.903018928317337,62.13587596789526,21,18.42622068820925,0.0,0,55
58.53153082958676,23.203521976886556,51.545650137895834,1,0.0,0.0,0,3
38.18519049592049,23.65797916312122,51.444091644226866,16,1.8148095040795127,0.0,0,10
22.746304171542327,33.43634179796772,62.98141795540178,21,17.253695828457673,0.4363417979677209,0,59
82.65164383030164,23.727626597710646,42.60493049055186,19,0.0,0.0,0,0
26.41312990773172,12.482781346865034,50.77970782632413,5,13.586870092268281,0.0,0,40
36.563498352705345,26.162004554358425,65.57156202520497,15,3.436501647294655,0.0,0,10
48.52426082838173,29.885176234162245,50.99855206867586,19,0.0,0.0,0,7
50.68268098552967,34.35106360708784,16.81189982022591,22,0.0,1.3510636070878377,1,6
85.26748341586375,37.874653652497855,50.92809037315559,16,0.0,4.874653652497855,0,0
37.19133343119535,28.508199650075753,51.15083920743645,8,2.8086665688046466,0.0,0,10
47.78115615012461,31.951703014610324,66.210355443233,16,0.0,0.0,0,7
42.31025965249463,28.72375810235116,43.821780749803395,3,0.0,0.0,0,9
64.59639544999838,30.1244208864627,32.39662287314751,2,0.0,0.0,0,1
59.19195708367093,26.878842963305257,32.45553385319772,0,0.0,0.0,0,3
32.363875868470366,30.318648853989146,75.9670608357624,13,7.636124131529634,0.0,-1,16
56.9008794489814,23.620463033495536,55.20659465000385,0,0.0,0.0,0,4
78.48072504517512,39.88051301955508,75.04763374375878,3,0.0,6.880513019555082,-1,0
50.47357457885651,13.65263480466748,77.65252594023075,20,0.0,0.0,-1,6
5.6313984640710535,31.42531980705967,36.616213517687726,9,34.368601535928946,0.0,0,103
58.678114857958285,29.917290104520827,35.24065588505132,14,0.0,0.0,0,3
58.207386486161695,30.227690649745455,47.701618361026874,10,0.0,0.0,0,3
65.59981409212952,20.903095526241955,61.059244620788824,1,0.0,0.0,0,1
72.17040411754489,17.931126271640224,24.771805081808537,14,0.0,0.0,1,0
62.413366239683654,31.634650436349705,58.1881795498024,2,0.0,0.0,0,2
54.34530253717885,36.046005910955564,57.27646102559912,16,0.0,3.0460059109555644,0,5
23.864943040591502,29.321374974181687,29.742655662858894,16,16.135056959408498,0.0,1,58
29.154732768777315,32.831618559633995,30.37391011063631,17,10.845267231222685,0.0,0,32
47.40845337922474,25.251132455035595,58.000960591033,9,0.0,0.0,0,7
11.719548916748558,29.989442355429926,87.31424413804913,11,28.280451083251442,0.0,-1,59
72.83383177332654,35.353959448758616,44.692492672300766,18,0.0,2.3539594487586157,0,0
27.160522132378183,26.11871520712742,55.93548660110875,10,12.839477867621817,0.0,0,38
7.68594993250966,35.11430861111802,39.10989958255405,22,32.31405006749034,2.1143086111180196,0,111
76.39013231276445,18.19256638358679,54.256787767997096,15,0.0,0.0,0,0
23.090483956796515,24.321981883539056,38.74312268734625,18,16.909516043203485,0.0,0,50
33.28749957035956,31.27549674971738,45.33914241242669,15,6.712500429640443,0.0,0,20
71.41169043875576,39.41686406294374,94.08399878531101,4,0.0,6.416864062943738,-1,0
76.99176480013419,28.085643490586186,51.92729760830028,11,0.0,0.0,0,0
62.28933528732097,21.796494712090993,21.844887006418205,15,0.0,0.0,1,2
51.5996243245731,39.28047309837455,61.57120108110273,12,0.0,6.28047309837455,0,6
21.784381989581014,27.243149922263775,70.32792854639715,14,18.215618010418986,0.0,-1,38
79.62446775039746,31.988673243140834,62.15902197709994,21,0.0,0.0,0,0
33.20946620677519,25.993451264085465,46.81808465210787,20,6.79053379322481,0.0,0,20
61.97670370688364,28.853655407367345,33.48753276452055,5,0.0,0.0,0,2
58.78364206993082,24.627297181355377,33.930024469585845,4,0.0,0.0,0,3
52.1603766512847,41.545861339591035,46.584721430025205,3,0.0,8.545861339591035,0,5
46.141255833545905,35.14739063762459,43.397267739098886,17,0.0,2.1473906376245893,0,7
14.729197701585095,38.608737558307325,39.952044901729074,11,25.270802298414907,5.608737558307325,0,87
9.052603081296677,23.269229035516016,71.8757093816997,14,30.947396918703323,0.0,-1,64
77.37344383191184,17.049859659067074,66.58101168185935,20,0.0,0.0,0,0
22.2483524853783,26.242274064212125,72.8058885601945,11,17.7516475146217,0.0,-1,37
66.05868824939867,43.09883203444186,35.809333499812055,15,0.0,10.098832034441863,0,1
59.64523509950057,26.068761327042854,33.425637960700925,6,0.0,0.0,0,3
79.2943486949723,34.310728447054444,51.392876976707896,19,0.0,1.3107284470544442,0,0
49.215365085512516,21.850935515360547,57.469624459620135,0,0.0,0.0,0,6
41.67784417420108,23.025958175266368,51.28730874109652,13,0.0,0.0,0,9
35.179405839132066,27.521246390435028,56.243223651544405,19,4.820594160867934,0.0,0,14
29.787983493539716,40.65816415775562,78.530977474047,17,10.212016506460284,7.658164157755621,-1,24
33.92782658740087,34.601397034235525,46.06899411723056,2,6.072173412599128,1.601397034235525,0,20
59.31012090033329,15.680876480452323,64.52847880742523,20,0.0,0.0,0,3
62.72878850119823,32.00038472744387,59.32337481685763,9,0.0,0.0,0,2
14.719742438182932,21.107590889568357,51.715786167427794,12,25.280257561817066,0.0,0,75
57.86747480788132,23.910630787828197,63.69865719542848,11,0.0,0.0,0,4
34.57616376069876,31.062342431569178,36.176817078224055,8,5.423836239301238,0.0,0,16
85.23290996323037,36.39061426314599,32.55667310107712,7,0.0,3.3906142631459915,0,0
46.36736929390295,36.095593649160556,57.791661508802235,21,0.0,3.0955936491605556,0,7
13.720298225495839,29.989399806144153,20.51551490218977,15,26.27970177450416,0.0,1,94
61.15009047888918,30.073704709983996,59.2077513469635,23,0.0,0.0,0,2
15.135493653737434,36.077272391028814,29.692991823614687,7,24.864506346262566,3.0772723910288136,1,102
26.048009737715088,18.54673569729171,77.32272895675356,7,13.951990262284912,0.0,-1,29
42.38872147007393,38.964130973022506,42.867218486947806,12,0.0,5.964130973022506,0,9
25.61740643583517,23.58410998765357,76.15816012194804,14,14.382593564164829,0.0,-1,30
56.97658400991569,29.563681884757106,46.205265410503,2,0.0,0.0,0,4
40.76710902511632,25.02248179703031,45.43628292107214,8,0.0,0.0,0,9
26.152862626425648,21.063944206423894,65.58651247144901,10,13.847137373574352,0.0,0,41
57.42266495870122,30.769542862223986,55.27341276596572,2,0.0,0.0,0,4
22.816315710029986,29.419214163528974,48.79938136421713,13,17.183684289970014,0.0,0,51
48.69198529448619,27.367641764603718,42.726137319393025,2,0.0,0.0,0,7
4.873440131431455,27.084006615498218,42.89821314307157,20,35.12655986856855,0.0,0,105
9.001381045344937,37.15568234813514,92.43567019720939,12,30.998618954655065,4.155682348135137,-1,74
61.40836706553217,41.156818540917016,19.844692340266246,4,0.0,8.156818540917016,1,2
73.1299873155248,35.517415429965624,28.35445209222861,12,0.0,2.5174154299656237,1,0
57.27624312423454,29.66445134516851,71.18392937598827,8,0.0,0.0,-1,4
22.60538406168318,18.17639923156964,69.83357025987982,10,17.39461593831682,0.0,0,52
33.140323713140916,31.76293418210312,33.39499265620026,6,6.859676286859084,0.0,0,20
27.031203101065067,32.02834211572717,18.456381978671196,10,12.968796898934933,0.0,1,46
32.946708825785635,32.627997576430694,72.90189895886962,3,7.053291174214365,0.0,-1,14
35.345743408517585,21.154114344806068,31.15766642720211,6,4.654256591482415,0.0,0,13
87.86610018409856,33.10038379483343,41.16004633199227,9,0.0,0.10038379483342652,0,0
71.04712701540599,37.369517156457945,51.73016963041146,18,0.0,4.369517156457945,0,0
50.77246566896776,22.104266205302952,30.693066889339075,21,0.0,0.0,0,6
44.798308119977904,32.107943786072696,66.63980377716204,21,0.0,0.0,0,8
60.52935319227066,23.12934016129378,50.376771207514274,8,0.0,0.0,0,3
21.694733648939046,27.374381950472788,34.12337523550479,8,18.305266351060954,0.0,0,54
44.354375842104446,22.307852785832015,35.7093750399494,6,0.0,0.0,0,8
77.52388182395617,25.895726130089418,73.34560901459372,12,0.0,0.0,-1,0
37.598279356487105,25.942248050327624,44.982431423814546,22,2.4017206435128955,0.0,0,10
15.352008468514832,30.473649674411185,61.06048599788359,5,24.647991531485168,0.0,0,73
39.849460310035376,33.342149985416114,49.8202906974883,17,0.1505396899646243,0.3421499854161141,0,10
59.108542757690685,35.29706568735147,18.418150854908426,6,0.0,2.29706568735147,1,3
37.70517867663597,24.088203806461966,63.44319259735823,8,2.294821323364033,0.0,0,10
66.58914450715224,30.159211075544697,69.32927447239965,12,0.0,0.0,0,1
20.198755401868333,21.41101360722717,83.1637642676643,17,19.801244598131667,0.0,-1,41
48.12234770952957,27.335871776816788,15.789618230738725,20,0.0,0.0,1,7
68.35494455637844,28.256445118945212,15.0,15,0.0,0.0,1,0
32.961704130816216,22.46477885982148,61.50350068468978,14,7.038295869183784,0.0,0,21
58.75648880162535,31.354634507630042,39.21218468896919,20,0.0,0.0,0,3
61.565209343099944,27.06547230268333,24.259861958886145,14,0.0,0.0,1,2
19.362106341418837,28.92621520068734,51.935558872134855,2,20.637893658581163,0.0,0,61
38.738466845659445,35.34705115892753,41.91257416084606,1,1.2615331543405546,2.3470511589275276,0,10
52.032156529212784,25.433939843231563,27.02857600529255,12,0.0,0.0,1,5
45.730714625637006,33.10118963902197,48.509710796448374,0,0.0,0.10118963902196754,0,8
94.76207563198335,36.65726917637703,60.197040345812894,16,0.0,3.657269176377028,0,0
50.74145482546925,36.28962101068926,53.1487311013699,18,0.0,3.2896210106892596,0,6
44.789310544466964,26.871188822473254,53.285144655645574,23,0.0,0.0,0,8
40.92970148645015,22.164026929147425,57.98166182111267,0,0.0,0.0,0,9
29.217249528494477,23.74041005194116,19.555103003723474,14,10.782750471505523,0.0,1,38
64.67064015062472,18.47990480043552,49.076654071439265,22,0.0,0.0,0,1
70.95301791171292,32.11611228668852,54.31926078129425,3,0.0,0.0,0,0
36.098283459011945,32.48851452460604,43.19707717587264,18,3.9017165409880548,0.0,0,11
24.39976721759797,28.704391904125664,35.070232995317056,23,15.600232782402031,0.0,0,46
67.65301075603502,19.743184707095942,36.56877060156439,1,0.0,0.0,0,0
44.922500887022345,25.808294105110537,44.7190002153465,11,0.0,0.0,0,8
73.21399474937881,36.28155492097015,66.45889427070655,1,0.0,3.2815549209701516,0,0
93.69490179208296,31.657983901580906,77.48999528725116,11,0.0,0.0,-1,0
73.58893919673801,32.698289179343114,73.82211424424054,20,0.0,0.0,-1,0
59.68449785980802,45.0,21.906668636444056,6,0.0,12.0,1,3
60.048489851888256,29.968447998942928,33.092326028443125,19,0.0,0.0,0,3
75.02261612993206,15.048075488791138,61.8343353608094,19,0.0,0.0,0,0
86.73990437594605,21.393400289823294,73.41302888420608,0,0.0,0.0,-1,0
37.50284351109469,29.833333946978254,32.597389841962595,12,2.4971564889053113,0.0,0,10
60.20474037956068,28.112434571911248,53.29890141578568,6,0.0,0.0,0,3
15.198504576769297,26.968073803466662,29.626528450386452,23,24.801495423230705,0.0,1,89
55.073612955850024,27.073409751958557,54.97679969414534,16,0.0,0.0,0,4
91.68349305685392,23.293387767411904,38.4179128213221,12,0.0,0.0,0,0
95.42024509834364,30.24288632921187,53.292599601922404,15,0.0,0.0,0,0
45.01531308226781,36.36616456003179,28.18754159740643,4,0.0,3.366164560031791,1,8
61.98306636703151,38.39403191156542,20.590219741325786,12,0.0,5.3940319115654205,1,2
48.87799294642802,38.223900962835856,95.0,18,0.0,5.223900962835856,-1,7
31.327350353362476,22.26419997592275,51.248139639515834,22,8.672649646637524,0.0,0,26
34.8093639026561,27.878948129842666,88.42479823995254,3,5.190636097343898,0.0,-1,10
18.820733409850295,26.116959534676475,77.16289251031836,21,21.179266590149705,0.0,-1,44
18.70801751067669,31.551838782105733,20.559085541407107,6,21.29198248932331,0.0,1,76
40.46649205079189,27.50382167940036,56.512121740875095,20,0.0,0.0,0,9
67.93636492314086,26.646235072042074,26.699414191157643,22,0.0,0.0,1,0
46.70681015337863,36.727475731734316,44.66842792119958,19,0.0,3.727475731734316,0,7
12.479333610130302,28.590270540185347,16.071833227134285,23,27.520666389869696,0.0,1,99
42.266905071514024,28.7451017472856,21.663927998955966,13,0.0,0.0,1,9
68.79223942219113,30.479429075690877,34.61377867191335,18,0.0,0.0,0,0
26.62953913184606,32.05716261627746,40.17656284209315,21,13.370460868153941,0.0,0,40
52.16231230623591,32.09173522817041,50.698887738648516,4,0.0,0.0,0,5
57.55137635599633,37.312824053792816,31.348605297474244,17,0.0,4.312824053792816,0,4
21.161298717494446,20.28630385902122,52.68755075054598,17,18.838701282505554,0.0,0,56
15.557545047573543,29.946774139158414,70.44377019749328,11,24.44245495242646,0.0,-1,51
59.67779743830571,27.385723218792883,54.93001941174748,14,0.0,0.0,0,3
35.79601856012009,26.194727537994158,48.78819135841741,15,4.203981439879911,0.0,0,12
60.65777449372215,32.54668376975894,56.14931485756316,10,0.0,0.0,0,3
59.927224699514404,35.7792576237631,24.17032481178451,14,0.0,2.779257623763101,1,3
58.297531072557916,24.449443865493784,67.13612717875638,10,0.0,0.0,0,3
23.0276084126252,38.12162502675744,28.442626487418792,11,16.9723915873748,5.121625026757442,1,70
21.583615083278264,19.41011409947966,77.93353347053045,10,18.416384916721736,0.0,-1,38
68.4462808277122,31.541568630960317,63.8735577362212,11,0.0,0.0,0,0
81.19248103546455,22.655885172070832,60.018116754941595,7,0.0,0.0,0,0
68.14987579715196,24.149368276237656,60.801764439009276,2,0.0,0.0,0,0
72.48491292236714,28.360477017813505,49.965947845823116,12,0.0,0.0,0,0
77.61822647991956,25.60706247001317,35.845064070055486,10,0.0,0.0,0,0
30.59137744928509,10.820340113979139,33.04801335135261,0,9.40862255071491,0.0,0,28
79.32972263693597,31.66881736892505,81.52505477480999,12,0.0,0.0,-1,0
44.71904550083878,32.67856350856218,51.859471243036765,20,0.0,0.0,0,8
51.629666103397795,27.03361952765157,29.931278530248555,6,0.0,0.0,1,6
37.35597643712833,26.5621686870322,59.30080415583643,21,2.6440235628716735,0.0,0,10
54.721230042543986,25.76265943931004,56.17190135629674,12,0.0,0.0,0,5
62.033464042774746,17.731208382479693,44.07189114289579,9,0.0,0.0,0,2
74.8303890754904,17.096270455481605,33.83558884431311,20,0.0,0.0,0,0
34.92986295267395,32.82179026876548,63.240067695215906,22,5.07013704732605,0.0,0,15
71.10811726201078,34.388204217554204,67.0288497499821,22,0.0,1.388204217554204,0,0
63.646158348152746,31.580977089744884,55.803140247684105,18,0.0,0.0,0,2
92.43286589041189,30.275522085156524,51.2877834521001,15,0.0,0.0,0,0
57.88500105323301,32.69631739198824,35.91697513210936,20,0.0,0.0,0,4
86.9595146510316,32.296661394192135,58.63711726952117,20,0.0,0.0,0,0
15.92529157862009,23.28907140845176,38.57553419913478,21,24.07470842137991,0.0,0,72
17.36476209321821,29.33476445060451,27.095482880834982,19,22.63523790678179,0.0,1,81
82.95038308300327,26.223563799231332,70.26074351615542,8,0.0,0.0,-1,0
31.184358727693308,26.302823412719246,31.461796944446238,23,8.815641272306692,0.0,0,26
60.37199917930213,34.84122792827091,15.855149914071525,19,0.0,1.8412279282709108,1,3
70.32856447872929,37.447968398266184,73.56227645697578,20,0.0,4.447968398266184,-1,0
69.59202625214448,13.921945816378972,18.600089458264762,3,0.0,0.0,1,0
70.297254425547,26.46955445774277,42.98468904956755,0,0.0,0.0,0,0
86.36171894246381,26.155379727643094,30.27893774969106,23,0.0,0.0,0,0
38.57118722198053,34.96882966013003,36.97159921302705,14,1.42881277801947,1.9688296601300266,0,10
69.48808433277436,19.297746941896484,90.03326997895579,14,0.0,0.0,-1,0
28.68041909678784,10.062531931450636,48.171842027227655,16,11.31958090321216,0.0,0,33
47.36028855981119,32.92561060452381,56.47829099617566,16,0.0,0.0,0,7
59.4505931699182,33.77760361512334,64.22878353565514,0,0.0,0.7776036151233399,0,3
41.74995220416829,17.29597303658972,38.35717401824271,7,0.0,0.0,0,9
35.972658305791036,27.25358970676689,69.3525237759496,12,4.027341694208964,0.0,0,12
66.67396871056309,37.1810884308724,56.76816592097374,0,0.0,4.1810884308724,0,1
36.36716768756786,21.53173672084703,63.56846150930825,21,3.632832312432143,0.0,0,10
79.1074697504413,28.60630962616835,36.95423074277325,3,0.0,0.0,0,0
65.79119672702582,31.047773703415498,57.99182597418563,10,0.0,0.0,0,1
69.41499337463812,19.434210586894494,49.83908888241809,3,0.0,0.0,0,0
37.891291383608646,24.616948917697545,70.33555426113641,1,2.108708616391354,0.0,-1,10
15.6047980857062,17.854981792262926,40.27395733607467,10,24.3952019142938,0.0,0,73
49.293173994216744,27.01280951731481,86.57987819821822,18,0.0,0.0,-1,6
56.02919928766037,23.25403976409381,56.09701601815961,7,0.0,0.0,0,4
35.9374862728856,29.24611422751734,47.746078434678175,11,4.0625137271144,0.0,0,12
58.474139295554174,31.808951276003068,45.640540260979485,22,0.0,0.0,0,3
72.41235501204632,36.331772801269324,49.876788510137345,9,0.0,3.3317728012693237,0,0
73.72906397073146,41.9936845767085,38.68411224853508,20,0.0,8.993684576708503,0,0
96.14892291241085,29.246199103963605,62.000878656772805,23,0.0,0.0,0,0
42.50047560161768,26.10057907884572,49.78552849892738,12,0.0,0.0,0,9
56.001233389164454,25.752009127718093,84.98500189009252,14,0.0,0.0,-1,4
46.98361484910508,22.2108020876262,42.20020060596225,20,0.0,0.0,0,7
24.202854707938975,30.68892812117193,47.82836729173438,16,15.797145292061025,0.0,0,47
46.15560725454865,25.03075446820918,42.18240605703312,14,0.0,0.0,0,7
6.003334426436107,31.108313464636257,83.64276327622031,21,33.996665573563895,0.0,-1,71
80.39112381783512,22.401840858192003,23.97685835136854,22,0.0,0.0,1,0
32.6411746272866,25.203539623702714,51.68553507495466,7,7.358825372713397,0.0,0,22
56.2109376063698,30.594120502906787,55.633698457668345,17,0.0,0.0,0,4
28.99928520938978,27.250568371436305,29.695590367280833,6,11.000714790610221,0.0,1,39
49.808529598373035,16.478071366815527,95.0,17,0.0,0.0,-1,6
50.05837863709542,27.90884308865442,33.249825661212775,2,0.0,0.0,0,6
51.829647593872394,23.189357615270403,50.603422253432534,6,0.0,0.0,0,6
20.89310121799921,35.08857709908794,80.3125073343013,19,19.10689878200079,2.088577099087942,-1,46
19.772860686674264,33.826666827409284,43.24881759066256,19,20.227139313325736,0.8266668274092837,0,69
72.77234734113064,14.302417634025915,52.58530666420987,11,0.0,0.0,0,0
32.34399773533541,32.8089933730159,43.794070552226344,18,7.656002264664593,0.0,0,22
49.493034879092605,30.33579751755326,49.040946405870535,11,0.0,0.0,0,6
74.95672314013417,19.09574318692293,69.46623733134737,1,0.0,0.0,0,0
77.53468762132721,33.26994071578726,42.41168284872379,19,0.0,0.2699407157872571,0,0
55.23592910342424,20.3206924305567,15.0,1,0.0,0.0,1,4
31.71105824089227,34.87226868833909,49.406840299493325,19,8.288941759107729,1.8722686883390907,0,28
77.70494476877771,24.122869812824035,51.13251747344804,21,0.0,0.0,0,0
37.51038320075695,18.89171620111805,53.517877460937555,0,2.489616799243052,0.0,0,10
3.103067308627657,40.72448742439373,46.70051331649204,23,36.89693269137234,7.724487424393729,0,120
55.778176601527086,18.722028994294465,34.47431775401035,14,0.0,0.0,0,4
60.561754848189786,23.16385526746812,45.587406760122725,14,0.0,0.0,0,3
83.53728964936145,24.340477553805318,81.77345560772861,7,0.0,0.0,-1,0
25.365553353246934,25.265989830842706,49.243200431934895,4,14.634446646753066,0.0,0,43
42.94911050163859,32.19268825285837,61.75235317253471,0,0.0,0.0,0,9
84.00801655010687,28.34747161312629,31.392865407734114,10,0.0,0.0,0,0
16.82456350879089,34.025817265197325,44.75442050985555,18,23.17543649120911,1.0258172651973254,0,79
42.06622538562338,30.231503062711887,31.988973149468098,0,0.0,0.0,0,9
60.20205938565023,17.962000299968665,73.28611076481221,5,0.0,0.0,-1,3
76.39355436162894,31.29914331461722,21.99596991421075,19,0.0,0.0,1,0
50.38496559850412,29.402839134781686,56.70322981992548,10,0.0,0.0,0,6
46.412357840278496,24.25222797703651,56.133424625097334,2,0.0,0.0,0,7
61.71078973625871,40.44235199512183,54.96688632585437,23,0.0,7.442351995121832,0,2
89.14554630296809,31.65008868092131,15.0,8,0.0,0.0,1,0
48.6687913736456,33.650360458466835,15.0,4,0.0,0.6503604584668352,1,7
91.50318542134337,33.85943777537954,52.10701022342313,13,0.0,0.8594377753795399,0,0
43.237018215220004,25.479678921431997,33.38387165253911,2,0.0,0.0,0,8
49.45380418554521,31.800310858630137,38.42859907213532,16,0.0,0.0,0,6
22.339302402600612,29.89616142236162,42.3582803385999,15,17.660697597399388,0.0,0,52
52.87324850194505,24.657847492226793,31.04657480236661,21,0.0,0.0,0,5
80.32250462979492,20.670502601652135,27.94442743137332,7,0.0,0.0,1,0
59.538141450285394,28.145389585666052,49.999002730254674,10,0.0,0.0,0,3
87.18946821186083,31.521576093139203,15.69051755219322,16,0.0,0.0,1,0
64.07071397410651,28.097457600181475,40.895572386001824,4,0.0,0.0,0,1
42.640899020727716,26.90613191821107,37.98653913450795,8,0.0,0.0,0,9
76.83221770678513,28.164147939360557,49.57364196016227,2,0.0,0.0,0,0
62.74945897335128,26.278124502337697,92.96922587205194,16,0.0,0.0,-1,2
13.41179047882552,37.295915690834626,32.32493068749946,15,26.58820952117448,4.295915690834626,0,91
23.47313928935683,29.62144495755527,57.31465094047337,2,16.52686071064317,0.0,0,49
27.039733189319076,25.08122403009648,53.9742886574685,3,12.960266810680924,0.0,0,38
12.942383352707356,17.151843140869182,60.078132231375996,9,27.057616647292644,0.0,0,81
49.27325772234484,26.81674857392934,46.16075162192555,15,0.0,0.0,0,6
36.78373864086572,24.539056501456663,75.94620513438315,18,3.216261359134279,0.0,-1,10
34.778985668809725,24.316234314770426,62.33535814769255,10,5.2210143311902755,0.0,0,15
50.91965046890219,33.65566779222418,62.62170148403484,19,0.0,0.6556677922241789,0,6
76.4370189842393,28.47841396314555,24.543519408228192,9,0.0,0.0,1,0
78.13247902795719,17.905328608438765,51.734116360548704,14,0.0,0.0,0,0
58.831096763642265,31.71299108076869,40.8226021860469,6,0.0,0.0,0,3
88.21375924637587,18.50778004853846,34.49055310215556,15,0.0,0.0,0,0
67.33567702155734,32.15991892159593,38.723639165887526,21,0.0,0.0,0,0
72.75480759265652,25.14954855849299,48.99345776042826,6,0.0,0.0,0,0
53.50759154938138,28.521443271373933,58.22176022499384,17,0.0,0.0,0,5
93.1281272580282,27.85056027038626,67.66886272896082,10,0.0,0.0,0,0
48.37206448559132,27.111239002121966,66.82450655241813,12,0.0,0.0,0,7
60.365609084362106,29.25714371140507,55.26850252515904,13,0.0,0.0,0,3
8.278274089783407,28.491305385519716,51.0012235827556,10,31.72172591021659,0.0,0,95
58.76299519228596,39.218376179329915,44.159231812402176,15,0.0,6.2183761793299155,0,3
31.507289657837596,29.34369047208666,45.54330431888755,8,8.492710342162404,0.0,0,25
82.54688446106285,29.48311861462008,35.95472151341775,3,0.0,0.0,0,0
47.448709556901605,23.742873617003653,42.2877325657758,9,0.0,0.0,0,7
26.305235895734768,30.285370142418287,56.3688798614461,10,13.694764104265232,0.0,0,41
43.58155153450329,21.85845363717206,77.72635689783984,20,0.0,0.0,-1,8
86.96159094632343,34.90076637775932,47.30491786008982,15,0.0,1.900766377759318,0,0
60.39200030025979,19.093909244466474,35.46172135144927,10,0.0,0.0,0,3
96.7003538303188,22.938047843419465,67.44657437007079,20,0.0,0.0,0,0
94.79079503917609,18.2252031037889,15.0,0,0.0,0.0,1,0
49.792092987781736,30.51786245304369,68.77669053512008,16,0.0,0.0,0,6
64.627650413467,25.45675904253597,24.208914373152822,22,0.0,0.0,1,1
14.979130407327048,32.11556384949557,61.828873124638875,16,25.020869592672952,0.0,0,75
4.57167597126901,22.146455287745418,41.43039419299287,14,35.42832402873099,0.0,0,106
63.78906075001838,31.18885298517987,55.77636982033415,12,0.0,0.0,0,2
43.82026835124652,31.479019731121717,87.49669148076495,3,0.0,0.0,-1,8
21.40766436740322,29.27078672991572,34.920020813327994,3,18.59233563259678,0.0,0,55
30.693735227066586,28.185240993134308,31.990084408623265,3,9.306264772933414,0.0,0,27
34.477017415905856,28.82319509959985,51.40781219081711,22,5.522982584094144,0.0,0,16
53.29518720470317,22.535844931011642,77.45590323916639,9,0.0,0.0,-1,5
48.33320457149862,21.548382782432277,53.22497081303266,23,0.0,0.0,0,7
44.802113672391705,31.263235607586484,50.803082857735795,14,0.0,0.0,0,8
71.15933972557407,25.78785388169615,53.04343893279819,18,0.0,0.0,0,0
87.98076000732064,30.72035177417471,31.915904397442304,22,0.0,0.0,0,0
61.04250867061404,37.30593076005402,53.22609697163866,12,0.0,4.305930760054018,0,2
30.43246585788043,25.257054757657862,42.92904800882757,1,9.56753414211957,0.0,0,28
26.024645884869894,24.399457808402325,73.8043113312975,19,13.975354115130106,0.0,-1,29
21.790638072970765,26.054300746468446,64.36378026519944,8,18.209361927029235,0.0,0,54
14.5940236525732,28.233826751860086,26.17276820542951,3,25.4059763474268,0.0,1,91
23.678643951941332,31.68483285163058,44.903600943653736,6,16.321356048058668,0.0,0,48
15.92080383318947,27.82967856630152,59.503746896120425,23,24.07919616681053,0.0,0,72
67.36158757660084,40.47128202490022,32.33250101893397,10,0.0,7.471282024900219,0,0
43.33113602693537,30.52509708982668,30.573091074603536,13,0.0,0.0,0,8
44.43688659247706,32.68494633684787,41.68435466248049,19,0.0,0.0,0,8
29.60573916631245,27.778837489275865,56.19993902065804,13,10.39426083368755,0.0,0,31
17.349593113034103,34.07098737717278,68.6687424930254,3,22.650406886965897,1.0709873771727771,0,78
9.146771686960765,26.76836232151849,54.17733840933012,2,30.853228313039235,0.0,0,92
34.45083736760447,24.134657807624123,94.32205366587023,22,5.549162632395529,0.0,-1,11
69.20611118800085,33.432068924162536,37.818311696951504,4,0.0,0.43206892416253595,0,0
65.07861318437851,27.656268721115694,63.326328404533406,6,0.0,0.0,0,1
27.176311990822573,29.47158817915214,30.036249675849444,0,12.823688009177427,0.0,0,38
37.92861451589079,33.89129638493849,78.99758271611951,18,2.071385484109207,0.8912963849384923,-1,10
55.722161501564514,28.833900959779857,74.46940256901536,12,0.0,0.0,-1,4
71.45449125276802,27.10450750158888,62.80713966623027,15,0.0,0.0,0,0
60.35911702962924,24.78762217300022,18.74599664811645,4,0.0,0.0,1,3
93.78706490293509,34.37008509309014,62.640342396049114,13,0.0,1.3700850930901396,0,0
45.85321790703396,25.949641623636317,35.255610789288845,13,0.0,0.0,0,8
19.844263074070348,27.6933971112727,58.165197418973186,20,20.155736925929652,0.0,0,60
44.69673397327924,29.721445977238524,23.81635388661097,17,0.0,0.0,1,8
50.891532493786016,29.696711212974463,54.85968095152269,14,0.0,0.0,0,6
83.82992226193811,34.082197466377124,43.636030496456215,16,0.0,1.0821974663771243,0,0
35.858571710785284,27.581085247345538,35.99178269982269,18,4.141428289214716,0.0,0,12
92.03503138463948,36.25830750774613,60.66683415276823,5,0.0,3.2583075077461316,0,0
45.09517986677029,26.507459384753805,49.07660707820484,14,0.0,0.0,0,8
61.24286777897095,30.22456980783984,46.3107058749377,22,0.0,0.0,0,2
64.23245942243035,26.897355605022653,63.26946750310563,17,0.0,0.0,0,1
39.33270779137933,40.55883988766264,84.27124616957248,20,0.6672922086206725,7.558839887662643,-1,10
9.46470884810458,25.896179615896305,54.96212579864851,1,30.53529115189542,0.0,0,91
19.772992812202332,26.43880855690918,17.49247702066384,20,20.227007187797668,0.0,1,72
10.465587870107193,28.688445936803333,21.950962773613472,15,29.534412129892807,0.0,1,106
16.423993963164875,26.399359405662768,51.24046445924831,4,23.576006036835125,0.0,0,70
17.785987327194746,29.88692883888839,68.47646831232464,21,22.214012672805254,0.0,0,66
56.27070193288286,35.37452951376979,52.4247449614008,21,0.0,2.3745295137697866,0,4
80.58191282732722,28.88382641481101,59.20818040793887,15,0.0,0.0,0,0
18.822664816219234,29.105618802511017,48.94124768638196,23,21.177335183780766,0.0,0,63
73.59214654912054,26.625100716970124,67.3177215676069,19,0.0,0.0,0,0
29.08011027437508,24.969558136702915,61.09890484761106,10,10.91988972562492,0.0,0,32
17.53072272276628,28.579178604241335,31.647617235104967,23,22.46927727723372,0.0,0,67
57.882886569687706,28.04559543778775,58.060431379947076,11,0.0,0.0,0,4
82.4119966371685,35.03957023283366,22.23260120146674,3,0.0,2.039570232833661,1,0
22.551900131839155,22.245532444702633,58.06443118800405,2,17.448099868160845,0.0,0,52
48.82960817012369,36.727208172696876,44.914973043449315,16,0.0,3.7272081726968764,0,7
14.008522210370913,27.119109379221474,52.89249152393474,3,25.991477789629087,0.0,0,77
65.53091159620735,28.891208111575402,55.83228124582464,21,0.0,0.0,0,1
21.37779775639605,21.610980925016356,55.06946803513458,22,18.62220224360395,0.0,0,55
69.74831122495033,31.371621014326145,75.51454304004537,0,0.0,0.0,-1,0
49.65660474442242,22.237141705635562,50.613435248459666,4,0.0,0.0,0,6
12.977356067147944,30.240341777630178,53.400511113172634,4,27.022643932852056,0.0,0,81
61.60458888158388,29.65419644547984,73.93670071020193,16,0.0,0.0,-1,2
83.0876276169688,26.0462733413036,84.14241480815124,5,0.0,0.0,-1,0
26.00284121452355,15.608354215250811,49.6812320872027,16,13.99715878547645,0.0,0,41
36.143549134711165,40.96374811412201,40.78246057901908,21,3.856450865288835,7.963748114122012,0,13
9.19582010310425,21.67485162483997,41.67474632208335,15,30.80417989689575,0.0,0,92
40.27201757173436,29.63648104139687,58.11299668376486,23,0.0,0.0,0,9
69.72207539420572,23.621163687680088,46.339022746880396,11,0.0,0.0,0,0
37.21207596030103,34.288020324903485,18.51348831738683,21,2.7879240396989715,1.288020324903485,1,11
63.94977098576433,25.723081987918622,70.21487748428166,18,0.0,0.0,-1,2
49.34273698440413,23.488151358813763,64.67699842021194,11,0.0,0.0,0,6
38.67864450744199,31.5709403237793,70.63957642913573,6,1.3213554925580127,0.0,-1,10
54.620188448949456,20.36825735875873,74.1942591455662,16,0.0,0.0,-1,5
44.7900876037566,25.520328329255015,53.43102718467946,18,0.0,0.0,0,8
57.519024858799625,32.14147090416681,54.6899528042002,2,0.0,0.0,0,4
44.598272925776925,37.04105566831177,68.11984963159567,7,0.0,4.04105566831177,0,8
67.56565142688174,22.22553067828115,28.129176399412184,23,0.0,0.0,1,0
80.64577798827067,24.330646834980765,43.6554594677772,3,0.0,0.0,0,0
37.94047135914589,30.112826052966366,48.93216964145578,22,2.0595286408541114,0.0,0,10
16.054121137090345,16.01546139657116,66.59487070874744,3,23.945878862909655,0.0,0,71
33.83919058008407,36.14574486203988,40.30506216413479,14,6.160809419915928,3.1457448620398765,0,21
40.676544201897116,22.003017391174925,37.18131376889549,7,0.0,0.0,0,9
56.82675883045092,25.375540434241508,42.24258572780823,3,0.0,0.0,0,4
35.567491730287095,29.565066310847754,58.453344771137765,5,4.432508269712905,0.0,0,13
79.91614981151089,28.307419890676385,48.771036053082106,22,0.0,0.0,0,0
75.43900847861663,22.218303924292467,23.886772731925646,6,0.0,0.0,1,0
58.44989694184621,38.32875337859582,27.43561624956368,21,0.0,5.32875337859582,1,3
75.92383137755226,12.549205055340641,52.45886818750965,15,0.0,0.0,0,0
77.42889475601294,21.267954258834713,53.05824591013751,23,0.0,0.0,0,0
35.11572039337924,24.179350980257688,50.496529701267555,11,4.884279606620758,0.0,0,14
30.61242648167856,22.301772543716183,41.527183645935295,12,9.387573518321439,0.0,0,28
56.77836804797043,35.31732135750888,64.17765415057255,1,0.0,2.317321357508881,0,4
28.089837311059014,18.049937833866494,56.64165060226432,8,11.910162688940986,0.0,0,35
44.55636273051693,37.34477819273554,56.028393988328645,14,0.0,4.344778192735539,0,8
45.356297487180115,26.331197780287276,56.66714932237807,9,0.0,0.0,0,8
43.43048499409844,19.83434399680217,78.75346418198578,4,0.0,0.0,-1,8
16.516282069401356,15.394577115884204,31.563099004387684,11,23.483717930598644,0.0,0,70
37.06793976838099,26.70921646734621,42.42073222872745,23,2.932060231619012,0.0,0,10
33.773193037735,23.788179357293227,43.94583085438183,21,6.226806962265002,0.0,0,18
41.42049464761935,29.4189689454029,72.63798468286097,8,0.0,0.0,-1,9
61.674532556897496,25.296566334194267,43.272436413201746,3,0.0,0.0,0,2
44.825100369840925,33.73481602444893,35.73573150074674,0,0.0,0.7348160244489321,0,8
55.38616469468673,27.14505282616867,48.09544218144167,15,0.0,0.0,0,4
16.77242116977274,25.456549349639594,51.88233634032439,16,23.22757883022726,0.0,0,69
68.16800932512125,33.83952575060371,71.53488374275747,21,0.0,0.8395257506037126,-1,0
32.48128739822526,29.36901708064049,43.16564357882475,13,7.518712601774737,0.0,0,22
23.216107006545013,32.647790021441374,37.62588206988359,6,16.783892993454987,0.0,0,50
32.62020813722757,34.89196430257981,33.62276650724678,0,7.379791862772429,1.891964302579808,0,25
29.30955790539939,26.23719746727589,43.80286521010019,12,10.69044209460061,0.0,0,32
36.99854851820309,28.229487270004434,95.0,6,3.001451481796913,0.0,-1,10
82.80691504943896,33.06282365910666,56.883506293705075,19,0.0,0.06282365910666243,0,0
23.30946173026552,13.296063983403634,60.76900657313425,15,16.69053826973448,0.0,0,50
50.12196841114146,27.389395870661,49.99476660994053,12,0.0,0.0,0,6
68.55063778294932,26.650795879874217,52.47289878923318,17,0.0,0.0,0,0
61.89751828189036,30.24431442186461,64.15720616650015,12,0.0,0.0,0,2
14.809420031573312,23.193340892870772,60.1282174334697,15,25.19057996842669,0.0,0,75
42.601745523917025,34.57268418752182,56.284805165511315,18,0.0,1.5726841875218227,0,9
15.723554847242452,23.57342189382069,50.29015810126032,1,24.276445152757546,0.0,0,72
92.70152123075871,25.245896294316903,43.658486940370715,3,0.0,0.0,0,0
63.72757367500049,24.013540216659592,57.63813675773229,11,0.0,0.0,0,2
34.933181249039265,35.379291077441664,51.504042490391264,17,5.066818750960735,2.379291077441664,0,17
41.966211892634604,15.486539439968492,88.38978586284583,10,0.0,0.0,-1,9
12.756568323635072,38.72127988101667,68.91071099796481,21,27.243431676364928,5.72127988101667,0,93
86.44804787275876,36.84022325260581,37.862941454965,23,0.0,3.84022325260581,0,0
38.0973673533843,24.61080797556623,28.948079395413874,2,1.9026326466157002,0.0,1,10
43.92572678781873,34.16154265001749,42.83215218508573,15,0.0,1.1615426500174877,0,8
10.309147039489668,28.78053901495358,30.501829702804088,1,29.690852960510334,0.0,0,89
60.384753610538475,37.917468069007825,41.75039452739443,18,0.0,4.917468069007825,0,3
14.826127055907651,33.70392224528955,32.54773182019911,2,25.17387294409235,0.7039222452895473,0,86
76.47332915992,41.158867447758126,44.113459369757116,2,0.0,8.158867447758126,0,0
33.17136540277109,18.627119740208478,44.32782382629478,17,6.828634597228913,0.0,0,20
40.20352010008138,29.14807212790114,52.64910225423346,9,0.0,0.0,0,9
36.387257101935575,17.6553790410263,46.27620574948277,9,3.6127428980644254,0.0,0,10
42.18177081856548,24.887717810337897,33.75867715973234,10,0.0,0.0,0,9
58.24710769001461,41.4979167968508,71.86821231534424,11,0.0,8.497916796850802,-1,3
44.18524830172541,30.809202707568197,57.25378941267077,16,0.0,0.0,0,8
77.32247512236334,33.90724701973555,40.19965164240507,17,0.0,0.90724701973555,0,0
86.22291930585374,31.083631761783664,34.04972001048085,22,0.0,0.0,0,0
13.42054758524807,30.70277045915242,23.58988849162689,12,26.57945241475193,0.0,1,95
30.00756844891463,24.865912449285428,22.27152341918535,20,9.992431551085371,0.0,1,35
42.44343388051907,23.74814559925903,68.85425416781021,14,0.0,0.0,0,9
37.90743182894183,24.705053992047574,66.94303076793115,1,2.0925681710581685,0.0,0,10
94.52164792672467,11.617635678015453,39.483332014403345,20,0.0,0.0,0,0
69.2632575197213,27.507768556331722,74.59124403101258,10,0.0,0.0,-1,0
51.83040615126065,29.43910013510297,61.10175207178873,10,0.0,0.0,0,6
50.20742454175399,24.284679844293468,53.65856345677561,20,0.0,0.0,0,6
41.98359270313197,27.215909383967663,65.51491377426083,20,0.0,0.0,0,9
31.08418676311017,31.150291998640203,61.13229553350473,23,8.915813236889829,0.0,0,26
50.79474760443451,33.30881421462486,52.76619383553019,12,0.0,0.30881421462486003,0,6
55.27407972130565,20.81314181636785,45.679225166502505,10,0.0,0.0,0,4
45.9439820645683,23.23134555255041,48.07048365960868,9,0.0,0.0,0,8
45.164306699749865,32.517756615827295,21.05645400258582,8,0.0,0.0,1,8
88.45809483796643,31.534043301559024,35.586867276130256,6,0.0,0.0,0,0
13.863526502917448,36.06639250224336,82.40290170162827,7,26.13647349708255,3.0663925022433602,-1,63
2.991273000184691,35.81755178353164,35.10571735993951,17,37.00872699981531,2.8175517835316413,0,120
72.70857756950707,42.48923898828452,16.688178119344485,7,0.0,9.48923898828452,1,0
84.44857675520844,26.24340479486292,66.27134318238629,14,0.0,0.0,0,0
29.190216955063285,37.471384022905475,54.47505540823598,5,10.809783044936715,4.471384022905475,0,37
46.65135512116752,22.47991177628238,55.48770592106213,19,0.0,0.0,0,7
41.703021881035795,42.36431708479782,47.16457619609859,10,0.0,9.364317084797818,0,9
35.00228687950319,30.72818139517062,66.39370547671002,13,4.997713120496812,0.0,0,14
22.81563798441625,31.25211977656285,77.53414717661575,23,17.18436201558375,0.0,-1,36
37.54329220337237,33.93955372457215,40.61392712993583,20,2.456707796627633,0.9395537245721499,0,10
38.476502688866304,19.86782022195316,61.391870218532496,7,1.5234973111336956,0.0,0,10
77.63919641207583,21.551469294186102,70.13293396732229,6,0.0,0.0,-1,0
47.915956765565404,28.694041674361216,39.60024866890317,13,0.0,0.0,0,7
46.9803817171804,30.074317420469516,77.17240420752675,17,0.0,0.0,-1,7
57.38186991355533,40.495323527421874,70.07300973953954,23,0.0,7.495323527421874,-1,4
23.08689214170812,22.304800628714023,27.643789810517063,9,16.91310785829188,0.0,1,60
44.71938165192909,37.24115790919376,78.70960231455803,13,0.0,4.24115790919376,-1,8
37.73939583009604,26.406464466933347,28.587576510365555,2,2.2606041699039565,0.0,1,10
62.0920181530921,26.322855899250484,37.625999045980805,17,0.0,0.0,0,2
56.79317274131872,27.016942884951607,62.305952047863705,12,0.0,0.0,0,4
18.758209480097744,26.168337164014833,68.74627443735156,15,21.241790519902256,0.0,0,63
70.26276391473213,30.919229955914993,51.77620904942055,5,0.0,0.0,0,0
25.621344775513265,25.630341511505257,38.662371315693164,10,14.378655224486735,0.0,0,43
45.240640806903066,19.537256818411088,45.31796452931907,1,0.0,0.0,0,8
72.61796185887032,26.393143502563266,43.18728310634749,8,0.0,0.0,0,0
90.20848457104685,30.739833973918696,65.14199014527924,8,0.0,0.0,0,0
59.70132315333113,19.586031976972478,42.69420996853534,10,0.0,0.0,0,3
82.53509855737701,31.490979976962716,38.26676027683283,23,0.0,0.0,0,0
75.57735596116184,35.083117846120004,23.409567835374613,14,0.0,2.083117846120004,1,0
63.395826215973415,36.87958491892677,39.303860660548864,21,0.0,3.879584918926767,0,2
56.168224113192124,30.025983961859403,47.869340394536,4,0.0,0.0,0,4
75.5210479783824,17.17209612825035,29.652807894472367,23,0.0,0.0,1,0
97.73328784482527,31.885720012752397,18.594962115577623,14,0.0,0.0,1,0
44.482099524669664,33.803027960717834,67.63925395443496,0,0.0,0.8030279607178343,0,8
28.396541595004383,23.820794968684645,31.992483563197244,20,11.603458404995617,0.0,0,34
29.532601268442143,27.563902309668407,26.432030678868944,3,10.467398731557857,0.0,1,37
54.608224507472215,30.901596706269192,78.2514458555226,19,0.0,0.0,-1,5
68.9370141937813,38.72356271694687,65.27791382826229,5,0.0,5.723562716946873,0,0
16.692978416314812,26.464901876764685,68.4587420628124,16,23.307021583685188,0.0,0,69
67.72107685752367,33.34753535466991,59.093612104035806,17,0.0,0.34753535466990826,0,0
39.24594486404697,29.89778574234864,73.60472212190837,2,0.7540551359530312,0.0,-1,10
82.29908149854936,29.196565182123187,65.9012581220238,23,0.0,0.0,0,0
69.00422051596654,35.98281686587863,43.80007558785889,21,0.0,2.9828168658786325,0,0
39.70935209072314,23.011466278180748,30.829130842860334,9,0.29064790927686346,0.0,0,10
31.789587333759435,29.38243840177376,26.903376086100092,5,8.210412666240565,0.0,1,29
43.43139961989485,28.16311166985222,47.485442284884385,14,0.0,0.0,0,8
46.69406303691135,18.958480254374376,30.20011495893917,18,0.0,0.0,0,7
77.70533630604398,35.39550001275955,35.641715796187945,2,0.0,2.3955000127595483,0,0
47.5753433272839,32.97410305901002,47.25872549701112,3,0.0,0.0,0,7
22.209995220719943,28.20327642740903,75.16184501816272,15,17.790004779280057,0.0,-1,37
63.051011356208164,26.431726033867047,22.809604199249815,6,0.0,0.0,1,2
63.19384164339502,28.001331457254295,50.53505797000886,21,0.0,0.0,0,2
78.67180189912986,32.24422945300569,27.474204086738307,13,0.0,0.0,1,0
49.07125684837151,28.317370785206787,39.985822722991784,15,0.0,0.0,0,6
71.1225486417584,23.994997941198193,66.73732778659767,8,0.0,0.0,0,0
50.64644774262922,24.897522558411303,34.72997552389664,15,0.0,0.0,0,6
31.774447601602198,27.92725376646208,45.259330235532644,6,8.225552398397802,0.0,0,24
17.93921943538334,22.404441082702807,52.53839924740693,11,22.06078056461666,0.0,0,66
37.73810635651916,29.999942392613406,62.62120216372051,0,2.261893643480839,0.0,0,10
13.590210792731133,23.241902405877404,40.13793594023413,10,26.409789207268865,0.0,0,79
51.773957815921975,22.27397146322686,72.69404010341363,18,0.0,0.0,-1,6
47.595532817037174,45.0,41.987630377280624,8,0.0,12.0,0,7
35.48229389658608,39.63910845743488,58.71835634451163,1,4.517706103413921,6.6391084574348795,0,15
85.54816573024662,28.8636702461195,46.5815380388349,19,0.0,0.0,0,0
20.584312972161786,33.10609760385822,63.33629816521747,6,19.415687027838214,0.10609760385821687,0,66
42.4441171807603,34.12568822512525,86.49513650249517,15,0.0,1.125688225125252,-1,9
59.85758314776896,27.54733713287912,45.00320227291295,17,0.0,0.0,0,3
17.75791747987434,29.696534518139572,49.71172029058276,7,22.24208252012566,0.0,0,66
87.38415870353367,26.426977377504514,42.22350464437492,7,0.0,0.0,0,0
90.82296195835637,35.534022458409694,39.45294476366797,12,0.0,2.5340224584096944,0,0
63.84579493785727,35.616598162474716,37.412657482634735,11,0.0,2.616598162474716,0,2
17.55025231223328,37.37151327215305,49.66435700519287,2,22.44974768776672,4.371513272153052,0,77
75.59051659151964,29.595991418552508,36.014389987582234,1,0.0,0.0,0,0
42.84821569678677,41.00682980852686,36.56058036670679,1,0.0,8.00682980852686,0,9
56.23043153901034,27.541893341453957,15.0,7,0.0,0.0,1,4
97.6626898772575,40.281582898565304,74.92912227149137,3,0.0,7.281582898565304,-1,0
48.47813133354633,25.22020172381674,79.58843998398459,18,0.0,0.0,-1,7
81.01837664202232,20.215358136585138,61.67764082319037,20,0.0,0.0,0,0
24.24520290320414,40.1668481621263,34.27012324495575,19,15.754797096795858,7.1668481621263,0,54
65.79482967588099,31.962262734936218,27.25722477977951,6,0.0,0.0,1,1
10.90197736726291,31.11473502152895,21.838962055795307,8,29.09802263273709,0.0,1,104
43.02153408380341,25.8370924243532,61.50487437543283,23,0.0,0.0,0,8
67.82421713883299,22.929105475002103,72.77535535620444,3,0.0,0.0,-1,0
74.98483862631664,23.49848995233031,52.989568285467485,8,0.0,0.0,0,0
26.006853351377053,28.831283705476114,65.44090217262256,10,13.993146648622947,0.0,0,41
52.73224216565981,27.098796013303613,58.007241779575,9,0.0,0.0,0,5
72.98643179322528,16.356520132828532,36.124134270343895,22,0.0,0.0,0,0
69.85692525024615,38.16255527959436,68.17041245183228,19,0.0,5.162555279594358,0,0
67.2241868456381,25.48173118146206,67.02027951364624,23,0.0,0.0,0,0
77.91785660683809,35.43045692139433,32.17129025128865,5,0.0,2.430456921394331,0,0
78.96662698703794,23.766111606966106,64.52790160827374,1,0.0,0.0,0,0
44.58825510287208,28.92905506137523,47.343089375024775,21,0.0,0.0,0,8
39.19001262035972,33.83386785739326,45.30399687801872,3,0.8099873796402832,0.8338678573932583,0,10
38.56543566767412,33.006075536280896,57.03095196989481,15,1.434564332325877,0.006075536280896188,0,10
35.504421912095744,26.39223606538844,56.47483392152919,21,4.495578087904256,0.0,0,13
46.86018262385412,31.055763472269145,65.99633985832503,1,0.0,0.0,0,7
36.59275807298976,32.05568001396749,34.712529535563505,14,3.40724192701024,0.0,0,10
72.16469520336148,27.112422744564096,60.18078329734007,22,0.0,0.0,0,0
86.53619512191362,21.317690245969587,29.120512648608848,23,0.0,0.0,1,0
57.905372986390134,24.25259824331244,46.78243233466756,6,0.0,0.0,0,4
66.47082966616263,25.724626455762152,47.98259760995856,6,0.0,0.0,0,1
8.508570088754709,28.156352675532926,67.46083252470184,5,31.49142991124529,0.0,0,94
70.0797586998928,37.55428268864749,50.166737089949706,14,0.0,4.55428268864749,0,0
27.20257406675262,33.444894609539574,45.28686812686271,21,12.797425933247379,0.44489460953957405,0,44
45.70003543648899,23.103617456183954,75.66672837539355,21,0.0,0.0,-1,8
67.40538541940315,39.01913377048069,42.278060673862164,7,0.0,6.019133770480693,0,0
67.53586342568838,27.527021949085434,41.51925821440886,12,0.0,0.0,0,0
58.59037978800051,32.03371397600112,16.22308223333399,17,0.0,0.0,1,3
71.78395816898039,22.366078931750316,46.09641283336397,16,0.0,0.0,0,0
23.723432772388865,25.286579984253148,33.085694933911434,0,16.276567227611135,0.0,0,48
73.75331538411304,34.22763070408811,45.48687193713774,21,0.0,1.2276307040881065,0,0
74.97535921267632,22.72676562448223,54.319248917616314,22,0.0,0.0,0,0
41.423347474612044,28.331027733870958,30.46814706128696,15,0.0,0.0,0,9
44.30499054942841,30.825464487830907,35.18635801045419,9,0.0,0.0,0,8
61.649494175404044,21.862379197982243,21.209737531411342,18,0.0,0.0,1,2
50.967267088823206,17.33481086182094,40.8233691189643,4,0.0,0.0,0,6
26.116328694541597,33.44430669868068,32.999286546822766,5,13.883671305458403,0.44430669868067696,0,47
72.98962722529505,45.0,88.59545104030538,23,0.0,12.0,-1,0
28.542705241879684,30.753197074242525,77.07269204268722,8,11.457294758120316,0.0,-1,24
45.62620113931059,31.90448222966541,74.15314354470351,17,0.0,0.0,-1,8
15.934038413569093,22.695566756319774,26.693869019959497,9,24.06596158643091,0.0,1,86
62.144091439798245,36.81804833496881,46.80742521573356,19,0.0,3.8180483349688075,0,2
48.48446779893402,25.739403487076686,28.342576985640168,19,0.0,0.0,1,7
62.08104445860758,34.9823039291219,83.17079910461459,12,0.0,1.9823039291218976,-1,2
81.99701614703277,31.64378596725842,64.95949501015052,9,0.0,0.0,0,0
85.00537356940463,31.790181573883945,31.05345581539097,16,0.0,0.0,0,0
65.41179407930322,31.559837053619763,56.65052640921424,4,0.0,0.0,0,1
8.873950353267414,31.368610772749918,23.313877218746203,6,31.126049646732586,0.0,1,112
74.66796672607397,29.700341368038643,47.5432997223692,1,0.0,0.0,0,0
80.39369018805974,33.8155783742333,46.839867440689915,12,0.0,0.8155783742332972,0,0
29.948801766600177,23.64370741940217,63.31365536082455,15,10.051198233399823,0.0,0,30
34.82789173432119,26.56707777705171,67.78111478120607,9,5.172108265678808,0.0,0,15
74.30799668682373,36.80853038117321,50.36583159053613,17,0.0,3.808530381173213,0,0
35.88474395605728,29.037438120338503,45.967988579388404,10,4.115256043942722,0.0,0,12
62.25197840939685,26.044361065746862,15.0,5,0.0,0.0,1,2
83.85722207090326,34.20921626802038,78.1182298262257,0,0.0,1.209216268020377,-1,0
64.27304813388494,33.024587713213755,38.1633622655571,20,0.0,0.02458771321375508,0,1
69.10961072975086,20.201083769915837,51.838640718784696,19,0.0,0.0,0,0
77.47660605868712,32.37958918477154,90.6636630169919,10,0.0,0.0,-1,0
49.37081760865065,28.82402609806223,28.507006532171005,5,0.0,0.0,1,6
68.62804864397816,32.271409287595716,50.382885163699676,14,0.0,0.0,0,0
62.36413200160076,28.06422895716997,58.94345206800054,11,0.0,0.0,0,2
3.476922843791063,30.78580538230728,69.66430887863592,8,36.523077156208934,0.0,0,109
50.97700128431272,17.014004847060654,50.02196043081741,15,0.0,0.0,0,6
44.971221027582246,22.63038904052229,71.16048208552127,5,0.0,0.0,-1,8
25.176470902018895,32.440606993905284,42.51846511248829,0,14.823529097981105,0.0,0,44
11.826469059254919,43.728618086280896,59.783315158310494,3,28.17353094074508,10.728618086280896,0,97
44.156803023609164,30.203651796990997,57.45122066205958,8,0.0,0.0,0,8
40.253693675065136,23.84317181407055,48.36004030523592,19,0.0,0.0,0,9
51.873991679352194,28.812461348507377,55.82300208803878,6,0.0,0.0,0,6
61.76937809098092,22.639454284835338,34.25782291563128,23,0.0,0.0,0,2
87.63183187324165,35.498940385797155,44.62430530394109,3,0.0,2.4989403857971553,0,0
36.96318033562332,28.288478828936995,26.836152414027797,23,3.0368196643766794,0.0,1,10
27.81500281035827,34.31924820556222,42.05192109182601,19,12.18499718964173,1.319248205562218,0,42
95.54408741036622,27.079270165354803,70.48727772495613,1,0.0,0.0,-1,0
7.336754402675139,34.851763259555085,57.567455308983575,12,32.66324559732486,1.851763259555085,0,112
43.375578291988965,18.258427591348095,55.54275375504073,16,0.0,0.0,0,8
22.830557169494437,28.146867811570456,21.22015792619907,10,17.169442830505563,0.0,1,61
75.12833610546645,31.237531758344176,55.76092858956986,23,0.0,0.0,0,0
55.80735693244991,26.389894744126003,48.87004262502128,3,0.0,0.0,0,4
15.024039307391421,30.157060271355043,59.6734835362648,12,24.97596069260858,0.0,0,74
54.85120073099431,30.055264139032165,74.89789846710732,12,0.0,0.0,-1,5
45.136880919497415,34.293000160413925,42.63943762711076,14,0.0,1.293000160413925,0,8
69.93025033460204,31.729158320767795,44.31909525709281,6,0.0,0.0,0,0
84.56399326262411,30.357568733704554,66.52636398668051,11,0.0,0.0,0,0
63.23972406855673,33.27678189052416,39.13844742628056,3,0.0,0.2767818905241626,0,2
29.904061917248555,19.881689345560474,51.57305745508724,2,10.095938082751445,0.0,0,30
86.70564903953199,23.4855404908008,15.0,12,0.0,0.0,1,0
67.56727795872266,19.688445620445943,44.45499932902195,17,0.0,0.0,0,0
47.87039610144279,31.291611300109732,73.49038004592964,16,0.0,0.0,-1,7
62.24976362483081,30.482883504977913,56.03785770967373,22,0.0,0.0,0,2
44.37719447553498,36.31177042217837,66.18951384573849,1,0.0,3.3117704221783697,0,8
50.71295808299503,30.10999591366286,67.21366762973066,10,0.0,0.0,0,6
31.251899892243028,24.20979126710343,74.28665370778633,1,8.748100107756972,0.0,-1,18
34.24985288651411,28.80400487073487,43.750981560205204,8,5.7501471134858875,0.0,0,17
27.386445061003233,16.747471609388434,66.9610529344769,17,12.613554938996767,0.0,0,37
52.12541763008935,25.5506423466475,90.45713817558024,14,0.0,0.0,-1,5
49.97844410218298,13.917383409672679,49.526374271374195,4,0.0,0.0,0,6
35.70943463041773,29.971123834838203,26.24606332463807,1,4.290565369582268,0.0,1,15
51.00065263064493,26.32420934240869,39.29081874181759,3,0.0,0.0,0,6
88.00879868063336,27.206345965466685,58.43006190726967,10,0.0,0.0,0,0
49.19229765702038,22.410494826388142,20.089243985559825,23,0.0,0.0,1,6
65.30695944624831,23.98686076353838,36.28247642527647,9,0.0,0.0,0,1
85.62521768009354,32.1556983453336,44.06390873187694,4,0.0,0.0,0,0
83.29906084836693,19.38358046287888,51.97744474896087,6,0.0,0.0,0,0
81.44446706393853,31.034126138559778,82.33718026705006,16,0.0,0.0,-1,0
38.759485422313965,23.13266783827824,62.38064855053722,6,1.2405145776860351,0.0,0,10
53.87020225354126,17.913984527989854,29.950468504513722,19,0.0,0.0,1,5
62.43622701903935,35.35806330469449,95.0,0,0.0,2.3580633046944897,-1,2
30.783199231104085,35.97508453806871,49.70263472228851,7,9.216800768895915,2.9750845380687068,0,31
27.915502262412563,24.763192590407073,19.75240048860515,6,12.084497737587437,0.0,1,43
17.662919466409033,24.70435062679407,31.309140205681015,11,22.337080533590967,0.0,0,67
69.16704156457834,26.494752207846602,31.415694573216047,9,0.0,0.0,0,0
45.224272085792805,23.139608190839283,25.73633826107495,13,0.0,0.0,1,8
78.27486613429538,24.196915881176565,59.23332843756784,7,0.0,0.0,0,0
54.99175849728818,30.700365730154996,15.0,4,0.0,0.0,1,5
21.079720044558485,40.4433627184408,67.68051705128484,15,18.920279955441515,7.443362718440802,0,65
94.00486457048378,25.871741208747217,64.65934819750723,7,0.0,0.0,0,0
85.05054712576914,34.13862515096507,41.78337491121021,21,0.0,1.138625150965069,0,0
81.59891405709512,30.117351401008946,66.48283029664914,23,0.0,0.0,0,0
87.52617642342545,17.966588550310604,30.330632646075227,5,0.0,0.0,0,0
19.89548721888061,27.85338352190634,34.838183926392475,6,20.10451278111939,0.0,0,60
77.66614565015904,27.099687261633996,59.89189215579076,22,0.0,0.0,0,0
79.01945695856575,36.78722793849066,46.22825763509264,19,0.0,3.787227938490659,0,0
48.24480511053919,37.03092030507788,38.74807845197898,10,0.0,4.030920305077878,0,7
67.726404244603,30.26079815648035,47.95638172616652,12,0.0,0.0,0,0
29.34418205644879,35.28555512465305,73.73775967283467,5,10.65581794355121,2.285555124653051,-1,25
69.84427599762951,27.12183959990549,73.03991582982289,15,0.0,0.0,-1,0
94.29548253214357,34.71613625169208,57.6702744014642,22,0.0,1.7161362516920775,0,0
38.73234269380607,28.602024794616224,43.60223668511315,10,1.2676573061939322,0.0,0,10
23.07626168737129,34.58604775674247,59.38543084949825,10,16.92373831262871,1.5860477567424667,0,58
28.998737979312818,35.196462126372104,34.475947677929895,14,11.001262020687182,2.1964621263721043,0,37
56.77826855064977,32.298704684973345,71.04106929822778,19,0.0,0.0,-1,4
44.79213914608542,23.550472806320474,67.10764779607378,12,0.0,0.0,0,8
53.84697714984341,25.476736464985557,84.76861829535764,10,0.0,0.0,-1,5
25.31562266796191,32.513531874380945,35.56081691009816,11,14.684377332038089,0.0,0,44
84.69488517064008,33.36076242234788,33.32664407804543,0,0.0,0.36076242234788225,0,0
46.292101042196606,28.95034084283332,59.92383510345895,19,0.0,0.0,0,7
62.97744620074815,26.12625322575974,45.0722785253072,8,0.0,0.0,0,2
10.109612973800479,29.1483326807753,67.9877449261146,21,29.89038702619952,0.0,0,89
39.29424215316818,26.329145980748894,73.71878063781438,8,0.7057578468318226,0.0,-1,10
67.29723209264942,26.362531136,80.65048471551721,6,0.0,0.0,-1,0
36.111492623072664,39.760200797650384,51.05116935841628,21,3.888507376927336,6.760200797650384,0,13
40.710443024709186,25.147077924216475,65.84692312239324,3,0.0,0.0,0,9
19.18929349570523,31.04673083935354,40.69472898090275,18,20.81070650429477,0.0,0,62
63.591477877549764,28.917545606603944,53.909870020289624,19,0.0,0.0,0,2
37.3716942893504,20.640717048476077,49.03813404332485,5,2.628305710649599,0.0,0,10
17.775773247831946,20.433890510120474,48.07807770991907,5,22.224226752168054,0.0,0,66
48.579987416754236,27.51329544405728,82.83050060331664,7,0.0,0.0,-1,7
73.59980485529873,16.28383137085581,25.842561429204803,20,0.0,0.0,1,0
46.805991491783594,38.98243466052175,49.91039186969305,8,0.0,5.982434660521747,0,7
44.62448095254856,25.83031173786236,50.96786932592175,2,0.0,0.0,0,8
57.896741588102444,25.34085057428085,61.57941427095609,9,0.0,0.0,0,4
37.73888413913421,35.33838233588678,30.250898358246317,2,2.261115860865793,2.3383823358867772,0,10
54.66006309164575,27.155683372806344,44.61826743728749,12,0.0,0.0,0,5
73.46761144712562,31.906259041834332,39.27619884473256,4,0.0,0.0,0,0
65.95203713296367,24.564492318659102,15.0,6,0.0,0.0,1,1
40.37270433283827,28.272600623384292,70.92460474089972,0,0.0,0.0,-1,9
50.762341067409544,33.810868942779116,23.54121807458072,0,0.0,0.8108689427791163,1,6
39.999868848645036,22.829120372191202,21.142061518314257,17,0.0001311513549637766,0.0,1,10
52.09182912437137,31.166410597826605,67.05730441475153,22,0.0,0.0,0,5
17.264935732975143,13.500930767519781,43.97260838332887,9,22.735064267024857,0.0,0,68
29.251938016051177,35.59302863428109,44.59488688666343,0,10.748061983948823,2.59302863428109,0,37
38.57803489594145,24.66150159721424,44.938041782050874,22,1.4219651040585504,0.0,0,10
81.00268204315358,27.48605510828168,69.33867228058826,9,0.0,0.0,0,0
34.93398742898778,27.412278343148596,40.067220601040916,8,5.066012571012223,0.0,0,15
80.55911578410239,22.150859184763046,60.711182316624516,19,0.0,0.0,0,0
62.758385062870914,21.6902179854276,29.458830434114688,16,0.0,0.0,1,2
24.50770615152521,31.12806707782176,55.94081201182765,17,15.492293848474791,0.0,0,46
49.01117859738536,31.410012900103975,66.24844976388592,16,0.0,0.0,0,6
62.4325935108086,22.688359152481297,75.29173508358602,0,0.0,0.0,-1,2
56.45160138998811,31.24638238435308,22.115670136166138,7,0.0,0.0,1,4
39.24444151221003,31.347365050437205,44.659456188442675,16,0.755558487789969,0.0,0,10
37.62360614204731,25.730685417061572,78.77054218788933,21,2.376393857952692,0.0,-1,10
45.925672676523924,20.239027384891884,66.59364035508533,15,0.0,0.0,0,8
8.939362238037688,27.774740119193776,46.41778437115859,9,31.06063776196231,0.0,0,93
22.645971637457908,30.190491328939757,50.06856337644561,21,17.354028362542092,0.0,0,52
78.88377987770369,27.646809754110297,55.34633699191788,13,0.0,0.0,0,0
41.35247918040384,24.445035617577787,43.28632978195717,3,0.0,0.0,0,9
64.50190282938286,30.801816392321236,59.848705620460635,9,0.0,0.0,0,1
58.82380571841137,35.59194700889101,58.82915896754491,20,0.0,2.5919470088910117,0,3
11.13355347634534,23.378218813577874,29.93394507960923,10,28.86644652365466,0.0,1,103
40.80209811927257,26.211954833805635,41.18410390993742,13,0.0,0.0,0,9
69.85628690316796,44.45885560767647,41.82643428722356,1,0.0,11.458855607676469,0,0
10.202287124385387,29.745205978501357,45.40059264165147,15,29.797712875614614,0.0,0,89
23.68953783955859,20.399158497476897,54.85777466132133,7,16.31046216044141,0.0,0,48
68.28658287903838,25.134504534876427,53.2485336798071,2,0.0,0.0,0,0
34.07881367897585,23.45847525483688,37.044395754809265,22,5.921186321024152,0.0,0,17
62.9338677099802,30.28235931276987,74.12494505250419,9,0.0,0.0,-1,2
24.82030398221011,29.84636304629405,50.09101102080286,19,15.17969601778989,0.0,0,45
19.32838915490157,24.181076888793747,76.34514313902295,16,20.67161084509843,0.0,-1,43
82.18400682055585,39.13786594247447,75.9233604274748,21,0.0,6.13786594247447,-1,0
81.1431467709594,28.510799954095333,30.934343022224024,10,0.0,0.0,0,0
38.74825309268947,25.26561978299954,41.17390414008595,17,1.2517469073105332,0.0,0,10
43.46714280269365,20.673269330980265,42.48922379238371,22,0.0,0.0,0,8
50.5738481113799,22.63140748229304,55.639589720035296,15,0.0,0.0,0,6
49.330060015114505,20.52385708073562,63.07536203666485,15,0.0,0.0,0,6
81.91583891425611,26.856591669270628,52.6446741810074,21,0.0,0.0,0,0
28.78967057520662,22.690217943591506,40.08371235606614,8,11.210329424793379,0.0,0,33
72.878208351509,32.70390397987456,79.72886632618963,12,0.0,0.0,-1,0
48.61695138430895,24.493407171555894,42.10832183806296,17,0.0,0.0,0,7
35.22070570514379,33.04120594982397,63.35291365979474,21,4.779294294856207,0.041205949823968524,0,16
72.89082606624756,30.9488039664978,49.331073143041536,19,0.0,0.0,0,0
48.37362358802531,31.873045296064454,48.82699616443425,9,0.0,0.0,0,7
37.619840328627284,33.38049433045777,62.127542022265736,18,2.3801596713727164,0.3804943304577719,0,10
70.07240029138468,39.95994067338549,77.77404759149276,14,0.0,6.959940673385489,-1,0
52.34764437930991,22.906015678974466,55.48984701850789,10,0.0,0.0,0,5
68.1783968162027,33.075995660414065,41.20099350203954,11,0.0,0.07599566041406547,0,0
63.618530963920236,30.388713958532527,76.64130535058592,18,0.0,0.0,-1,2
70.368679612053,34.3796828030855,58.88920157256782,0,0.0,1.379682803085501,0,0
48.57079020223973,28.664785156288154,53.066529174691816,22,0.0,0.0,0,7
97.90575940811641,35.05606782121526,68.49814321132786,4,0.0,2.056067821215258,0,0
33.07137626308743,20.25038119671505,55.79993743438754,16,6.92862373691257,0.0,0,20
53.41766555306916,21.974148575468348,94.22514537641055,22,0.0,0.0,-1,5
71.00865636624974,24.58473855267728,50.03342910266516,5,0.0,0.0,0,0
69.02174548937292,27.551501730033944,70.69375624995294,14,0.0,0.0,-1,0
44.83658206627133,28.27813580171983,57.955787325376406,12,0.0,0.0,0,8
55.506105511449825,23.559836404951465,57.896323786577454,1,0.0,0.0,0,4
92.6351419703709,22.054765076302623,43.482615568077584,15,0.0,0.0,0,0
39.68159542391678,24.06825917103043,43.571941843634995,23,0.3184045760832177,0.0,0,10
74.58234151024547,17.744159649205567,58.93937082317801,21,0.0,0.0,0,0
61.72219967563394,26.27119040832245,34.37129647184657,22,0.0,0.0,0,2
79.42380526131807,27.64956164343069,39.64012172352341,11,0.0,0.0,0,0
58.37365085701814,30.64621869819492,50.27536949732084,17,0.0,0.0,0,3
74.86076273894639,29.001230310487742,72.3267097886584,5,0.0,0.0,-1,0
61.7979082675006,38.76038890646888,51.44957819091894,6,0.0,5.760388906468883,0,2
95.25301446714877,32.87424006160746,51.16444377909763,22,0.0,0.0,0,0
28.10301355815723,32.423880117658456,30.944924026218004,7,11.89698644184277,0.0,0,35
88.15510462635304,30.18821080294276,80.52237218754972,17,0.0,0.0,-1,0
78.94377818795046,31.21435104712267,69.92808749798039,20,0.0,0.0,0,0
23.131610184289976,26.67556180172148,71.95468717912249,15,16.868389815710024,0.0,-1,35
76.93880996463169,28.59772947211408,23.852229194861255,1,0.0,0.0,1,0
25.71972225222639,39.529342447702504,56.32795255017172,22,14.28027774777361,6.529342447702504,0,49
50.372682224184686,27.579672583189968,33.111416337074814,5,0.0,0.0,0,6
53.35076390133635,20.008809654367084,63.88932956812266,23,0.0,0.0,0,5
29.824321263113184,32.18084774834742,55.79045931155013,3,10.175678736886816,0.0,0,30
54.59217209341015,33.251251946944635,59.33894584649347,8,0.0,0.2512519469446346,0,5
24.08964077349663,28.92714058520406,37.10100793343517,17,15.91035922650337,0.0,0,47
48.21169163298971,16.729927292769787,31.28279978250014,1,0.0,0.0,0,7
85.39497464857806,35.71963835744644,38.46689663901239,9,0.0,2.719638357446442,0,0
36.794463295187576,29.37944035819601,55.54040762015978,21,3.205536704812424,0.0,0,10
49.40331357430887,26.13844923617795,45.63987238591458,21,0.0,0.0,0,6
77.38350396972929,35.12835481361991,54.556880513178584,13,0.0,2.1283548136199073,0,0
82.0868862721561,15.852169249518997,31.56851669603921,19,0.0,0.0,0,0
12.87175938428441,28.671167367298327,49.882351495789436,19,27.12824061571559,0.0,0,81
23.603323049133472,24.755240058334284,75.11185531194164,23,16.396676950866528,0.0,-1,34
13.341566834517124,36.9528774006187,55.98204683449259,10,26.658433165482876,3.9528774006187035,0,91
30.18430688156529,29.457297397567324,57.108335544783,7,9.815693118434709,0.0,0,29
53.9703547349206,22.812071730836575,57.25238313394699,21,0.0,0.0,0,5
57.404700983372116,34.82940831461732,40.78526550217799,11,0.0,1.829408314617318,0,4
16.58286935435746,13.245807318560939,79.37132061157095,14,23.41713064564254,0.0,-1,49
44.86967057346026,31.047410256242543,56.42643251235895,15,0.0,0.0,0,8
40.664526973346405,20.420250508349433,53.18961667332564,19,0.0,0.0,0,9
81.02026202639411,25.2253741440637,62.36552088268277,23,0.0,0.0,0,0
26.531144724727174,26.55593603233773,66.9324895984487,8,13.468855275272826,0.0,0,40
39.93799061931721,33.46067439168333,27.579126274069118,8,0.06200938068278816,0.4606743916833267,1,10
65.9468880901186,41.22046807236663,51.01453603885424,21,0.0,8.220468072366629,0,1
36.06338562354854,17.322682321622715,90.23326459331172,7,3.936614376451459,0.0,-1,10
15.696098577890572,30.677825401988756,79.79564183646785,15,24.303901422109426,0.0,-1,51
23.24657053718229,41.214736761992015,48.08475523099854,15,16.75342946281771,8.214736761992015,0,57
32.13712242540023,24.562421879744274,63.10398673996091,10,7.862877574599771,0.0,0,23
73.39592931364582,24.190005809665017,44.12104672957037,15,0.0,0.0,0,0
40.35648303130518,29.41567747266581,56.36595772080121,17,0.0,0.0,0,9
6.50383076437423,32.97301007545676,41.7503175894678,4,33.49616923562577,0.0,0,100
56.54179715856921,31.94558824350466,41.44492579042743,4,0.0,0.0,0,4
48.819090925800275,25.847787394014798,39.34661700428022,10,0.0,0.0,0,7
94.94887955346633,23.18477822297197,80.28178353167655,20,0.0,0.0,-1,0
57.926448556880494,35.89677966722485,41.3519230385446,9,0.0,2.8967796672248483,0,4
75.398745546017,23.352575442163168,70.5518751579433,11,0.0,0.0,-1,0
52.96726764175372,16.502889665629496,42.23007044094038,10,0.0,0.0,0,5
35.735383055650196,19.279626882264626,40.16948428621946,18,4.264616944349804,0.0,0,12
42.32098464166908,24.54316105207254,57.00929755313132,3,0.0,0.0,0,9
39.04855845287676,36.95503317047259,26.6228066233653,14,0.9514415471232383,3.955033170472589,1,10
19.325708667878587,20.86982771532426,61.963996373228554,15,20.674291332121413,0.0,0,62
61.33970306798609,37.131508995486,47.54966349250796,4,0.0,4.131508995486001,0,2
17.74723250568233,35.84091339678377,40.08633085265186,4,22.25276749431767,2.840913396783769,0,76
87.57287202702526,29.351386930462926,36.22128450044787,16,0.0,0.0,0,0
22.48918051032919,12.705434510663185,85.48405093687157,0,17.51081948967081,0.0,-1,36
58.32923970870094,20.895644126997187,49.38241391769263,5,0.0,0.0,0,3
53.029193191144955,24.19878247969139,48.62338818542449,11,0.0,0.0,0,5
52.25473804301398,38.384210454402975,65.71312678977965,0,0.0,5.384210454402975,0,5
17.965411818713033,24.584992906753428,34.85037682322878,0,22.034588181286967,0.0,0,66
43.1076132965316,23.36240697966602,70.41735663589446,15,0.0,0.0,-1,8
18.819413360168852,29.129811712600098,49.35664444462411,15,21.180586639831148,0.0,0,63
57.738842348469674,19.542846041203706,25.092143516384354,22,0.0,0.0,1,4
44.69946658481073,27.852271026708305,40.451118414397484,14,0.0,0.0,0,8
48.729443951404924,23.208655946216926,30.287163634597146,2,0.0,0.0,0,7
31.67717389752455,44.12649868175852,51.460765495450524,13,8.32282610247545,11.12649868175852,0,28
40.72627970397762,22.49425664020168,35.71536033319676,0,0.0,0.0,0,9
94.55288050545346,39.57960799319425,33.73337985037654,2,0.0,6.5796079931942515,0,0
62.18541143760208,21.158997932388253,55.25962516702163,5,0.0,0.0,0,2
16.744954645681922,29.576652502938348,50.7908136980033,2,23.255045354318078,0.0,0,69
52.3578974047483,31.00188399923511,71.76482291429012,23,0.0,0.0,-1,5
66.64141622225817,28.850587466138265,70.96730596736005,15,0.0,0.0,-1,1
86.57579851682424,28.482404725832318,51.10460669939077,14,0.0,0.0,0,0
46.555308209418314,33.1687392046272,58.993668199506494,0,0.0,0.16873920462720093,0,7
18.372341009131347,30.504207704525825,24.664501026992944,3,21.627658990868653,0.0,1,77
66.64440355562061,26.962585804832297,62.528737000902005,2,0.0,0.0,0,1
50.21097690449858,23.953400595671056,57.39262702425329,14,0.0,0.0,0,6
43.614336533586474,27.00554393052335,67.17343300372929,18,0.0,0.0,0,8
11.100895685311842,26.93147206486837,44.487913011863796,14,28.89910431468816,0.0,0,86
67.8988259397234,26.813410636226383,44.644747307248586,4,0.0,0.0,0,0
38.87162619899806,28.4571971355723,44.757160907463806,6,1.128373801001942,0.0,0,10
77.05216690641454,19.54406731494415,75.82251577849348,11,0.0,0.0,-1,0
45.1277043403046,21.83452770827386,55.09261198692758,10,0.0,0.0,0,8
48.22145727132061,32.99064257978626,23.07271096662783,2,0.0,0.0,1,7
24.364471886593357,14.497492646407963,61.5988637952117,10,15.635528113406643,0.0,0,46
30.689792563348213,35.18219206419903,41.660632944964966,5,9.310207436651787,2.182192064199029,0,32
66.8028935176611,24.64647582556263,69.52245413692918,4,0.0,0.0,0,1
45.394843876467206,38.0168307737738,59.697517810964996,21,0.0,5.016830773773798,0,8
58.734841657636906,35.35729327333321,72.3279964823316,2,0.0,2.3572932733332124,-1,3
11.047157144258254,26.035600385775247,68.69946799421808,18,28.952842855741746,0.0,0,86
45.26184569712275,26.657701629505834,66.87260527939671,1,0.0,0.0,0,8
37.41095402357333,37.559565074707606,70.42053965437547,4,2.589045976426668,4.559565074707606,-1,10
24.59019768424011,35.63940555060343,64.67106589121794,21,15.40980231575989,2.6394055506034277,0,53
35.45677325630035,33.836441151057805,37.51083777147188,5,4.543226743699648,0.8364411510578051,0,15
28.57951142053447,34.865147478131526,29.415471163389974,1,11.42048857946553,1.8651474781315258,1,47
44.373096285008934,21.474868563698323,35.05543819393613,11,0.0,0.0,0,8
41.732402155191664,29.231783801092366,63.1525071618115,5,0.0,0.0,0,9
44.70606267978957,23.377739790189665,15.0,15,0.0,0.0,1,8
54.77774181791032,21.320622800161836,49.72281128104791,13,0.0,0.0,0,5
31.017372581799147,28.98332649210977,45.21444928344138,13,8.982627418200853,0.0,0,26
57.962632331783205,25.51694449249678,72.02920129861184,0,0.0,0.0,-1,4
39.83464923203737,27.002502188762133,47.890178323265005,6,0.1653507679626287,0.0,0,10
31.464017424304352,24.99978953119418,43.366686328480824,0,8.535982575695648,0.0,0,25
49.592634518468245,20.47313731609957,73.68827181426963,22,0.0,0.0,-1,6
55.150474724999384,38.18075855978086,48.34565688949016,2,0.0,5.1807585597808625,0,4
70.88880854168187,28.934959164527296,45.438200630512625,20,0.0,0.0,0,0
46.00100121604726,19.346838543789964,41.19393194815307,20,0.0,0.0,0,7
38.08253892205432,29.09182548057,55.14153214867121,15,1.9174610779456813,0.0,0,10
17.605973493444573,37.1283387839846,44.03331615760833,19,22.394026506555427,4.128338783984603,0,77
42.15881720420824,33.75236488801056,44.09834821849413,21,0.0,0.7523648880105611,0,9
83.30993018874759,24.887665443361342,76.1041877481616,21,0.0,0.0,-1,0
53.314458580295934,25.03175505291788,50.88006219544806,7,0.0,0.0,0,5
55.381505778419694,22.257546621071256,41.93209480774176,18,0.0,0.0,0,4
61.85391081648554,23.54647697521672,32.08811198199873,7,0.0,0.0,0,2
46.08801961579526,24.034683334409284,53.57323783697843,3,0.0,0.0,0,7
46.55868357150526,19.1903694971962,39.92452412475042,7,0.0,0.0,0,7
13.228758157289263,25.33611934465681,43.37000949220489,22,26.771241842710737,0.0,0,80
32.665087970923736,30.06387145885125,34.67247334328612,3,7.334912029076264,0.0,0,22
63.64792198087679,25.51601809448976,53.54418769086013,13,0.0,0.0,0,2
78.64385255747692,29.304120363239914,26.540139552624982,3,0.0,0.0,1,0
40.5922705095428,37.731599362720544,57.406394408995226,11,0.0,4.731599362720544,0,9
32.77246366151013,39.01399192515164,40.16349727965992,21,7.22753633848987,6.013991925151643,0,24
42.9968599138766,27.59243725133153,62.8994878176571,22,0.0,0.0,0,9
65.92478469028666,33.28109301056555,58.734735035729464,20,0.0,0.2810930105655487,0,1
59.86086441871793,27.00012163398202,51.87211957465165,20,0.0,0.0,0,3
49.62436536615352,25.072756313452224,65.23057217550041,13,0.0,0.0,0,6
42.190038813413224,21.29904759652807,78.02509735685351,0,0.0,0.0,-1,9
15.263223009122717,28.5196742353786,72.83290345725878,15,24.73677699087728,0.0,-1,51
44.96236830703437,34.506293692739945,26.404437737400013,10,0.0,1.5062936927399448,1,8
51.544694593233174,20.353480546071964,39.103414769409625,5,0.0,0.0,0,6
38.57475139709801,26.27743816267535,41.30702508057959,16,1.4252486029019877,0.0,0,10
41.34098394702212,25.98795051513208,61.49498067363426,0,0.0,0.0,0,9
87.16754164553487,29.48127328329959,40.59987650354388,3,0.0,0.0,0,0
27.432801821113717,29.57659416533146,39.89328969294681,10,12.567198178886283,0.0,0,37
64.29544372967314,31.22341347055325,36.78483349124205,4,0.0,0.0,0,1
50.25494150071809,39.38189341620789,55.38000284420146,16,0.0,6.3818934162078875,0,6
77.74006547312545,22.777025168899215,61.42417537787859,19,0.0,0.0,0,0
59.969511020792275,22.4472851925348,28.19107313660171,16,0.0,0.0,1,3
17.04781169325887,29.48419328263366,40.74366839602255,3,22.95218830674113,0.0,0,68
80.05827658483193,36.716341237012514,15.889473848171932,14,0.0,3.7163412370125144,1,0
57.13129131790726,19.22573214672904,15.0,22,0.0,0.0,1,4
83.86253858247007,29.988234165622575,58.72398478458317,22,0.0,0.0,0,0
32.1020793703965,26.79196847335986,55.67767401093995,3,7.897920629603497,0.0,0,23
32.199400448259915,33.12572901935109,53.10329481497704,5,7.800599551740085,0.12572901935109115,0,26
94.32662735540809,31.769140669242375,78.56560319437551,4,0.0,0.0,-1,0
63.85680327542473,28.29110087089143,19.836755913352142,6,0.0,0.0,1,2
97.26438224940604,30.925135858835223,15.0,21,0.0,0.0,1,0
39.728025623447664,24.050331678217795,29.779822578926186,1,0.27197437655233614,0.0,1,10
83.6144337984331,32.80134576348716,15.0,13,0.0,0.0,1,0
61.286143169700736,36.31914118768452,38.95959342247242,22,0.0,3.3191411876845223,0,2
44.14610602387621,28.600963054448236,60.49146975960519,19,0.0,0.0,0,8
37.767808931261655,25.552283729202735,55.33810696865375,10,2.232191068738345,0.0,0,10
26.51532472100729,27.12908755435317,68.49529353741526,12,13.484675278992711,0.0,0,40
74.26474260672889,32.73823981525288,56.67381337700133,9,0.0,0.0,0,0
79.17549272576456,27.748804222468863,42.727273838930465,16,0.0,0.0,0,0
59.82478235266445,20.80213907760288,40.5326916076353,23,0.0,0.0,0,3
59.601666158832586,33.7126286974142,57.87419377860265,13,0.0,0.7126286974142033,0,3
69.80415430285295,22.10298644868636,22.45707792158338,10,0.0,0.0,1,0
32.435532719326034,30.54696422158126,15.0,21,7.564467280673966,0.0,1,27
89.17168047265508,16.8018286926044,57.02401867151463,8,0.0,0.0,0,0
89.67841497205211,28.648904727784938,54.217246818176584,1,0.0,0.0,0,0
77.55958673364172,27.59022368473924,78.24737912500291,5,0.0,0.0,-1,0
15.080535105749398,16.197595064334,62.53583844334696,15,24.919464894250602,0.0,0,74
49.27777607655027,29.996887041547346,55.56521128885548,10,0.0,0.0,0,6
49.13024352842411,21.391837860154695,44.38165277434175,21,0.0,0.0,0,6
9.325966176098817,28.50851157431304,35.39968480594624,16,30.674033823901183,0.0,0,92
12.637208884985608,25.52959419692017,44.95544211403358,13,27.362791115014392,0.0,0,82
27.338967247525574,19.116661433308245,67.19241112593409,21,12.661032752474426,0.0,0,37
46.49742853236084,21.725643729682325,58.34594603575454,17,0.0,0.0,0,7
39.35032711408422,22.205838180589105,66.81615401659874,4,0.649672885915777,0.0,0,10
79.02278930558172,33.89447694137821,51.92084316384973,17,0.0,0.8944769413782083,0,0
4.952904926988473,33.01489326765521,33.80823708291527,16,35.047095073011526,0.014893267655210707,0,120
80.39725647333762,41.167008558113366,70.89042829282684,22,0.0,8.167008558113366,-1,0
19.799152966305176,24.928741953989693,69.26154220611426,0,20.200847033694824,0.0,0,60
27.338985134370525,24.735604369561738,53.33942426842026,3,12.661014865629475,0.0,0,37
71.0425095042249,28.80923757496374,60.00739905557462,19,0.0,0.0,0,0
31.541199261517956,25.86840021524369,59.01713015134929,23,8.458800738482044,0.0,0,25
40.71381477967248,24.504621760043594,41.56884554564276,6,0.0,0.0,0,9
37.49055316655345,28.326549093953705,45.318406628089825,23,2.509446833446553,0.0,0,10
38.78109578749226,32.221651707023554,33.62588292886316,0,1.2189042125077378,0.0,0,10
53.38312438997187,15.327153883558196,45.251413643703756,16,0.0,0.0,0,5
72.70932885643145,24.566795097134243,68.55514682141404,9,0.0,0.0,0,0
27.43538692812907,19.583242157593837,65.13898802618385,15,12.56461307187093,0.0,0,37
78.17518793002718,27.07701343142995,60.052326017048074,21,0.0,0.0,0,0
64.36204680064147,30.595780015871146,67.26520613031641,13,0.0,0.0,0,1
15.085517160322881,34.70165096368399,43.42434383988743,5,24.91448283967712,1.7016509636839885,0,85
38.598278428644115,25.39752635268941,28.880270524356874,22,1.4017215713558855,0.0,1,10
83.2677180191085,28.637635361134205,47.17622404572798,6,0.0,0.0,0,0
48.565670786075685,17.90725155581449,48.60161647064387,12,0.0,0.0,0,7
57.248631405510444,22.83720491933741,62.16327316054847,4,0.0,0.0,0,4
54.28439203383314,29.242851816670367,59.206042211214324,21,0.0,0.0,0,5
86.42724842296596,19.845913393284253,68.19044839945462,23,0.0,0.0,0,0
38.25832932215291,35.422072397685426,15.0,9,1.7416706778470896,2.422072397685426,1,10
49.24518621353962,31.141098447033215,35.635426063725,10,0.0,0.0,0,6
75.9102181495825,22.57251055673529,48.355527391487215,11,0.0,0.0,0,0
86.7963016225532,19.107016825498135,58.6283680904882,22,0.0,0.0,0,0
35.113098119587264,23.68421630381473,87.69895456037074,14,4.886901880412736,0.0,-1,10
31.78827833324092,22.604079811522023,32.40845209090816,2,8.211721666759079,0.0,0,24
54.08232408149999,20.698013783713776,37.2229878197767,18,0.0,0.0,0,5
20.705120938685035,19.559138156696854,42.38011614662462,10,19.294879061314965,0.0,0,57
9.933131736575891,26.617599386740494,36.57975227528902,1,30.06686826342411,0.0,0,90
40.07402220770939,32.393564740173204,34.01174380357405,11,0.0,0.0,0,9
75.0990291877889,23.733506603740963,50.82651326573919,1,0.0,0.0,0,0
15.00425593521526,30.669301166911584,67.70560447903578,6,24.995744064784738,0.0,0,74
41.557508748499075,26.033543995929158,52.14831386937094,17,0.0,0.0,0,9
31.94974002341762,31.673900149486133,34.525143172473165,11,8.050259976582382,0.0,0,24
82.55669756364179,23.281134461805117,46.468045075246195,10,0.0,0.0,0,0
44.37945500729362,29.685948804944562,31.30536680562011,8,0.0,0.0,0,8
33.0067981533556,28.720787850078345,67.69450398935487,21,6.9932018466444035,0.0,0,20
53.920751731781735,36.173916633844435,76.48075242672391,5,0.0,3.173916633844435,-1,5
65.04469317726101,31.35245913360117,21.287523764168938,22,0.0,0.0,1,1
28.35753344103096,29.536042826541813,54.12247468003115,8,11.64246655896904,0.0,0,34
9.424228227302,19.180670312017252,35.99230357708272,9,30.575771772697998,0.0,0,91
36.589639142882326,24.848509994084345,51.13178620559312,15,3.4103608571176736,0.0,0,10
84.85849979269156,23.19761147244411,48.46000079512159,18,0.0,0.0,0,0
86.52331603237157,23.06676897607022,25.860904217096298,11,0.0,0.0,1,0
37.605815988687965,28.093040218511856,71.75870001208136,15,2.394184011312035,0.0,-1,10
52.81380635337841,29.444926471316744,47.269229504466686,9,0.0,0.0,0,5
57.246698120603725,29.67964678496357,41.53980639593283,18,0.0,0.0,0,4
28.78450419784674,35.56866331644267,52.09355339471012,20,11.21549580215326,2.5686633164426667,0,38
32.667898050378,30.90129558379021,34.32924637166642,20,7.332101949622,0.0,0,21
49.73749088212912,20.632894781210688,46.69417662828943,15,0.0,0.0,0,6
64.65414851367224,29.21524530241044,16.928245428129117,6,0.0,0.0,1,1
49.6275266949149,31.506264606541603,15.0,15,0.0,0.0,1,6
82.45354420013872,35.573134134573465,32.53862019979475,14,0.0,2.573134134573465,0,0
54.83754278322862,27.074850337869606,40.41707099656536,5,0.0,0.0,0,5
28.150440109903858,27.133194882985766,18.373933933303977,20,11.849559890096142,0.0,1,42
24.179607345220973,34.47337935932575,41.04537595988326,18,15.820392654779027,1.4733793593257474,0,54
69.73699241210043,29.071500136392668,40.3930492125212,10,0.0,0.0,0,0
67.33556943972067,18.409550071325896,48.89186035558701,0,0.0,0.0,0,0
22.2782927096537,17.122769900922492,61.054761069387844,17,17.7217072903463,0.0,0,53
67.652571069293,39.04466161678089,80.81768730763172,5,0.0,6.044661616780893,-1,0
62.37439639371514,17.717633864387814,57.70849872130071,17,0.0,0.0,0,2
55.91774205397414,26.996728655684237,32.285956407585154,9,0.0,0.0,0,4
87.21006420738013,33.29870184653499,61.996842673212804,17,0.0,0.2987018465349891,0,0
82.14956243868485,17.412357329890085,75.21087891439123,21,0.0,0.0,-1,0
33.614199233414496,21.51063629730083,29.83511510262326,2,6.385800766585504,0.0,1,22
64.17104764311937,20.51955681900197,30.836778183556774,0,0.0,0.0,0,1
89.49714147759543,38.806757813717056,24.420918438095647,16,0.0,5.806757813717056,1,0
67.29939032843293,40.108924473253936,39.839055488365844,10,0.0,7.108924473253936,0,0
68.71552937108719,23.59496963599691,56.71788116984728,16,0.0,0.0,0,0
77.28327984651654,31.47698954198272,76.6976677413551,2,0.0,0.0,-1,0
10.213102712821913,29.8483745383515,66.0501249469133,20,29.786897287178085,0.0,0,89
57.653044921219845,26.315240181918007,56.9394784451096,5,0.0,0.0,0,4
56.13541735757215,18.239341044272546,50.82363957227534,3,0.0,0.0,0,4
59.59860379357666,41.84478409710533,57.047310387884124,9,0.0,8.844784097105332,0,3
45.585420508312616,17.103917346269284,58.10800196579933,19,0.0,0.0,0,8
55.07881473304271,29.272630426865476,73.45753152853217,2,0.0,0.0,-1,4
50.228351341913736,24.114413758533015,49.624140941918384,12,0.0,0.0,0,6
77.12305025990214,34.04836792437653,54.71145519812597,19,0.0,1.048367924376528,0,0
8.15507289740927,33.075680057031896,42.64703988815124,12,31.84492710259073,0.07568005703189584,0,109
17.83671440900231,22.1271194918218,52.04121329063751,1,22.16328559099769,0.0,0,66
40.03537599812533,23.25923881518493,45.38652247548386,4,0.0,0.0,0,9
27.248606742531912,18.699091626904696,28.587708946989103,14,12.751393257468088,0.0,1,45
47.60655554493953,29.168807325962863,65.71898194664772,15,0.0,0.0,0,7
61.45556324604116,32.265263684518374,76.7885757469825,3,0.0,0.0,-1,2
68.18317336368416,25.350015391058594,49.326308176277955,9,0.0,0.0,0,0
86.8013613064548,26.531174701924247,55.976960986005096,2,0.0,0.0,0,0
37.51258096852676,39.447080284035366,65.50960333873873,13,2.4874190314732374,6.447080284035366,0,10
48.061411715608706,33.61742584095784,47.42013000336831,11,0.0,0.6174258409578428,0,7
64.41633105419604,36.086588351434074,53.412702215294985,15,0.0,3.0865883514340737,0,1
36.27586565970417,14.547732011310998,46.09427646026091,8,3.7241343402958265,0.0,0,11
67.20653404929925,31.28315224374967,40.108946318268686,23,0.0,0.0,0,0
71.29941464691427,29.508234623805368,59.388535503302435,1,0.0,0.0,0,0
73.14353459478359,20.48808804709095,59.225396962996285,5,0.0,0.0,0,0
41.90639694189602,21.736612869775207,66.60576873225422,1,0.0,0.0,0,9
51.688463930018905,26.68938517342828,49.93884366232082,20,0.0,0.0,0,6
62.77099245741634,19.948026806487874,28.40315341859234,7,0.0,0.0,1,2
29.893969139333365,23.207798581750048,69.93792074302951,0,10.106030860666635,0.0,0,30
32.46548367583008,25.230441689578395,36.7783227817955,18,7.534516324169921,0.0,0,22
77.17714021397624,31.441115476234504,36.46757094666095,21,0.0,0.0,0,0
61.944969214387626,23.759164086569218,40.424784890045366,20,0.0,0.0,0,2
46.40540910983874,25.31657562038529,18.615334201499785,5,0.0,0.0,1,7
88.0493818078651,34.14601180554488,46.08279287606892,1,0.0,1.1460118055448802,0,0
76.69252067529489,17.414446402129556,61.148126827872176,7,0.0,0.0,0,0
40.12493333392368,29.363718403327074,42.194619642223934,4,0.0,0.0,0,9
15.915905386022441,30.33642227959664,74.08754128627001,18,24.08409461397756,0.0,-1,50
71.27861921644974,30.500972295293312,72.97166140842785,8,0.0,0.0,-1,0
20.54393492571217,24.991871406409594,66.00719851737426,10,19.45606507428783,0.0,0,58
80.364360080928,21.610822396094388,15.170804058221215,15,0.0,0.0,1,0
44.944024960647255,37.117088697256165,75.80681798581519,10,0.0,4.117088697256165,-1,8
81.09955420342054,22.86102742728203,45.730815010646964,6,0.0,0.0,0,0
49.88272562695711,21.297822335062563,80.21140301672703,5,0.0,0.0,-1,6
34.3153184245508,28.12120739278545,39.126769111234694,5,5.684681575449197,0.0,0,17
17.895196089077626,23.565265647759908,47.483449389039464,3,22.104803910922374,0.0,0,66
28.377456421822117,34.30482347058337,51.61331607815468,14,11.622543578177883,1.3048234705833721,0,40
26.035600890363774,26.40895097072152,33.21766974156046,5,13.964399109636226,0.0,0,41
54.89900838388515,35.0828412409958,20.83162575913171,16,0.0,2.0828412409957977,1,5
70.0103763510153,30.69264801494832,15.0,8,0.0,0.0,1,0
29.93629726695631,25.67073688223701,95.0,11,10.06370273304369,0.0,-1,21
48.979719119674435,34.68410043184984,19.964991456612896,20,0.0,1.684100431849842,1,7
33.368172554498884,24.094977792790488,20.212999358143698,16,6.631827445501116,0.0,1,23
46.11520673049078,26.079141181583164,60.29589553830946,6,0.0,0.0,0,7
51.94614776550785,31.174954683490835,24.37099194017604,0,0.0,0.0,1,6
30.20507617828135,29.359748978821244,21.02722812275213,17,9.794923821718651,0.0,1,35
20.998442785802347,23.95788061904032,15.0,7,19.001557214197653,0.0,1,68
35.503140463139005,18.781898827829394,55.26892597026097,1,4.496859536860995,0.0,0,13
15.437931263900454,27.888138979182596,30.738946679410006,14,24.562068736099548,0.0,0,73
30.0316208151541,23.63729065243911,61.580999014943615,19,9.968379184845901,0.0,0,29
56.790883020215475,28.177874541715752,48.635505641946146,15,0.0,0.0,0,4
26.766982658981668,25.47415746845003,51.539351289642354,19,13.233017341018332,0.0,0,39
69.43109623258357,23.694593009511497,41.83831830465665,4,0.0,0.0,0,0
72.9709590492529,26.39106295396957,45.035770682787835,20,0.0,0.0,0,0
51.29907306653456,27.559453355474716,33.89343549139263,7,0.0,0.0,0,6
33.954337088231775,32.17005755135313,35.5986095101465,12,6.0456629117682255,0.0,0,18
81.62933281129759,30.539133615468895,30.290094495203135,5,0.0,0.0,0,0
92.02459404414878,40.566538763478064,77.25166236302121,14,0.0,7.566538763478064,-1,0
26.011636787491565,28.84861575294495,42.869744194274304,21,13.988363212508435,0.0,0,41
43.434818721526234,23.96241394488265,15.0,23,0.0,0.0,1,8
37.174031241883256,27.002229165048607,54.65768912395735,7,2.825968758116744,0.0,0,10
35.70692509530626,31.409939592161564,35.532669306909085,9,4.293074904693739,0.0,0,12
88.39843194910753,34.02055391293776,49.199348674097344,21,0.0,1.020553912937757,0,0
69.91971358201434,36.048820362406715,45.148134446487404,7,0.0,3.0488203624067154,0,0
48.44742300966628,21.897974235812264,76.8231645832037,21,0.0,0.0,-1,7
28.931941550527817,35.68404380481542,43.09473105202689,12,11.068058449472183,2.684043804815417,0,38
81.94012040069882,27.72387589435624,64.68932344560537,12,0.0,0.0,0,0
52.9760177798036,22.438294524473147,62.78900189032578,22,0.0,0.0,0,5
28.193783444873453,26.777332348749685,25.401980967278973,20,11.806216555126547,0.0,1,42
69.08472167749531,35.26453104374874,53.37942896175289,22,0.0,2.2645310437487396,0,0
95.94136735978745,30.743653331041443,36.3501196879748,1,0.0,0.0,0,0
2.64055116953608,20.727739113330763,28.244156785955646,2,37.35944883046392,0.0,1,120
27.04839565099988,20.772739548629257,28.315036463985116,3,12.951604349000121,0.0,1,46
75.88594008151792,20.606227839590744,64.78361664232402,12,0.0,0.0,0,0
54.566093854749006,23.610771045216545,95.0,9,0.0,0.0,-1,5
34.20375184784356,28.464697902325444,35.50446107006559,5,5.796248152156437,0.0,0,17
77.27586095897337,21.242913052307014,53.883342578887735,16,0.0,0.0,0,0
45.952231139249776,25.430042325535876,55.58766547600975,5,0.0,0.0,0,8
43.71474942027417,36.41221562200961,40.460210024985685,23,0.0,3.4122156220096116,0,8
85.372206073845,37.70684916244378,75.33685901013847,8,0.0,4.706849162443781,-1,0
35.09915326584076,37.302839761532596,89.54501545836962,11,4.900846734159238,4.302839761532596,-1,11
61.149134953697626,17.230577387226973,39.24133566929145,1,0.0,0.0,0,2
18.80865786503353,38.04233320055965,81.21908134897461,0,21.19134213496647,5.0423332005596535,-1,51
25.99727325791918,28.55018394416329,40.15918274027898,3,14.00272674208082,0.0,0,42
48.58247459426296,28.467818153293734,32.5354319929445,4,0.0,0.0,0,7
74.95353719290311,34.17341908889914,47.49199621753096,2,0.0,1.1734190888991378,0,0
89.81649223717015,32.220754797423375,65.64230593458977,10,0.0,0.0,0,0
52.05725304800751,16.787931758070336,48.124009387052304,16,0.0,0.0,0,5
35.45602272083342,24.325202802439115,63.280286834804954,16,4.543977279166583,0.0,0,13
63.29485838416623,25.803588866950726,54.0783624270679,19,0.0,0.0,0,2
12.953449309012374,20.018401258157567,74.3511965223953,14,27.046550690987626,0.0,-1,56
91.49241395077387,33.982941224798324,59.551715704510706,3,0.0,0.9829412247983242,0,0
49.28675807490127,36.63357764724518,77.54991006034037,21,0.0,3.6335776472451826,-1,6
10.86543355949737,27.936627806147328,34.563337847439826,20,29.13456644050263,0.0,0,87
34.47484079793905,29.79155681411117,46.337791924639326,6,5.525159202060948,0.0,0,16
35.82451905409193,27.932305088315083,49.97237718170202,20,4.17548094590807,0.0,0,12
64.20871065904433,28.594920272315637,34.630152523807965,12,0.0,0.0,0,1
74.57881375321186,34.706091827450585,31.872165740170832,9,0.0,1.7060918274505852,0,0
78.59124567745023,17.40700868371729,56.877971040422345,3,0.0,0.0,0,0
54.00665948440475,30.91661970175943,61.97447853171264,22,0.0,0.0,0,5
32.01706669375907,28.071122176234375,52.02744333286552,15,7.9829333062409304,0.0,0,23
25.549019694486553,23.71916967894055,69.06239290230602,10,14.450980305513447,0.0,0,43
56.73465181412601,24.979884730091694,30.140300197369093,18,0.0,0.0,0,4
50.952233235157195,38.99422290846144,42.96090471540713,18,0.0,5.994222908461438,0,6
73.35850023035387,20.034995232605283,28.762593933804492,12,0.0,0.0,1,0
29.38000903123331,26.988656556174934,52.50894737885364,5,10.61999096876669,0.0,0,31
91.06032773059313,37.77692068447301,58.78161547767105,10,0.0,4.776920684473012,0,0
63.68182849902265,20.37922154607358,74.15314673990282,14,0.0,0.0,-1,2
36.129872391578836,25.263008138017227,28.809374189940808,4,3.870127608421164,0.0,1,13
82.62773293199301,28.25385630662472,56.70359637108764,2,0.0,0.0,0,0
74.141570532212,30.47596173746132,75.85002821887602,22,0.0,0.0,-1,0
74.20515787927349,27.51812596891604,31.96959549383838,13,0.0,0.0,0,0
23.150666872795444,22.6278187649572,27.7475540060538,14,16.849333127204556,0.0,1,60
49.52511420687037,30.684415022133354,23.459594995751726,10,0.0,0.0,1,6
99.41340690499976,27.396383258066948,61.24059315943346,19,0.0,0.0,0,0
38.407819310739704,31.766536342332365,36.94140535468266,8,1.5921806892602959,0.0,0,10
21.628172416873046,33.54216443313425,58.60496300591008,0,18.371827583126954,0.5421644331342534,0,63
69.57107034839821,19.08256272438557,46.10921854341366,18,0.0,0.0,0,0
47.026930309336166,34.198778808653984,82.41625334690433,6,0.0,1.1987788086539837,-1,7
31.26454705831978,26.472224866453075,64.18150244315056,18,8.735452941680219,0.0,0,26
38.08630074066623,32.951264823532135,35.53143176661905,11,1.913699259333768,0.0,0,10
26.760185255331976,30.963234789949524,44.56235949659514,8,13.239814744668024,0.0,0,39
37.172801503362344,39.124493559049256,64.18163041326116,12,2.8271984966376564,6.124493559049256,0,10
22.522711048184966,28.03752444763184,30.764504593368663,10,17.477288951815034,0.0,0,52
69.12630188398172,25.58010671313564,71.2789894696714,9,0.0,0.0,-1,0
51.924904180881256,24.922203061750615,45.496040528700334,6,0.0,0.0,0,6
16.21257285540391,21.777435779567583,64.56037798383446,8,23.78742714459609,0.0,0,71
80.96326786347143,32.848611797041016,46.469903569024716,7,0.0,0.0,0,0
44.60195501625966,21.391483202956962,40.57082405445732,10,0.0,0.0,0,8
19.10844396054932,32.79596924038204,37.62526921672412,23,20.89155603945068,0.0,0,62
82.17815884956744,26.65901599023671,81.18277123252611,8,0.0,0.0,-1,0
69.2420559765564,17.42064831082149,44.687875912614075,14,0.0,0.0,0,0
30.65018359171669,36.92962930020853,95.0,0,9.34981640828331,3.929629300208532,-1,22
20.233223003023966,10.0,52.73301457790749,0,19.766776996976034,0.0,0,59
43.92478315402158,27.50944726246202,34.68578749798411,16,0.0,0.0,0,8
71.62633928268937,29.40375221574087,21.465187138331363,16,0.0,0.0,1,0
61.901511187298354,14.163711954607502,72.19009683543042,18,0.0,0.0,-1,2
30.158281853592918,30.647522523024215,46.51284742295542,13,9.841718146407082,0.0,0,29
20.758648839481346,23.981272437907926,64.80830930163859,7,19.241351160518654,0.0,0,57
51.099821714078864,26.508887609875078,91.80096853682338,2,0.0,0.0,-1,6
52.8343716453424,36.05806368907944,62.03904706081159,23,0.0,3.0580636890794395,0,5
60.15095288659709,28.856320728887027,56.07138123159046,4,0.0,0.0,0,3
87.08406880094715,25.896620311647528,72.07350273005315,23,0.0,0.0,-1,0
41.37053531387097,26.977242455529485,64.47407923020735,6,0.0,0.0,0,9
25.525549368599044,38.656620764847084,27.270631052776434,13,14.474450631400956,5.656620764847084,1,59
21.533557754278046,30.427679327295444,73.98772542151934,2,18.466442245721954,0.0,-1,38
89.35078283608043,22.697423498304406,49.17277384378578,19,0.0,0.0,0,0
23.69265142474995,25.070096684997242,77.74441250408593,9,16.30734857525005,0.0,-1,34
77.89073591153627,20.859571096073047,59.12683166208934,13,0.0,0.0,0,0
64.84577980370489,25.28973916837198,71.44791036004241,3,0.0,0.0,-1,1
35.90121250356032,37.64736129757937,45.95696022207789,6,4.098787496439677,4.647361297579373,0,14
44.16906619245246,27.001997785550152,22.688483070345697,9,0.0,0.0,1,8
39.26880912520873,19.97792279098207,60.146832402804776,1,0.7311908747912668,0.0,0,10
59.933480878408815,30.585564598751304,67.58333437266396,17,0.0,0.0,0,3
74.64363734354713,25.64453177276746,39.97522182565193,8,0.0,0.0,0,0
81.45801825583726,31.368460311693685,46.34050463334134,17,0.0,0.0,0,0
31.96714414060835,26.545607393672533,15.0,4,8.032855859391649,0.0,1,28
93.29608195446004,36.67162195493161,47.20465009032385,0,0.0,3.6716219549316094,0,0
41.91459341858306,22.53612399162575,27.491859989854003,22,0.0,0.0,1,9
79.97966490516914,21.009026623646072,59.31002146554395,5,0.0,0.0,0,0
33.80880650571632,33.625602347928094,56.028608632873,23,6.191193494283681,0.6256023479280941,0,21
63.83430902323886,15.978665359710345,50.273606345818045,16,0.0,0.0,0,2
81.745168128245,26.968402638782553,73.80768853062563,12,0.0,0.0,-1,0
61.656697283712816,32.80368524364611,54.337365925019796,15,0.0,0.0,0,2
86.5774627538204,14.833622077745968,53.48217450652673,13,0.0,0.0,0,0
15.51474563909842,28.387858458708102,55.78919436786232,9,24.48525436090158,0.0,0,73
36.59627641159206,19.02430865569712,39.50940877012867,22,3.403723588407942,0.0,0,10
46.05104195217778,16.930934060358524,67.84490614256427,1,0.0,0.0,0,7
83.80091177049565,21.60435323576392,33.50546109341394,17,0.0,0.0,0,0
62.832077624636455,26.89964511910658,57.60957220722602,14,0.0,0.0,0,2
36.12601926431421,23.764746756934766,71.93627980165382,3,3.873980735685791,0.0,-1,10
35.292072667289744,34.64240049032721,31.52346776394348,15,4.7079273327102555,1.642400490327212,0,16
94.11992450599737,28.49431804223988,25.837049176811643,22,0.0,0.0,1,0
48.11074906562812,25.06626338609879,31.205693795133904,7,0.0,0.0,0,7
40.83972935506534,20.140576705826113,82.7070045020847,13,0.0,0.0,-1,9
14.108968232280459,29.344654535040636,39.03247244685928,9,25.89103176771954,0.0,0,77
52.812688761257284,40.35339360063071,28.39175229537519,0,0.0,7.35339360063071,1,5
42.80466656816087,23.78250101560639,56.594398190908024,1,0.0,0.0,0,9
64.03226986898669,24.48668923345837,15.0,4,0.0,0.0,1,1
60.10257276492498,21.635712367042593,32.817370126594085,15,0.0,0.0,0,3
34.76856035629847,35.10507615821473,75.45334891286659,19,5.231439643701528,2.105076158214729,-1,12
93.60562086419895,33.56203340021848,32.80338015037693,1,0.0,0.5620334002184819,0,0
53.65434309560132,25.322373746366882,45.305762631495035,3,0.0,0.0,0,5
63.491292099211684,24.40573489650031,55.29413218737384,20,0.0,0.0,0,2
56.88144339541801,22.33688126593025,55.30410864950471,20,0.0,0.0,0,4
16.447160798946587,26.264130123286915,40.41462593138934,12,23.552839201053413,0.0,0,70
17.265926514960395,34.119274168674316,59.83490413777357,18,22.734073485039605,1.1192741686743162,0,78
72.96214449404978,28.249150275697374,76.03203584029171,5,0.0,0.0,-1,0
40.31712231551662,35.72588381891621,30.89037299242581,0,0.0,2.725883818916209,0,9
33.80235987590215,23.67903338375443,41.280132893103044,21,6.197640124097852,0.0,0,18
62.3883693336052,14.123697551188792,48.10730520463141,7,0.0,0.0,0,2
66.94418009856385,43.6320126004965,62.59742743575709,8,0.0,10.632012600496502,0,1
62.61833368486841,29.28749908346384,50.596064178046596,12,0.0,0.0,0,2
76.7571076388465,32.67115673474738,47.71102032279273,14,0.0,0.0,0,0
34.437988529890674,23.27490812858242,22.111348997571987,1,5.562011470109326,0.0,1,20
37.03278272614383,19.824741165469117,29.604972735650687,14,2.9672172738561713,0.0,1,10
46.063813842828694,28.928490342317232,53.46818795112979,13,0.0,0.0,0,7
39.65529976820565,16.04985799214037,40.750890674529444,17,0.3447002317943486,0.0,0,10
14.070576526815943,26.397632432845654,43.8422778070791,23,25.92942347318406,0.0,0,77
7.1831589712415465,34.13386874307473,48.88627525342387,17,32.81684102875845,1.1338687430747285,0,113
79.06582021265139,30.690824256960155,92.15028622178714,14,0.0,0.0,-1,0
61.66034059587767,29.529412047568567,41.045342015614274,21,0.0,0.0,0,2
41.014314493000676,38.462436275656366,74.96513382969717,11,0.0,5.462436275656366,-1,9
79.83040875335664,30.252051343523053,73.64900208435063,1,0.0,0.0,-1,0
33.61944931771619,16.573443888820645,64.46768453234965,20,6.380550682283811,0.0,0,19
61.36129233254702,27.105579624010876,34.74603096932268,23,0.0,0.0,0,2
57.542566005327465,39.551907723927954,52.46925451597651,23,0.0,6.551907723927954,0,4
37.65862719078815,26.14337916715856,42.971172037743884,21,2.3413728092118475,0.0,0,10
57.35383672329295,39.184576160197764,86.25948995311724,21,0.0,6.184576160197764,-1,4
85.25988009100296,34.14186454270302,57.39175951207513,16,0.0,1.1418645427030185,0,0
18.0512414109787,25.549145066709176,46.1627344396464,0,21.9487585890213,0.0,0,65
15.808348922071925,21.517022038706806,82.12856401754595,17,24.191651077928075,0.0,-1,50
20.343215341877528,30.039362421529134,43.65493306227053,2,19.656784658122472,0.0,0,58
59.717765882010134,35.62300012798573,59.92895784770036,3,0.0,2.6230001279857333,0,3
34.57864256052537,18.528169182023483,62.64342915959773,14,5.421357439474633,0.0,0,16
83.87000361264997,28.722324920750385,56.252825840172775,22,0.0,0.0,0,0
66.37142676856305,15.751671026007173,48.08468513043637,5,0.0,0.0,0,1
72.62052777340276,25.962454036996036,65.07538633993963,3,0.0,0.0,0,0
43.65551305665763,18.07160312754575,38.66093720018726,12,0.0,0.0,0,8
61.339791914341454,31.37341485088082,70.0465231328719,8,0.0,0.0,-1,2
56.97493156176584,23.866012141456185,44.934544116561824,20,0.0,0.0,0,4
82.65722639961216,34.94821763395076,74.0803130778327,4,0.0,1.9482176339507618,-1,0
71.8325540105098,24.757049658118692,68.83313236482329,22,0.0,0.0,0,0
48.307471285606645,24.210566545499212,59.88770747077423,6,0.0,0.0,0,7
89.95058338353338,18.309006886758887,48.37639506093526,8,0.0,0.0,0,0
13.342370352519245,30.34630004070611,69.84812865718011,16,26.657629647480753,0.0,0,79
87.69851680473775,30.952605708409223,60.27970179757374,20,0.0,0.0,0,0
54.335135169639855,33.638466156395204,15.0,11,0.0,0.6384661563952037,1,5
17.466726503021928,31.93120797430117,35.28117673134486,12,22.533273496978072,0.0,0,67
41.02674337095351,30.407618397786976,53.037305310167724,15,0.0,0.0,0,9
70.61439188209572,31.575106958816125,55.03507865701258,15,0.0,0.0,0,0
33.853483860837166,32.18098719961455,62.72883564874941,18,6.146516139162834,0.0,0,18
61.268685744875896,33.44594094138327,77.87923878115348,3,0.0,0.44594094138327023,-1,2
27.438699344172118,18.834566786313523,60.559775750245336,22,12.561300655827882,0.0,0,37
33.34870443789437,25.229091620559025,15.0,1,6.651295562105631,0.0,1,23
68.54604880067288,18.261655814599468,53.55762488895293,5,0.0,0.0,0,0
49.49128477604286,29.992802448471505,71.88446496194435,18,0.0,0.0,-1,6
27.160820771865907,37.77975700193872,52.00858231236148,6,12.839179228134093,4.779757001938719,0,44
38.58532666743938,33.37804818089091,53.66207430377388,14,1.4146733325606178,0.3780481808909073,0,10
80.1297889318721,24.357684788451486,41.10350200985146,3,0.0,0.0,0,0
68.68621490356912,31.032481069659802,67.08600686774626,19,0.0,0.0,0,0
60.469232714280565,30.093641066533735,43.64282145100669,7,0.0,0.0,0,3
73.09855490917148,29.398777936975677,60.67141611957825,2,0.0,0.0,0,0
70.88972082583078,20.179925048070164,57.713797939102655,2,0.0,0.0,0,0
34.18730575231204,35.89081355809168,50.975964588586585,4,5.812694247687958,2.890813558091679,0,20
72.7914882106143,20.9314581069734,58.713686829260936,17,0.0,0.0,0,0
58.145352191910646,25.799538811406777,53.63010488846211,1,0.0,0.0,0,3
86.31775322278106,33.754850627789175,72.9915916444231,14,0.0,0.7548506277891747,-1,0
83.42925964395708,25.75950264122577,62.18095025768238,15,0.0,0.0,0,0
46.452372195642766,28.475809358074446,68.71500511834313,7,0.0,0.0,0,7
8.724301902642585,28.71763646288008,36.249528625296705,14,31.275698097357413,0.0,0,93
55.64607722233295,28.39548041714265,35.120857157156955,7,0.0,0.0,0,4
37.84306835416837,28.69033163085856,51.12882847702228,10,2.1569316458316266,0.0,0,10
66.70373635042304,29.283512227320035,63.49022721264335,0,0.0,0.0,0,1
25.8925221648789,28.448215727344262,59.5664650954451,3,14.107477835121099,0.0,0,42
74.80219172507326,22.627072063040565,36.47718370043267,2,0.0,0.0,0,0
85.59004677775121,18.699746796056854,64.05011918472215,0,0.0,0.0,0,0
44.556349805551825,33.98877361713228,38.69887700506218,8,0.0,0.9887736171322814,0,8
86.6352868665159,34.26267250510759,62.129314257170385,6,0.0,1.262672505107588,0,0
48.587326134072434,30.02484089434047,55.157962787158056,6,0.0,0.0,0,7
92.40083782779558,29.974737051950683,45.94781897901305,0,0.0,0.0,0,0
59.275353460663716,22.508870833017152,40.352402275538324,18,0.0,0.0,0,3
78.5810269383092,13.368487908316514,52.39725000490263,22,0.0,0.0,0,0
61.93780276993689,26.507869145120996,51.49485351195719,17,0.0,0.0,0,2
66.41045551193952,16.615886886129104,31.16184445781657,4,0.0,0.0,0,1
54.36251469314924,29.10639817771694,60.837322657280204,18,0.0,0.0,0,5
64.24073739556682,35.82543506630404,70.82031312513553,6,0.0,2.8254350663040384,-1,1
94.42707161630557,24.303168624413292,65.49038597248563,7,0.0,0.0,0,0
33.85604418215049,24.64782760092849,55.67063144278154,19,6.143955817849509,0.0,0,18
28.151535600852064,21.965034285202677,41.90114416319837,5,11.848464399147936,0.0,0,35
94.27898751596511,28.26551224364611,52.32095918452662,23,0.0,0.0,0,0
62.784152946277224,27.800618057765142,47.633690320151,20,0.0,0.0,0,2
60.44286528627533,21.885216658002445,52.237421410418484,14,0.0,0.0,0,3
4.295381164819119,33.475447209504516,66.85597784053935,12,35.70461883518088,0.4754472095045159,0,120
40.59815467061884,44.21421883728944,48.055645412165866,6,0.0,11.214218837289437,0,9
73.33525395654017,35.139153109629675,16.928052534265973,15,0.0,2.1391531096296745,1,0
22.523400417201294,27.336374669952534,64.39184882653183,10,17.476599582798706,0.0,0,52
90.71745773848004,27.264744781016127,57.149720542989215,15,0.0,0.0,0,0
38.643600749724165,24.91864472172371,52.69845496410569,1,1.3563992502758353,0.0,0,10
46.9349773054179,24.794962403380556,28.861231343778808,8,0.0,0.0,1,7
7.6511319627938725,33.74893985576904,35.01828758922757,2,32.34886803720613,0.7489398557690379,0,111
32.795887200799896,34.01024170011296,37.123029334259904,9,7.204112799200104,1.0102417001129567,0,24
39.29769796500272,20.982822938314488,39.4933571704926,17,0.702302034997281,0.0,0,10
16.247150360939408,30.19789247454458,41.177929710699665,2,23.752849639060592,0.0,0,71
52.23188447093221,34.6667524654014,28.72908478665073,19,0.0,1.6667524654014017,1,5
35.468791695546486,25.89890788063196,88.72974893272576,19,4.531208304453514,0.0,-1,10
44.33125151492342,26.73079711260321,77.0376663923619,6,0.0,0.0,-1,8
68.15926041082196,32.17589605988586,54.98895909675295,4,0.0,0.0,0,0
70.90713993860184,32.34650750114207,49.3941670271325,17,0.0,0.0,0,0
72.34442328031432,30.574349977552565,82.8775571892895,18,0.0,0.0,-1,0
62.877184962182874,29.525372531242706,79.22777014559854,15,0.0,0.0,-1,2
74.3360155624626,30.331525563017678,36.68148672558365,3,0.0,0.0,0,0
18.051258993439596,26.333696254891695,54.458176018412914,12,21.948741006560404,0.0,0,65
77.05984663981283,21.293703908278196,46.7167183408138,6,0.0,0.0,0,0
33.89979242314098,18.660313149551147,45.15165789681084,6,6.10020757685902,0.0,0,18
78.4596772692925,31.573368580053277,47.02151816550271,13,0.0,0.0,0,0
29.338645273013686,28.649182511551018,48.457980697082284,23,10.661354726986314,0.0,0,31
94.65534652839492,30.73311750415062,53.79325492779948,4,0.0,0.0,0,0
44.9521535990169,23.026724250708707,53.89521454028849,5,0.0,0.0,0,8
75.80337159417925,28.61551566251066,75.88724950712071,5,0.0,0.0,-1,0
44.70395810228664,28.4718401564093,35.47598632540756,5,0.0,0.0,0,8
27.198839826644083,35.67404391236758,67.40455192193457,22,12.801160173355917,2.67404391236758,0,44
49.36332755311653,33.11052958825425,30.649792730908,2,0.0,0.11052958825425208,0,6
28.06657615406364,23.5602371500515,54.26321195424933,4,11.93342384593636,0.0,0,35
29.014653155836807,31.027317656077727,68.78029670558553,15,10.985346844163193,0.0,0,32
48.911262011699755,23.518651205152914,60.24253161594987,8,0.0,0.0,0,7
86.85842242914164,12.322120770670347,44.30530347418551,21,0.0,0.0,0,0
25.91743899716471,38.3557063722264,55.12632702539934,14,14.082561002835291,5.3557063722264004,0,48
80.92288471376878,25.750421479461863,79.74120424228917,3,0.0,0.0,-1,0
78.48282179154816,34.23677870593273,39.349397387885226,11,0.0,1.2367787059327284,0,0
85.77676417683479,24.031941685438884,60.197956777644464,2,0.0,0.0,0,0
76.54067275187204,23.155909404304168,67.37156751313518,10,0.0,0.0,0,0
22.2640473719442,24.720442804093665,43.015557096565516,21,17.7359526280558,0.0,0,53
3.2401348795150873,29.51589594710441,81.23667547755895,11,36.75986512048491,0.0,-1,77
84.49198139031753,29.056879404055316,87.3180672430063,15,0.0,0.0,-1,0
20.458629458628792,30.986180171924794,69.69254506923252,9,19.541370541371208,0.0,0,58
73.92823309766302,25.02178644146367,69.73077149207428,23,0.0,0.0,0,0
19.096854291523883,28.242562434272838,18.883357340952507,14,20.903145708476117,0.0,1,75
25.36119200931275,22.940973061100117,26.223371467415472,17,14.638807990687251,0.0,1,52
22.94172728016527,36.81578735509591,48.48000168868597,19,17.05827271983473,3.8157873550959067,0,58
18.45254121402019,20.115996155824092,38.160440744092654,18,21.54745878597981,0.0,0,64
33.43963550406424,23.068176199013898,61.265802108032304,22,6.560364495935758,0.0,0,19
30.12729691880151,25.459454685278402,15.0,11,9.872703081198491,0.0,1,35
59.6110443358737,42.33359115681925,61.149327735455394,3,0.0,9.333591156819253,0,3
77.56944007335608,32.60098808349814,46.836662004122694,5,0.0,0.0,0,0
31.369366054336705,22.878523530240667,40.24764822682763,5,8.630633945663295,0.0,0,25
77.12789540534057,32.933146588625966,84.31870914332853,13,0.0,0.0,-1,0
73.41267515932992,31.094979488382602,44.45479984601205,2,0.0,0.0,0,0
26.3927866319845,29.642466897966514,20.89826290024556,8,13.6072133680155,0.0,1,48
36.081874820319605,32.17488441630832,58.225299246366205,17,3.918125179680395,0.0,0,11
76.39105045514192,28.348429132973347,56.87910168588006,11,0.0,0.0,0,0
87.93400860077813,29.024786363443507,46.869125318343535,8,0.0,0.0,0,0
71.7094732724624,18.682435323751,92.32325932686273,12,0.0,0.0,-1,0
12.213662933287187,36.658593599171084,53.78178312180133,3,27.78633706671281,3.658593599171084,0,95
32.05037321734056,25.314969482293964,68.26623924209336,0,7.949626782659443,0.0,0,23
94.13023621955494,20.576645440736367,55.81521991379729,17,0.0,0.0,0,0
22.862133857750543,24.97405825342466,72.87019715012872,14,17.137866142249457,0.0,-1,35
93.82150546548907,25.215673841922587,44.044213515150446,16,0.0,0.0,0,0
46.77366362713109,23.192587611670636,30.858471448428936,8,0.0,0.0,0,7
65.2301264906589,32.66589939974354,63.783303607127,5,0.0,0.0,0,1
92.75631722012065,33.845158721996434,55.38687435464445,19,0.0,0.8451587219964338,0,0
68.15709318398466,16.244803435268217,64.31400209911136,17,0.0,0.0,0,0
19.0325763581047,24.911344540785898,38.899200219987925,1,20.9674236418953,0.0,0,62
37.35850571596055,25.341371783876053,58.64341080527716,23,2.641494284039453,0.0,0,10
64.11298401070398,26.967127842584087,21.30305263738037,13,0.0,0.0,1,1
89.89775696414459,38.237902063494495,41.36385638421683,7,0.0,5.237902063494495,0,0
27.99126512927544,23.11852809346886,37.31617475042911,8,12.00873487072456,0.0,0,36
89.04255240811774,37.37447283212269,58.92728492523928,13,0.0,4.374472832122692,0,0
33.86584050333411,27.122742358222133,41.284093711444825,2,6.1341594966658874,0.0,0,18
50.25701545686506,37.43036620515927,25.28911127434899,1,0.0,4.430366205159267,1,6
53.4047462350489,26.13425827813448,39.771639742000936,9,0.0,0.0,0,5
66.39852738163361,25.4315097917192,60.772795001700516,22,0.0,0.0,0,1
62.56270745484455,27.864175992739025,52.35949946726142,9,0.0,0.0,0,2
5.732444851400862,35.753504297741614,36.58850305763043,20,34.267555148599136,2.753504297741614,0,118
51.828993540232545,28.949898064687403,65.10584927684742,18,0.0,0.0,0,6
65.5606843541822,29.25551492374869,78.17732584640827,20,0.0,0.0,-1,1
70.6830237911603,31.820186148597717,66.35890324642301,3,0.0,0.0,0,0
27.174220160403934,22.721660218243247,15.0,23,12.825779839596066,0.0,1,46
40.06020547836286,30.020128650981935,54.268789400158894,19,0.0,0.0,0,9
41.58866735525334,24.231111576575834,47.44698255345054,20,0.0,0.0,0,9
68.6643791294863,36.82759206247397,15.0,1,0.0,3.8275920624739683,1,0
56.33511525626953,30.5119724815043,26.77253548406679,6,0.0,0.0,1,4
92.0878609888503,32.156358874915554,64.38318439554156,12,0.0,0.0,0,0
79.33353391225128,15.764038368473448,53.34206530879359,15,0.0,0.0,0,0
10.435989693077389,32.24039155282383,51.451436688938685,15,29.56401030692261,0.0,0,88
18.777014882209237,26.934755599295475,38.298327771536705,23,21.222985117790763,0.0,0,63
25.46808947043571,19.377051462740173,69.48112695870644,0,14.53191052956429,0.0,0,43
72.64921869251856,28.569876055977733,27.863556296317594,6,0.0,0.0,1,0
67.31872405669459,18.890273137596346,34.0173046488629,1,0.0,0.0,0,0
47.61622227248265,31.666171481783227,44.28037686891225,12,0.0,0.0,0,7
71.14096768801159,36.60382622513843,22.536753094155756,6,0.0,3.6038262251384268,1,0
55.3181068623719,17.25658511728849,34.13011113785576,14,0.0,0.0,0,4
70.19608259731683,27.820109927476896,69.10827352475556,9,0.0,0.0,0,0
71.76383624584804,27.010655609800665,34.80283249614196,6,0.0,0.0,0,0
39.08024711204442,16.062574185125502,64.05577158548267,8,0.9197528879555819,0.0,0,10
70.17040071490622,33.49902403418387,61.42911695799229,15,0.0,0.49902403418386854,0,0
48.00067313575988,31.754262609420874,46.96815418985268,23,0.0,0.0,0,7
82.48719200514503,40.15653069881519,24.45918591275218,4,0.0,7.156530698815189,1,0
25.855006617703346,30.977004532488564,51.1414557691489,4,14.144993382296654,0.0,0,42
68.3432583023999,22.726001545702918,15.0,23,0.0,0.0,1,0
31.382042181008835,31.08601563481405,40.47976233068573,21,8.617957818991165,0.0,0,25
28.84744055696259,35.70884259510931,54.37861298445385,21,11.152559443037411,2.70884259510931,0,38
38.108312319113864,25.210780850397544,65.65175414389073,22,1.891687680886136,0.0,0,10
24.90253266906335,33.11448402124051,47.26851749331384,5,15.097467330936649,0.11448402124050716,0,52
53.19042920365642,13.87054487224529,39.05657871241025,4,0.0,0.0,0,5
28.492933880441658,36.85040204994816,37.615640610833026,15,11.507066119558342,3.8504020499481584,0,39
44.173707964329815,32.80232797509708,41.570593084689044,18,0.0,0.0,0,8
74.00983425231435,12.733783203833013,61.234395710855736,19,0.0,0.0,0,0
38.25971884293579,30.295936296763774,56.301647734023,23,1.74028115706421,0.0,0,10
28.35283706319649,16.080979902922643,49.60367892371103,21,11.647162936803511,0.0,0,34
18.113846582622678,24.33348996237923,61.340646009049024,5,21.886153417377322,0.0,0,65
29.965455590023737,32.073208376491294,50.00961074120337,7,10.034544409976263,0.0,0,30
51.65496138025151,27.183843424869632,25.972831828894734,12,0.0,0.0,1,6
15.959336791952614,35.539676785409675,30.01416420874404,7,24.040663208047384,2.539676785409675,0,82
83.4515410588037,28.382407696461957,60.83021148098819,18,0.0,0.0,0,0
90.68295947657809,27.775301903416203,25.2682881604651,19,0.0,0.0,1,0
28.979748843626492,34.59096869786605,43.14244935722417,17,11.020251156373508,1.590968697866053,0,38
55.24944788411494,25.974420355793114,47.945226659812946,0,0.0,0.0,0,4
30.523918151491454,27.84900219303959,31.399531897742573,19,9.476081848508546,0.0,0,28
58.00735539277226,28.640014154219134,19.98066317198502,6,0.0,0.0,1,3
61.919528188468,27.594992050603807,28.85414652583938,8,0.0,0.0,1,2
29.020331486916916,34.96130769984524,17.42486779342351,13,10.979668513083084,1.9613076998452428,1,45
34.5247908828173,23.999189347244055,61.009365425449914,2,5.4752091171827,0.0,0,16
70.10393050434202,23.018162001534265,57.15452225893872,17,0.0,0.0,0,0
96.03180603474598,21.629917685058665,36.32670323336633,16,0.0,0.0,0,0
44.77674353131713,15.149007570508925,25.387643075904993,10,0.0,0.0,1,8
31.77263576168141,36.90245247040324,70.99328075800287,8,8.22736423831859,3.90245247040324,-1,19
87.49866054959256,22.5952800478382,57.92623163650098,6,0.0,0.0,0,0
68.34094622654014,26.568428445832545,38.821322475095215,15,0.0,0.0,0,0
46.77209482607479,37.3479165862628,71.36819806763276,23,0.0,4.347916586262798,-1,7
15.37890214482103,27.14867778550664,52.476882275732216,11,24.62109785517897,0.0,0,73
42.928306116664785,31.086426538048013,55.72425972650903,23,0.0,0.0,0,9
56.645733471547246,19.47644448654944,31.24447321796113,11,0.0,0.0,0,4
72.87695536273152,36.3901268594361,22.707708885808415,0,0.0,3.3901268594361014,1,0
41.610687051213304,27.270411730360973,21.73875926055656,21,0.0,0.0,1,9
57.07872685981575,21.890233899690582,87.49459956260068,8,0.0,0.0,-1,4
60.55265705424158,21.885856080090498,35.10368400306291,15,0.0,0.0,0,3
15.141583018919643,38.13985521682126,51.17312256539131,11,24.858416981080357,5.13985521682126,0,85
74.29141985274757,24.482937562182638,58.27303328148596,14,0.0,0.0,0,0
34.24881968484403,22.020433142256074,49.62518350225383,18,5.75118031515597,0.0,0,17
26.958715991260107,25.401583234864876,47.22349067841136,23,13.041284008739893,0.0,0,39
47.52778594463567,28.272234405048295,46.82211895060396,23,0.0,0.0,0,7
50.939957003090065,28.910916647907882,58.63903067619684,6,0.0,0.0,0,6
62.94271176195962,30.666145592614612,31.283545307819946,0,0.0,0.0,0,2
52.677238202779954,29.408566235836854,42.070332216171366,16,0.0,0.0,0,5
48.466967688787626,31.88283229078458,15.0,4,0.0,0.0,1,7
78.76634165707632,26.36352072138266,16.465158279558786,8,0.0,0.0,1,0
78.5117931352616,40.433076958003284,26.635114645240364,18,0.0,7.433076958003284,1,0
33.02229092383138,25.069359112686744,65.3674425861727,14,6.9777090761686225,0.0,0,20
21.439912716451563,36.11436262984938,45.09135598919425,14,18.560087283548437,3.1143626298493814,0,64
71.08395158630962,24.4059257583139,62.553333987887775,19,0.0,0.0,0,0
27.22726854875323,19.43339623290612,56.92793852344958,15,12.77273145124677,0.0,0,38
22.01473388663987,17.99746809852547,54.68172849546379,22,17.98526611336013,0.0,0,53
47.73514543220478,29.823704499399994,33.00642964075335,4,0.0,0.0,0,7
83.02130659132861,34.971753949845905,51.34887365855657,10,0.0,1.9717539498459047,0,0
50.69280449698302,21.093871568762914,54.58064196537636,10,0.0,0.0,0,6
42.25202154857357,22.735033194704542,89.61222334392993,19,0.0,0.0,-1,9
87.98992710688937,30.316769265548395,43.77178280664139,20,0.0,0.0,0,0
72.47098106137128,27.984748029979365,63.17995036209151,8,0.0,0.0,0,0
50.489720495358185,24.48611627584214,47.770171616922426,22,0.0,0.0,0,6
32.24503770831698,20.324426192487806,37.359483752695056,15,7.754962291683022,0.0,0,23
16.323609238141714,29.854453624025897,65.65162756049199,5,23.676390761858286,0.0,0,71
55.190726784239644,31.917588711993908,84.04851807864019,21,0.0,0.0,-1,4
27.662386527255872,30.950496780340007,54.71609054175383,4,12.337613472744128,0.0,0,37
49.196899334032466,28.159081552022958,37.70539019355216,16,0.0,0.0,0,6
64.98807580215798,21.665770936711546,58.41484179976332,22,0.0,0.0,0,1
46.16998578844871,29.88732772624829,55.02965337403888,16,0.0,0.0,0,7
60.60584147553302,29.43896892538223,89.897075759807,12,0.0,0.0,-1,3
32.74577470779821,20.120709101979863,63.359051556131696,20,7.254225292201788,0.0,0,21
17.108949211047772,26.185950726233017,33.195454880856005,4,22.891050788952228,0.0,0,68
39.42847322046278,30.19858203395037,72.9444802926717,6,0.5715267795372228,0.0,-1,10
17.93029549724679,27.530557815402002,63.95648010250741,15,22.06970450275321,0.0,0,66
23.86370442544279,16.23679428626625,66.8371322889619,17,16.13629557455721,0.0,0,48
38.17672785355083,24.157877109329053,58.00805689226105,6,1.8232721464491704,0.0,0,10
15.177132590862055,23.75874038505653,68.14940714186653,15,24.822867409137945,0.0,0,74
7.927057475053983,31.355763133816954,57.93122076358159,18,32.072942524946015,0.0,0,96
79.58704999064332,43.59030043500543,45.4212062804706,13,0.0,10.590300435005432,0,0
28.082629139837707,28.803791219632803,52.41593612505062,3,11.917370860162293,0.0,0,35
50.264271348132624,20.812195694089215,47.91287537026678,23,0.0,0.0,0,6
65.98901580255082,27.03696384504785,56.14495192004709,8,0.0,0.0,0,1
78.37486754693992,28.06380794470611,51.42996299186421,9,0.0,0.0,0,0
15.87407063885779,32.53957238442919,44.337528368882275,13,24.125929361142212,0.0,0,72
63.747065405707644,35.45273153178508,46.73106561652014,5,0.0,2.4527315317850835,0,2
84.94716342671545,36.346107017709876,49.935213749602624,1,0.0,3.346107017709876,0,0
77.61122454621515,31.2233752207572,17.940570850488122,20,0.0,0.0,1,0
21.448256138122392,27.99524425032556,68.43976221123313,18,18.551743861877608,0.0,0,55
68.32850753456478,36.900412033955,56.26272390137099,4,0.0,3.900412033955,0,0
77.4364119181498,25.914986804702647,38.993199645297906,12,0.0,0.0,0,0
65.1780048142926,28.326877399530765,60.6415016340909,17,0.0,0.0,0,1
34.80861753019136,26.539377372614823,40.85402548561004,23,5.191382469808637,0.0,0,15
46.8182515206262,15.212249928202024,40.853474413840125,22,0.0,0.0,0,7
72.50459328165411,35.63054316090819,56.743459206232686,1,0.0,2.6305431609081893,0,0
74.02995270043522,32.053115250076786,75.7512226700151,19,0.0,0.0,-1,0
62.74605190613504,13.779942578617433,55.03775027640718,3,0.0,0.0,0,2
24.271623311269508,34.010524499361146,36.03422729887146,15,15.728376688730492,1.0105244993611464,0,54
70.59324175852215,26.17937617183291,43.667362991753905,14,0.0,0.0,0,0
16.93382613705794,33.9312762144753,65.28285130764442,22,23.06617386294206,0.9312762144752966,0,79
7.568274479628509,28.454740478520623,57.27703693279123,13,32.431725520371494,0.0,0,97
33.46080155409534,19.855964510963368,67.27049265614296,11,6.53919844590466,0.0,0,19
17.746800635315118,28.158121105626492,57.08222731828596,14,22.253199364684882,0.0,0,66
58.37426363170471,22.60928544683443,63.87497476487968,1,0.0,0.0,0,3
56.770276205406546,20.662689855122505,86.23392628353008,0,0.0,0.0,-1,4
60.302597800082715,33.2021740049734,25.658238829734174,17,0.0,0.20217400497340066,1,3
14.826130565276985,30.34927359872812,93.32858567242468,11,25.173869434723017,0.0,-1,52
34.15853325505782,36.98541266409825,66.85683766709829,17,5.841466744942181,3.9854126640982486,0,20
27.43377845698824,25.633690083402115,95.0,11,12.56622154301176,0.0,-1,26
35.09366186983358,22.222579618934045,32.301465572573505,20,4.906338130166418,0.0,0,14
19.390505007316737,31.832826500155843,56.88412699483696,7,20.609494992683263,0.0,0,61
24.94634978925486,22.997908218024293,52.8687779676976,9,15.05365021074514,0.0,0,45
80.19643976308724,26.138830873593424,65.90372245331821,6,0.0,0.0,0,0
48.08746361817195,31.15057261075535,58.45558408360675,3,0.0,0.0,0,7
53.17848393001636,27.244326194199,56.43923727787746,2,0.0,0.0,0,5
38.696281081524205,25.06761413124412,64.02059605712677,2,1.303718918475795,0.0,0,10
63.76506856886023,19.584027221591825,48.07742695189803,2,0.0,0.0,0,2
86.90753317514233,33.62134843427372,40.71506858008244,8,0.0,0.6213484342737203,0,0
14.853452024119854,25.789438843176796,58.158490216095096,10,25.146547975880146,0.0,0,75
53.763550946354336,31.708557720057918,40.67940366111848,19,0.0,0.0,0,5
74.01016179952437,30.915955480970197,47.74042854090847,19,0.0,0.0,0,0
36.35497744805585,34.547722277574074,24.060030523006013,12,3.6450225519441517,1.5477222775740742,1,15
70.28177328041984,26.58658991522772,51.00666638259116,14,0.0,0.0,0,0
85.64458911224186,25.91368738538547,33.28440228147054,4,0.0,0.0,0,0
67.60099318754419,21.35038910704292,49.406409411694916,6,0.0,0.0,0,0
79.22440396680607,24.7440951519389,30.451503110307343,5,0.0,0.0,0,0
38.24364611361655,30.046980765225697,49.65202615905863,11,1.756353886383451,0.0,0,10
40.46486810488119,23.097673265683692,66.19470788195986,8,0.0,0.0,0,9
15.718247493058865,29.894721873244627,39.27487067346824,5,24.281752506941135,0.0,0,72
41.14318930510639,36.80375214888219,33.20077640575819,11,0.0,3.8037521488821895,0,9
33.26694974347382,25.328726552840376,64.069536727745,2,6.733050256526177,0.0,0,20
45.79139049096635,20.113782945480736,66.43898476592456,20,0.0,0.0,0,8
57.292812043844386,25.519593086197695,57.63057906101878,18,0.0,0.0,0,4
30.34952636072772,19.464040092890002,41.62185106401548,23,9.650473639272281,0.0,0,28
89.06772942765564,36.00534121602196,38.66565526262118,6,0.0,3.005341216021961,0,0
32.915442282952135,28.509108014533147,44.03325702769726,14,7.084557717047865,0.0,0,21
88.54049352853755,23.629277597508132,48.93504781139278,19,0.0,0.0,0,0
63.56432831997091,24.64086291639083,18.942314678267675,9,0.0,0.0,1,2
47.988607931864394,20.90732155713612,32.303304894553875,22,0.0,0.0,0,7
63.00343172073125,34.06684107174003,72.5156697739029,4,0.0,1.0668410717400292,-1,2
22.639332712759007,39.0231772604656,53.73370410638724,4,17.360667287240993,6.0231772604656015,0,59
23.34493059131466,19.03544318300154,72.08565003970645,12,16.65506940868534,0.0,-1,34
60.49275681467894,34.259565735655535,68.28217377927132,8,0.0,1.259565735655535,0,3
21.58526657327996,26.52489557799786,44.37583228522701,14,18.41473342672004,0.0,0,55
48.27355882277672,35.60494212482768,44.64769038040576,20,0.0,2.60494212482768,0,7
36.28813130047936,16.997031075690753,67.39813286215093,7,3.711868699520643,0.0,0,11
48.91002614060554,29.352368197469623,63.65568983628073,17,0.0,0.0,0,7
14.906833073104467,25.55260313730017,67.77347459060474,7,25.093166926895535,0.0,0,75
36.32713673844448,31.95453427461809,49.756493979151514,1,3.67286326155552,0.0,0,11
77.46570663462659,28.366851263332013,52.566438027382304,19,0.0,0.0,0,0
60.70189831315581,28.13353607851111,45.39990763615673,12,0.0,0.0,0,3
53.41956795517634,27.36408062522845,49.03756737505882,15,0.0,0.0,0,5
45.743163828522995,37.37379323649082,37.65841945991221,8,0.0,4.373793236490819,0,8
13.242602487549652,26.950157708301944,48.65385962934325,10,26.757397512450346,0.0,0,80
45.88763090413258,33.18569948417862,47.11983522911517,19,0.0,0.18569948417862037,0,8
40.094053465500856,31.77108003386593,41.742676159116115,13,0.0,0.0,0,9
29.550967706353276,33.33285464126085,64.2406620493058,3,10.449032293646724,0.33285464126085174,0,36
37.34785761590284,21.91149732187483,24.615730021015494,12,2.6521423840971607,0.0,1,10
57.03570199103728,32.2430383980105,56.07386935826753,3,0.0,0.0,0,4
69.88213949362087,30.02121661723117,33.409572899219086,4,0.0,0.0,0,0
15.683799905222232,20.863260796574917,34.7386727599295,23,24.31620009477777,0.0,0,72
46.214738297028255,26.725625735988714,36.28145997794855,20,0.0,0.0,0,7
64.30901206849661,41.76567744756659,58.4750977402155,20,0.0,8.765677447566588,0,1
87.81928051150261,25.649161361492325,15.0,2,0.0,0.0,1,0
30.669016859173343,25.794101407247013,53.036608110863284,23,9.330983140826657,0.0,0,27
49.02434079112689,30.704260595486765,50.81816820463283,5,0.0,0.0,0,6
19.309064005034077,24.754776782251078,32.537075426181104,4,20.690935994965923,0.0,0,62
65.08132807591339,28.842719059074373,53.279798163515224,13,0.0,0.0,0,1
77.077833162765,25.30654521804102,28.161469457257994,9,0.0,0.0,1,0
74.53094473560571,30.41431666787258,49.21223021185093,11,0.0,0.0,0,0
71.68263553154478,27.628676887027844,27.48219769748474,20,0.0,0.0,1,0
51.909497790910855,39.71195677368715,86.90603570593542,14,0.0,6.711956773687149,-1,6
48.09105892292745,28.27604175701646,65.50530485432259,7,0.0,0.0,0,7
63.484745071765744,26.664334469496723,54.43639507357311,22,0.0,0.0,0,2
67.59816452399592,34.176617500905785,32.806773578677735,16,0.0,1.1766175009057847,0,0
62.60391206528174,19.653493189846323,45.04047029539002,6,0.0,0.0,0,2
79.77352353660824,38.15033523804807,45.784550461686855,1,0.0,5.150335238048072,0,0
73.3191910285372,22.069115579238762,54.35421093665363,3,0.0,0.0,0,0
62.647472850819106,35.15468571888601,57.1739016349019,4,0.0,2.1546857188860074,0,2
74.45543419923133,36.73965845806186,54.047763772752525,2,0.0,3.739658458061861,0,0
23.562246947633525,24.84516230751891,56.16152487653782,22,16.437753052366475,0.0,0,49
69.39236317763014,25.421722519896274,46.942693729246635,1,0.0,0.0,0,0
67.5476899507627,27.344931915771063,56.16432948953148,22,0.0,0.0,0,0
81.11403016003419,31.729278329534047,38.51718660236744,18,0.0,0.0,0,0
50.449995278054956,22.011651165628454,30.857020054374548,1,0.0,0.0,0,6
39.47335983722735,27.34464300087527,83.26185292736172,10,0.5266401627726509,0.0,-1,10
73.34081280783246,26.119451387008592,57.48811562806801,0,0.0,0.0,0,0
25.583943594337367,21.092125436060478,82.50955847529829,6,14.416056405662633,0.0,-1,30
35.693141460698605,21.72997436344699,45.054657522424144,6,4.306858539301395,0.0,0,12
70.32560686571233,28.76948156688622,93.39290203646723,16,0.0,0.0,-1,0
47.43098267662342,28.663152123016836,51.432880258791364,4,0.0,0.0,0,7
53.58799966495579,23.416136652120304,70.62727775000312,18,0.0,0.0,-1,5
83.10117409258943,28.475452169442754,50.59135833362474,16,0.0,0.0,0,0
53.30301699696173,24.1182834360434,52.96860597169996,22,0.0,0.0,0,5
62.55562859583308,35.84254606697307,47.9264002747715,13,0.0,2.842546066973071,0,2
40.045909450406356,27.382108700474554,41.12955254416634,9,0.0,0.0,0,9
9.647276888852401,34.58520990777077,67.64436092488165,17,30.352723111147597,1.5852099077707678,0,104
6.0192472912610855,17.843862298613672,49.84049993225993,16,33.98075270873891,0.0,0,101
75.15457884905743,29.936594947485858,64.94785999283157,5,0.0,0.0,0,0
30.37738869858338,31.576472546617254,66.26829464672662,6,9.622611301416619,0.0,0,28
12.447769619424118,27.172699783497208,75.45809669430565,15,27.55223038057588,0.0,-1,57
45.961712655183554,24.76687924920979,57.581085603903105,20,0.0,0.0,0,8
76.03294324821432,27.0766932930221,22.802518682414544,12,0.0,0.0,1,0
41.4941022914227,32.45479105315903,44.23629619423314,21,0.0,0.0,0,9
52.467215133536996,20.736800378265464,49.546377049994526,13,0.0,0.0,0,5
88.11164853245937,32.202938826444594,50.223470624801365,15,0.0,0.0,0,0
22.02938887819465,29.910194236423525,73.73111655734745,8,17.97061112180535,0.0,-1,37
19.23931071816893,26.43524522980048,70.45208769398198,15,20.76068928183107,0.0,-1,43
60.858843555851095,26.691624065922817,47.39154237150875,1,0.0,0.0,0,3
33.079127390576915,28.371161034303256,93.7417040707673,15,6.9208726094230855,0.0,-1,14
14.980915445241388,37.95171742992925,43.72097128608641,9,25.019084554758614,4.9517174299292535,0,86
70.29976217901681,30.088014667445027,45.18156096942563,14,0.0,0.0,0,0
50.10761919204858,22.343847073342772,30.33683130587568,23,0.0,0.0,0,6
65.8925623899946,25.388211017453912,21.93501667425835,10,0.0,0.0,1,1
34.40240824755793,21.132531023658004,28.758663524311473,16,5.597591752442071,0.0,1,20
19.15039361560091,16.66127028114699,68.24381157001882,17,20.84960638439909,0.0,0,62
20.5223866752349,21.02717334055246,63.34703618761411,4,19.4776133247651,0.0,0,58
76.08006578998388,28.72045817699631,34.096091786610494,23,0.0,0.0,0,0
64.47373064111305,35.64374468489497,51.797825342311256,13,0.0,2.643744684894969,0,1
53.98213842675247,33.97464039264029,64.51644590300745,17,0.0,0.9746403926402891,0,5
50.21417359382213,21.068435285874767,15.0,3,0.0,0.0,1,6
22.35123237863047,23.2140998502742,81.89980372260166,7,17.64876762136953,0.0,-1,37
55.8412686761671,22.367896760620816,68.94566635910044,22,0.0,0.0,0,4
95.86451856451978,12.510343326680038,64.5892647415367,12,0.0,0.0,0,0
29.76084922118715,26.994154284755595,71.63746081819524,0,10.23915077881285,0.0,-1,21
82.5654883415171,32.819529729165424,15.0,14,0.0,0.0,1,0
71.1659305872897,26.485657677900324,46.065703938709845,20,0.0,0.0,0,0
76.62814136154552,20.39310069026494,72.65064790110304,1,0.0,0.0,-1,0
94.08918244265703,22.92911050517742,49.873471031516246,4,0.0,0.0,0,0
28.51040236189885,26.02691920250791,63.36817896432199,11,11.489597638101149,0.0,0,34
19.75046483203666,32.62132009569527,76.0671469217374,9,20.24953516796334,0.0,-1,42
61.57847583810017,26.903092228656025,62.66522034130686,2,0.0,0.0,0,2
67.24619149468936,31.809455838539208,45.361232785450035,4,0.0,0.0,0,0
27.00783647226664,27.511951970000617,60.3627145348176,12,12.99216352773336,0.0,0,38
78.27819156787646,29.42073388618971,19.92199572143172,14,0.0,0.0,1,0
60.31615208219938,22.358985188828804,58.82632280572708,2,0.0,0.0,0,3
71.20868566740509,23.884931177686802,63.49344255114381,17,0.0,0.0,0,0
22.596833387602473,20.465142004650538,52.717098124712074,8,17.403166612397527,0.0,0,52
80.68671715920077,31.609932480222707,70.90753542240897,23,0.0,0.0,-1,0
92.89926490237649,26.252889221037268,55.015304160472276,22,0.0,0.0,0,0
51.94778500124567,10.0,52.64516362272269,14,0.0,0.0,0,6
53.855292881098926,30.88692650438716,82.9819276425537,0,0.0,0.0,-1,5
49.84177128981461,33.84484765540164,32.75891219773185,3,0.0,0.8448476554016366,0,6
63.66111410437232,23.129736740782015,75.05840926883226,6,0.0,0.0,-1,2
10.563245541049485,30.881709794259166,73.63336094540719,10,29.436754458950517,0.0,-1,61
50.11239328263065,26.74163371293418,65.2153157179097,8,0.0,0.0,0,6
73.34853396286859,15.29307718380865,42.718769602949834,18,0.0,0.0,0,0
29.745816420131654,39.717805598490585,56.168520473953734,14,10.254183579868346,6.717805598490585,0,35
79.09849899406103,26.77768222030943,35.52273205726854,7,0.0,0.0,0,0
96.60921844690446,29.208494900524382,39.881956089269394,23,0.0,0.0,0,0
82.38658892529386,24.252453947469654,52.36596492640639,21,0.0,0.0,0,0
52.655172138640296,26.22681897312374,34.094847540328146,15,0.0,0.0,0,5
63.255223066479594,28.96997441601292,45.80003440265437,5,0.0,0.0,0,2
35.71671408128786,21.744762091812213,30.163963755291544,21,4.283285918712139,0.0,0,12
97.46756141044986,38.163788278200045,61.752643495265616,17,0.0,5.163788278200045,0,0
17.132297107195107,33.0288805476644,79.42749342852412,3,22.867702892804893,0.02888054766440007,-1,55
88.41406164622913,31.100971236397456,89.54453883361475,4,0.0,0.0,-1,0
78.6932517356714,27.14930605862805,31.396649919954292,6,0.0,0.0,0,0
29.799394883921043,23.43268768914642,34.55920531048618,15,10.200605116078957,0.0,0,30
71.0365646753699,34.180537679474156,49.10048954309469,21,0.0,1.1805376794741562,0,0
48.42270547543609,31.66416046960627,64.80210240641196,3,0.0,0.0,0,7
50.61014163360254,25.60346552720021,48.34405101552939,0,0.0,0.0,0,6
45.26153863443343,21.492867309847966,69.39583993102643,16,0.0,0.0,0,8
45.89899869064299,18.544583980207094,61.63006208541171,10,0.0,0.0,0,8
67.1198922973166,28.17143328385628,20.231143382699347,1,0.0,0.0,1,0
84.85509643304033,26.506455150080633,53.04979716473461,10,0.0,0.0,0,0
10.584886785804013,35.113747225260255,29.748683992070074,0,29.415113214195987,2.113747225260255,1,120
21.119196656150567,33.95322715429447,41.87545806699531,22,18.880803343849433,0.953227154294467,0,65
13.211474992247723,28.233365835294748,44.630837146797454,20,26.788525007752277,0.0,0,80
74.72299829235543,27.513281812311323,65.38539829914538,10,0.0,0.0,0,0
53.77854579394097,21.08747645671258,51.509408320641064,19,0.0,0.0,0,5
25.483607040815848,34.36586504864961,43.64830379699953,21,14.516392959184152,1.36586504864961,0,50
47.436472260032694,27.6596206446693,89.76149790522614,0,0.0,0.0,-1,7
62.02222513293819,31.631685884015262,35.94484437951227,14,0.0,0.0,0,2
25.554505819025653,35.060824728553044,57.20690439449312,5,14.445494180974347,2.060824728553044,0,49
49.909461257865075,24.606354506786396,64.03212471115395,7,0.0,0.0,0,6
57.191027861489516,23.032505795387273,55.03859663555921,15,0.0,0.0,0,4
5.131413409814329,42.812234031684994,35.84013465936896,3,34.86858659018567,9.812234031684994,0,120
69.60807425202505,31.566812686452966,34.921381058064156,22,0.0,0.0,0,0
83.5779215500039,26.32840924301454,63.173825625174246,11,0.0,0.0,0,0
65.68930065741013,35.43937452161435,70.81522215845713,20,0.0,2.439374521614347,-1,1
50.38483116714458,26.150458327490703,51.05687375983686,0,0.0,0.0,0,6
47.907103876477215,29.952912305152946,28.283244230609426,18,0.0,0.0,1,7
36.23075905017476,24.59060040641,52.18110476550361,8,3.769240949825239,0.0,0,11
66.05936439264985,27.89817697443806,79.2633901786246,16,0.0,0.0,-1,1
71.15426963048002,26.355579212487825,33.88596579895318,12,0.0,0.0,0,0
30.921943666254965,23.488714491182844,46.277843257289064,13,9.078056333745035,0.0,0,27
53.355186631740835,29.45717494537082,53.038318214141796,13,0.0,0.0,0,5
44.83303454439199,24.168428911423877,71.58237373610896,11,0.0,0.0,-1,8
79.68731210490533,31.45592224807138,42.46128420067849,10,0.0,0.0,0,0
67.2988590570315,26.172734428115653,60.70824471062257,23,0.0,0.0,0,0
59.04025855168226,17.67940294829972,77.03170920796904,23,0.0,0.0,-1,3
27.333088711908456,31.725088545442656,25.321551576918253,14,12.666911288091544,0.0,1,45
32.130870250204865,31.825584976053577,28.393101089464736,3,7.869129749795135,0.0,1,28
47.07981562699713,41.521312035311176,50.30494576794493,1,0.0,8.521312035311176,0,7
62.767166806845154,28.106331018138206,69.63819884476239,23,0.0,0.0,0,2
82.61466823503271,29.099929952063455,57.982451289441215,4,0.0,0.0,0,0
92.90726039072318,30.871539948987756,71.24638004511576,16,0.0,0.0,-1,0
30.97026994423079,34.11821287561037,21.351860675402254,17,9.02973005576921,1.118212875610368,1,37
87.49251167047568,33.743196039337455,58.21609876861474,19,0.0,0.7431960393374553,0,0
55.19001604584965,29.91271229723361,15.0,7,0.0,0.0,1,4
92.92648108095223,27.802148184287404,75.87555317206379,15,0.0,0.0,-1,0
42.741447225799135,33.05597092576536,73.3902216834081,10,0.0,0.055970925765358004,-1,9
61.02573779133723,27.552404158529924,46.07783422234331,5,0.0,0.0,0,2
64.19738834077616,20.26499169744965,15.0,17,0.0,0.0,1,1
68.23579292192497,18.992650871796968,48.22964281091784,18,0.0,0.0,0,0
71.61350054648186,26.240411243176325,72.08531481895716,12,0.0,0.0,-1,0
12.496948703665604,28.719814211969602,59.43829113878671,20,27.503051296334398,0.0,0,82
28.802285945373434,42.8321754416307,85.26940478765705,14,11.197714054626566,9.832175441630703,-1,27
45.2889805678827,27.27984685823573,46.6513634349941,18,0.0,0.0,0,8
33.88196558666346,28.27960327341199,88.52882270697572,18,6.118034413336538,0.0,-1,12
28.596102733294277,25.574002906569007,15.580159262180892,20,11.403897266705723,0.0,1,41
21.489715868616262,31.712835655875494,38.311517506358165,15,18.510284131383738,0.0,0,55
71.27695311873701,29.682058441855926,28.65754418533772,1,0.0,0.0,1,0
60.564368039388285,24.1699806326963,65.22392693337429,23,0.0,0.0,0,3
13.703740203882381,21.931236917632283,30.164369542516997,23,26.296259796117617,0.0,0,78
55.5744185211765,25.585798808679524,70.09099291991264,17,0.0,0.0,-1,4
37.602028640495384,22.939773553351703,64.32140269340923,22,2.3979713595046164,0.0,0,10
60.466984746881835,26.61303417811851,55.21200901827541,4,0.0,0.0,0,3
95.05400726434304,28.84887872819204,49.920934840681916,21,0.0,0.0,0,0
24.05731907804639,24.992838867308915,32.996144312874975,3,15.94268092195361,0.0,0,47
59.730317064050155,36.72699330447591,62.761624118111754,15,0.0,3.7269933044759114,0,3
37.065905978207105,34.9563687732086,42.75599636552835,12,2.9340940217928946,1.9563687732086024,0,10
37.019758135209926,26.62265411289977,65.66880332447364,20,2.9802418647900737,0.0,0,10
21.9302060774218,22.215002579866926,78.80391746915652,12,18.0697939225782,0.0,-1,37
53.96895221772059,27.821237467999314,46.27555503691291,14,0.0,0.0,0,5
35.47065436808398,27.19768991420119,75.60420365208086,7,4.529345631916023,0.0,-1,10
49.435907155931645,27.62330526619328,55.253894977232854,11,0.0,0.0,0,6
29.696953519633922,25.611849211548762,62.57586524692233,8,10.303046480366078,0.0,0,30
93.7173047508244,21.703623039702013,28.036232060630255,22,0.0,0.0,1,0
70.16030674299957,28.209337070687727,39.47200202831365,13,0.0,0.0,0,0
60.69224329878126,25.894811701667027,39.2763399655951,4,0.0,0.0,0,3
67.08524385966274,26.428387886190357,76.05980026907525,1,0.0,0.0,-1,0
46.535837453344875,28.563766884049215,45.51488921095031,20,0.0,0.0,0,7
96.58234970681596,27.583849555394877,63.142332027043125,14,0.0,0.0,0,0
61.85730238853887,28.43331971660444,50.463162637272234,10,0.0,0.0,0,2
32.028773811668906,25.616898219444398,45.406539284229794,6,7.971226188331094,0.0,0,23
43.23953459534622,30.160868747771907,25.332956636016565,7,0.0,0.0,1,8
89.07606722185297,23.693204903408915,17.465783483007435,14,0.0,0.0,1,0
24.78230727117674,21.472350556154048,45.73237514231511,12,15.217692728823259,0.0,0,45
6.79867872625159,22.660125628154972,46.780537650234514,12,33.20132127374841,0.0,0,99
38.81153029105825,23.93986297624589,36.01194368414873,15,1.1884697089417529,0.0,0,10
82.06311779328409,20.27319064054118,54.44151216541602,22,0.0,0.0,0,0
79.92229913578751,17.843759658106606,87.17564269516225,4,0.0,0.0,-1,0
72.15460195427596,31.020765434416333,78.70225324362893,15,0.0,0.0,-1,0
20.716867983319027,35.64545921494488,51.52703945811925,18,19.283132016680973,2.6454592149448786,0,66
20.754511035921617,31.34622449674033,52.15197057962897,11,19.245488964078383,0.0,0,57
29.08521361050791,25.101418607898104,62.63247566884868,9,10.91478638949209,0.0,0,32
68.07637074694871,17.701383427568715,55.53243063441247,12,0.0,0.0,0,0
55.836099013607246,29.151663721206763,62.663782104161804,16,0.0,0.0,0,4
9.136550445606975,18.356159082773715,56.04346863017681,8,30.863449554393025,0.0,0,92
56.55799400072309,27.48004393256022,52.77280995867656,3,0.0,0.0,0,4
80.6081742475446,23.202522538192746,39.34258628950984,2,0.0,0.0,0,0
94.43579526191694,14.316432017410959,57.36982668474374,1,0.0,0.0,0,0
38.902180856825204,36.88320462011756,15.0,21,1.097819143174796,3.88320462011756,1,10
20.66208211922217,20.465176613588874,55.6134750483625,3,19.33791788077783,0.0,0,58
37.2060615485548,25.865253730714876,15.0,15,2.7939384514452,0.0,1,10
42.13608874807474,27.22617627262885,55.6279680402503,4,0.0,0.0,0,9
93.68684856121024,25.177295986076363,33.23098110578482,12,0.0,0.0,0,0
23.08891562754698,30.787481053480416,73.85033022237207,18,16.91108437245302,0.0,-1,35
84.42519144719309,23.554177628982966,52.45597216030487,3,0.0,0.0,0,0
39.57650902655778,30.291449454529413,50.879456331007276,11,0.4234909734422203,0.0,0,10
55.18436477207839,29.911029577594586,58.15437667160482,10,0.0,0.0,0,4
50.97057281389558,19.733489796791382,35.29686617202668,18,0.0,0.0,0,6
85.10294957419161,29.415043170975377,71.04497166398,13,0.0,0.0,-1,0
62.31779765425147,21.676165898145936,63.33504680734937,17,0.0,0.0,0,2
52.556564626647784,21.006155399221953,40.93848594866144,14,0.0,0.0,0,5
42.221454963134406,29.743375514213266,31.798974795321804,5,0.0,0.0,0,9
68.26523981855865,25.549877482486266,43.27611650839975,13,0.0,0.0,0,0
65.16411908337744,30.237626044920493,48.06201421501552,21,0.0,0.0,0,1
37.503423571183994,30.290429555236457,30.474914195749513,9,2.496576428816006,0.0,0,10
38.48333443679166,19.431967786982376,41.776505044482775,18,1.516665563208342,0.0,0,10
55.110518495041546,32.443707337625206,39.35204010912628,15,0.0,0.0,0,4
67.0053414541244,29.71009835752074,46.359615924513385,2,0.0,0.0,0,0
56.894609473848135,24.48017337331902,46.50334536765843,2,0.0,0.0,0,4
23.563062406665384,27.184756153830666,58.785776436448714,13,16.436937593334616,0.0,0,49
15.047843725889265,32.614856016292904,50.562384734305,4,24.952156274110735,0.0,0,74
61.824642398482965,26.082333610376267,57.23719856061606,9,0.0,0.0,0,2
48.002613057300465,40.69155687268893,54.47927877061533,10,0.0,7.691556872688928,0,7
51.01873681962119,36.944157978825245,46.491593574101685,11,0.0,3.9441579788252454,0,6
9.094065764428773,28.700701135022264,62.307014132259816,17,30.905934235571227,0.0,0,92
55.32346214279321,26.632075057479398,15.0,8,0.0,0.0,1,4
27.081121198723945,26.891959123898634,43.54184837629046,2,12.918878801276055,0.0,0,38
83.05000918342279,24.396079646609643,39.72815140587906,11,0.0,0.0,0,0
32.49683897864136,28.75133018364861,52.14870666079564,20,7.503161021358643,0.0,0,22
22.730694568399766,32.1252796072412,38.58196515709477,8,17.269305431600234,0.0,0,51
77.48758202737753,19.903131379902252,59.880200641293555,18,0.0,0.0,0,0
11.146754070874627,31.85667448893701,63.0560017079998,11,28.85324592912537,0.0,0,86
22.424878314910707,33.60130643913089,25.087965452564127,4,17.575121685089293,0.6013064391308873,1,72
89.44628335846727,31.433061171709287,54.02295379832152,13,0.0,0.0,0,0
41.928392384134625,27.220331137316133,26.94385228049781,11,0.0,0.0,1,9
75.79505863925732,31.18378315322788,58.63392558994313,17,0.0,0.0,0,0
10.773442784175352,35.79568594093655,41.60227589232591,16,29.22655721582465,2.7956859409365507,0,100
30.08759993642696,27.65083484660385,35.52412011628938,3,9.912400063573038,0.0,0,29
35.089160076397455,28.141661108478672,19.21193014157541,1,4.910839923602545,0.0,1,17
38.806551384125385,40.7952694189937,48.340702146812085,3,1.1934486158746154,7.795269418993698,0,10
45.631880534682864,29.843462709019224,29.155986881675435,16,0.0,0.0,1,8
73.71571271348843,21.95623617298367,23.296115879127616,11,0.0,0.0,1,0
9.1486580991411,33.23782749810817,53.347329788612456,9,30.8513419008589,0.2378274981081674,0,106
7.813792216484059,30.411651408232,67.44639537005911,11,32.18620778351594,0.0,0,96
34.63483032132216,24.067497841323036,57.100501780815364,0,5.365169678677837,0.0,0,16
38.459944651907435,21.37628683513951,24.242255533431567,13,1.5400553480925652,0.0,1,10
95.90368205838425,29.431587153478546,47.53790788289956,3,0.0,0.0,0,0
72.38564744684147,27.63939418309359,62.25014959234964,14,0.0,0.0,0,0
92.70661257057029,20.534501246637653,47.54496674241696,3,0.0,0.0,0,0
51.53299935211007,27.469157441678036,55.85957200509141,6,0.0,0.0,0,6
91.53481604974151,27.091368921693938,42.129315209159365,22,0.0,0.0,0,0
92.04357273246654,27.625513107420492,43.075476341801185,15,0.0,0.0,0,0
60.1736215716275,30.94953805959243,38.12696403480483,21,0.0,0.0,0,3
22.54335405101195,17.42863872224944,61.016250609322356,11,17.45664594898805,0.0,0,52
11.004705960614606,21.32722822606198,62.15150152443283,17,28.995294039385392,0.0,0,86
64.0847171064196,25.078328005444845,40.00689307548406,11,0.0,0.0,0,1
39.43279441336108,35.95707451852732,63.58754920905681,15,0.5672055866389201,2.957074518527321,0,10
46.09111978993138,42.2066910150904,24.314458936375622,14,0.0,9.2066910150904,1,7
30.517888557940548,28.029057734885008,46.91978263165404,0,9.482111442059452,0.0,0,28
84.76994722769395,28.273269891638936,25.633900512568605,14,0.0,0.0,1,0
55.45047802274355,13.33980847364314,29.626548605737586,3,0.0,0.0,1,4
30.45045931497567,33.426774181361104,25.41806274404757,14,9.54954068502433,0.4267741813611039,1,39
40.26798763318951,30.697863720223243,38.19687330854014,2,0.0,0.0,0,9
48.1514122839296,29.698814973316075,61.15552017027527,19,0.0,0.0,0,7
47.498472470852334,20.522720584818334,48.5894907764378,14,0.0,0.0,0,7
84.20454958116488,39.87932777691484,39.489671013092774,11,0.0,6.879327776914842,0,0
38.84516931796831,37.123257634201366,46.876903436079154,22,1.1548306820316867,4.123257634201366,0,10
42.25924489427428,29.766121908999494,15.0,22,0.0,0.0,1,9
21.175492921035495,33.95196853714306,60.29267337375854,6,18.824507078964505,0.9519685371430597,0,64
20.12242856885374,28.306659741750284,15.0,22,19.87757143114626,0.0,1,71
66.12252937478084,32.926462334679016,37.26969869084217,10,0.0,0.0,0,1
94.73908884383336,20.156489153364628,48.58021260424403,8,0.0,0.0,0,0
70.45953672868161,14.35774447228258,58.019748905734915,22,0.0,0.0,0,0
74.39545594459598,20.383050870068708,54.30174739358665,21,0.0,0.0,0,0
56.60598315883132,23.161104451743874,49.109085804490945,20,0.0,0.0,0,4
29.146185913167443,24.13862479737449,76.23480682731577,10,10.853814086832557,0.0,-1,22
34.54766176779975,30.688676702710723,86.26740207519174,14,5.452338232200248,0.0,-1,11
46.19746105022482,26.45597020650743,50.12698744996003,23,0.0,0.0,0,7
82.80655290963908,27.828014941870215,48.19845657918657,0,0.0,0.0,0,0
41.568077725334426,20.89234127991432,47.12489125511844,22,0.0,0.0,0,9
68.68995860161033,20.373003707819457,39.004329002131826,22,0.0,0.0,0,0
55.64433244585515,28.246620241805886,56.76543806667896,10,0.0,0.0,0,4
10.934370341526684,24.747369768928024,72.88776482484151,0,29.065629658473316,0.0,-1,61
38.956957368107254,28.02739226842169,15.0,8,1.043042631892746,0.0,1,10
36.766579556511466,31.26639619111315,46.94609721950393,2,3.2334204434885336,0.0,0,10
60.975875014034905,37.8369167305331,76.79469956970219,16,0.0,4.836916730533098,-1,3
46.950211077638905,27.87728694648859,57.07699351683309,8,0.0,0.0,0,7
74.90643878832701,38.880063401598136,57.44831017625977,8,0.0,5.880063401598136,0,0
38.31325375544892,30.437648945265863,21.18360763331284,13,1.686746244551081,0.0,1,10
24.28151856597072,32.13701986824978,62.63828681457047,15,15.718481434029279,0.0,0,47
65.19167575792383,34.31851061160922,68.16429758825642,3,0.0,1.31851061160922,0,1
78.31421331911926,32.31847947486804,53.59886187466192,10,0.0,0.0,0,0
88.49763264660241,23.18975906884745,38.200094763100765,2,0.0,0.0,0,0
84.09432160657492,34.49833024661564,57.97075090901116,12,0.0,1.4983302466156374,0,0
13.407475022346095,25.75550444676597,31.31862593189778,7,26.592524977653905,0.0,0,79
62.84601216696212,29.81013231803462,28.93650353507185,9,0.0,0.0,1,2
77.34247069246184,28.797107251807013,64.43841182511022,4,0.0,0.0,0,0
36.70034349985683,34.86457819396455,69.72464468241859,19,3.299656500143172,1.8645781939645474,0,11
86.54946244009767,30.358401301175554,36.63281338859845,6,0.0,0.0,0,0
56.005847697767116,19.683036967048977,29.024057139851553,14,0.0,0.0,1,4
28.633506739723263,40.5499405483835,34.19878174852253,15,11.366493260276737,7.549940548383503,0,39
68.79747387186015,33.00960311119703,53.55769630880765,16,0.0,0.0096031111970305,0,0
51.48739355900367,24.69704436691992,29.044374944302117,0,0.0,0.0,1,6
42.04065074780392,21.17620484248136,73.10901327793073,19,0.0,0.0,-1,9
52.85310714244521,33.69561668530101,41.63179582584854,15,0.0,0.6956166853010117,0,5
63.778714893374456,21.885602121514875,56.5932492309873,19,0.0,0.0,0,2
62.879465322271066,32.80430123509496,36.62240699686395,17,0.0,0.0,0,2
83.0649461173167,34.414497148161644,60.51242187492575,12,0.0,1.4144971481616437,0,0
56.85433603021398,24.10139406154123,61.98594516714973,17,0.0,0.0,0,4
59.91646248745427,23.566079215283423,19.799431282819796,6,0.0,0.0,1,3
41.7215180828327,25.17869568530699,37.76606060757383,8,0.0,0.0,0,9
51.91515375918735,22.06671924964757,47.1808133053472,8,0.0,0.0,0,6
50.43711924404528,29.377411343157938,40.546883606063965,9,0.0,0.0,0,6
69.52001256987093,30.233675749010303,65.6884485779357,13,0.0,0.0,0,0
16.30019886806211,32.36495281584099,39.250519575061006,17,23.69980113193789,0.0,0,71
70.41836336615633,23.000055443823605,62.86731892090971,5,0.0,0.0,0,0
38.12464353173389,33.0397562124491,58.72394312602274,7,1.8753564682661121,0.03975621244909888,0,10
85.56370686187452,22.07394370486306,48.05700753379005,18,0.0,0.0,0,0
92.32133990424984,33.03635396929161,63.61429458593729,18,0.0,0.03635396929161061,0,0
80.74833058566645,19.08004390253171,22.317297686362473,5,0.0,0.0,1,0
74.43891087767479,37.40643948414101,48.889540700527704,2,0.0,4.406439484141011,0,0
24.17162842418625,24.870901359316754,36.06377996799969,8,15.828371575813751,0.0,0,47
33.87189830161442,31.594533161330332,48.07550606266222,2,6.128101698385578,0.0,0,18
23.792772665978728,32.07076900087917,41.5506904866067,15,16.207227334021272,0.0,0,48
20.548863101894938,20.382794095857925,51.079717914649905,17,19.451136898105062,0.0,0,58
95.42651724399542,33.01079898555919,50.17075508324538,16,0.0,0.01079898555919101,0,0
59.31107996386162,24.695512424613398,52.497577917029254,8,0.0,0.0,0,3
17.608967438752128,26.16355827789409,53.21091093007692,9,22.391032561247872,0.0,0,67
31.13679155815543,23.97866643684322,60.32049123870196,11,8.86320844184457,0.0,0,26
61.699069888213884,37.682761438691415,27.342842954562023,18,0.0,4.682761438691415,1,2
65.69741999063258,20.98015149525021,59.16857542894675,22,0.0,0.0,0,1
85.28074930633672,30.581726683582744,22.772582316049075,21,0.0,0.0,1,0
38.620681378877386,24.25803266512227,15.0,8,1.3793186211226143,0.0,1,10
60.184782390849435,34.54643287609426,85.50433360998035,3,0.0,1.5464328760942578,-1,3
68.6275438460471,41.92812673762511,33.10089010723003,1,0.0,8.928126737625107,0,0
31.203491665599785,24.217928434592874,41.93530250698471,21,8.796508334400215,0.0,0,26
61.23815577809286,28.840352847475344,16.45285559219657,22,0.0,0.0,1,2
35.24621588379822,25.68878646457463,41.81981130433418,12,4.753784116201778,0.0,0,14
66.85792456378373,34.22842712504716,53.722319058738506,1,0.0,1.228427125047162,0,1
84.73389418034188,26.507789348850846,54.370010383114966,10,0.0,0.0,0,0
34.61592908701354,33.43313431836479,28.27796806288818,17,5.384070912986459,0.4331343183647931,1,22
87.25700981125163,25.613614432983454,42.014285101155096,19,0.0,0.0,0,0
16.107574396512707,41.46242499258146,56.63760005266635,18,23.892425603487293,8.462424992581461,0,82
92.57216153974368,14.850854831955585,54.29387727122515,18,0.0,0.0,0,0
38.17121512361127,30.261193608826026,52.30858382125328,2,1.828784876388731,0.0,0,10
43.361738317252716,27.936751899296382,63.68767842842084,16,0.0,0.0,0,8
55.51370073876114,27.719591388166606,48.03817789765633,23,0.0,0.0,0,4
74.38446086654344,29.71236535321323,75.06047909349702,9,0.0,0.0,-1,0
73.04494159152614,28.35060356547919,44.72335618511733,12,0.0,0.0,0,0
36.525415389643065,29.314230811750054,62.501331854227004,6,3.474584610356935,0.0,0,10
53.60262463543633,30.4486031443447,63.14215483120944,19,0.0,0.0,0,5
75.18465976040834,38.493886128869846,20.49525422926711,8,0.0,5.493886128869846,1,0
56.74612440907193,11.406521370614321,57.93627881392301,23,0.0,0.0,0,4
49.153923341298906,39.08247750641237,38.47749106262619,13,0.0,6.082477506412367,0,6
44.121027586601144,43.358788110109714,31.840698431247446,8,0.0,10.358788110109714,0,8
17.34456946886017,17.493523695120214,42.36031460122885,13,22.65543053113983,0.0,0,67
56.309801120402994,28.28713838619415,52.91039028649253,0,0.0,0.0,0,4
22.163022377609693,36.227755616760795,21.831843086694008,22,17.836977622390307,3.2277556167607955,1,73
64.81723565301118,33.51119942616223,50.48390553324441,10,0.0,0.5111994261622286,0,1
25.59701755201934,38.05725712405268,46.08361452275719,10,14.402982447980659,5.057257124052683,0,49
70.53149054234432,30.231659836671188,68.6872057587297,9,0.0,0.0,0,0
14.558050017565124,15.803239912051803,38.59625552802184,15,25.441949982434878,0.0,0,76
77.24947445057371,35.82777687251906,71.41680510878761,18,0.0,2.8277768725190597,-1,0
82.22831435153438,31.81285421189499,56.96237933366129,15,0.0,0.0,0,0
55.900809201515756,36.79806122233805,49.397154600910476,3,0.0,3.798061222338049,0,4
17.995415148976726,18.796060011104732,72.92590661131823,17,22.004584851023274,0.0,-1,46
62.982832508183684,20.70406192309037,84.60559340265942,15,0.0,0.0,-1,2
24.156682017116655,28.09873754030682,46.21012279277023,23,15.843317982883345,0.0,0,47
61.46414923544812,35.99856384535164,36.678432274121036,6,0.0,2.99856384535164,0,2
37.52923834543194,37.66953492349674,57.721722209811915,19,2.470761654568058,4.669534923496741,0,10
63.641929936013334,23.64552413552095,24.385409277269364,21,0.0,0.0,1,2
22.941049312365394,25.561367800074517,26.581474898635463,0,17.058950687634606,0.0,1,61
13.63495226400026,45.0,73.52370998190491,21,26.365047735999738,12.0,-1,63
33.04715703147773,24.683324215621607,60.29348105761162,19,6.952842968522269,0.0,0,20
45.40205678472699,32.05208549668704,34.55296556141112,19,0.0,0.0,0,8
39.284959116744766,25.28893901299539,95.0,23,0.7150408832552344,0.0,-1,10
52.180497220136644,30.848556557145272,25.12158367183462,4,0.0,0.0,1,5
72.88554340318656,22.802001155696193,61.155012511503585,0,0.0,0.0,0,0
30.87959838750569,22.97298509774502,35.663018839737326,14,9.120401612494309,0.0,0,27
20.70550380109457,25.775302204203772,82.05926730991649,14,19.29449619890543,0.0,-1,40
61.08995632479841,24.72869623010086,40.443291786301444,20,0.0,0.0,0,2
39.0038850023052,26.175299867696157,44.87696686325595,14,0.9961149976947965,0.0,0,10
12.074154279616794,31.155108558022352,17.442370586330128,2,27.925845720383208,0.0,1,100
11.688041936804314,39.34227080030276,87.4876247650109,12,28.311958063195686,6.342270800302757,-1,68
51.56767564677769,24.456969751252004,38.87689685616751,9,0.0,0.0,0,6
40.42184988724449,22.069204871991186,58.643390860538716,21,0.0,0.0,0,9
65.21855212394009,28.057055607093353,50.08505898377592,16,0.0,0.0,0,1
41.946567454214374,22.891921236688763,40.07378383211582,19,0.0,0.0,0,9
65.08975020197637,18.189200264688296,15.0,17,0.0,0.0,1,1
56.87854666324397,34.38559617412348,45.89054701770063,4,0.0,1.385596174123478,0,4
91.46176190187334,28.483038031240635,45.10968541932923,20,0.0,0.0,0,0
21.36061897536203,29.070960678113707,55.7378216645326,2,18.63938102463797,0.0,0,55
51.50763274133695,16.43701468373734,88.61842833372592,6,0.0,0.0,-1,6
40.38863355412953,24.491426594443368,61.60087602352487,3,0.0,0.0,0,9
58.34919438647794,19.504739390641454,65.47750636500935,2,0.0,0.0,0,3
42.47226627875968,27.877180617084253,44.5069135133153,21,0.0,0.0,0,9
90.35662755834201,28.80594951335899,26.361069791206425,3,0.0,0.0,1,0
72.17979069485224,28.801595696410423,44.973232136750894,2,0.0,0.0,0,0
64.2098942739877,23.99832433173856,36.779236798238976,2,0.0,0.0,0,1
25.497302954385333,22.882175918511948,49.09872435249725,15,14.502697045614667,0.0,0,43
11.995291916025792,26.840701715042037,41.10498646131319,5,28.004708083974208,0.0,0,84
66.83322815881766,30.142074496911924,19.801498276551573,16,0.0,0.0,1,1
92.25522617480286,24.524712210442495,72.80561786395802,6,0.0,0.0,-1,0
66.23491131985773,22.375561225426637,47.46583131176006,5,0.0,0.0,0,1
59.81345964133252,22.63172367766076,44.05934185888502,3,0.0,0.0,0,3
39.42244441412884,24.04942419651311,30.113966844260297,5,0.5775555858711598,0.0,0,10
45.753369497151795,25.2841035157835,41.442783114674256,5,0.0,0.0,0,8
59.18268634009104,21.4109119836235,34.46046470695322,20,0.0,0.0,0,3
46.22434868245148,25.326933681348468,28.508169019292502,12,0.0,0.0,1,7
44.73540204810753,35.41680541687528,52.92899223461678,10,0.0,2.4168054168752775,0,8
41.93071324670323,26.23296253942118,41.56120755055312,21,0.0,0.0,0,9
15.939178553585768,20.566901691589173,63.47484080124526,11,24.06082144641423,0.0,0,72
20.331585435843028,14.449039686772009,43.513565244183376,21,19.668414564156972,0.0,0,59
44.78558591895476,39.01832030334846,52.066195254019746,9,0.0,6.01832030334846,0,8
42.496095104743944,34.83591942413197,51.553149643941666,23,0.0,1.8359194241319727,0,9
40.74986906474941,29.70762793831936,56.926610412437014,4,0.0,0.0,0,9
81.9960639029621,34.97621937731928,34.85911118627002,12,0.0,1.976219377319282,0,0
77.58550671936631,31.16557433830657,66.1841032909179,10,0.0,0.0,0,0
76.02120606924004,27.54597893015555,28.75990487662912,21,0.0,0.0,1,0
49.28533098509007,20.55886967568041,50.76384992273482,6,0.0,0.0,0,6
64.6712120865957,39.451801133396486,28.311337939243614,8,0.0,6.451801133396486,1,1
51.0480596318736,25.37775364340269,47.82689340118244,7,0.0,0.0,0,6
61.575375757552564,25.705659168875854,66.03514433999703,14,0.0,0.0,0,2
71.88836482948834,28.22474070649359,59.998623337068,4,0.0,0.0,0,0
43.550220208746865,28.327728121564665,69.05401697259111,11,0.0,0.0,0,8
30.360589441751962,31.44824208748799,44.54194819938556,15,9.639410558248038,0.0,0,28
48.25515511345705,30.75752535915063,66.36065065400415,5,0.0,0.0,0,7
65.83106091620613,24.538818103062074,37.53993161610685,6,0.0,0.0,0,1
66.87892253361689,28.155320060552743,41.74798699929689,3,0.0,0.0,0,1
39.859976543687345,31.258470646081875,52.34061449411581,3,0.14002345631265456,0.0,0,10
32.05062606298171,24.028055058710265,65.30000392408873,22,7.9493739370182865,0.0,0,23
53.91984631723087,36.67992914964512,40.14784680419645,19,0.0,3.679929149645119,0,5
80.22181344478058,27.878488411106282,62.51247576389433,4,0.0,0.0,0,0
49.2592537981161,37.590854815968896,54.16137383715599,13,0.0,4.590854815968896,0,6
22.47390938011945,19.647186519553397,56.063838872995625,2,17.52609061988055,0.0,0,52
79.16029185595555,31.927773424993266,34.61669421644398,20,0.0,0.0,0,0
38.4271775836183,22.657782016323427,43.07526379664183,18,1.5728224163816975,0.0,0,10
95.9466829651229,24.193170342044727,48.31460420454436,18,0.0,0.0,0,0
49.25432353546744,33.42910671724646,56.07496093511168,7,0.0,0.4291067172464622,0,6
18.333654242484045,26.629136442354095,35.46659267498114,8,21.666345757515955,0.0,0,64
64.27026941610568,43.58447104859563,26.744421156683387,20,0.0,10.584471048595631,1,1
21.292808230504505,31.108167313887385,15.0,13,18.707191769495495,0.0,1,67
35.082973446309076,23.825345908407783,63.424599639423185,13,4.917026553690924,0.0,0,14
32.158005099795,31.118804055932245,66.9936098481177,23,7.841994900205002,0.0,0,23
38.87802982369942,26.576800103800963,15.0,19,1.1219701763005787,0.0,1,10
52.10681832732406,32.99230703306499,51.362074521311946,8,0.0,0.0,0,5
79.16775638743917,26.222879910072862,43.21159000412713,1,0.0,0.0,0,0
36.47281487869084,30.440059256724325,71.90655022143238,5,3.5271851213091594,0.0,-1,10
79.8375544660066,29.19059465841067,46.21524481259672,18,0.0,0.0,0,0
3.579133847831388,28.470572986233872,59.81919970046693,3,36.420866152168614,0.0,0,109
74.28717017650602,34.2507895556851,42.34573076587091,7,0.0,1.2507895556851025,0,0
41.17448130555883,17.180484736492023,37.63230031942244,22,0.0,0.0,0,9
24.543580484201858,28.585063294801053,63.81025024220557,10,15.456419515798142,0.0,0,46
60.12498676932179,23.792955050442472,69.41050134159362,5,0.0,0.0,0,3
51.63962214610225,19.908094517843743,27.15952448460303,13,0.0,0.0,1,6
38.45015627504696,22.97315500570962,70.56395073442911,22,1.5498437249530426,0.0,-1,10
4.530151405053959,24.28147653101654,32.45370848424294,5,35.46984859494604,0.0,0,106
96.80896832752764,26.5879761091859,15.0,14,0.0,0.0,1,0
39.456386663467576,30.02397609751463,50.194729987857585,19,0.5436133365324238,0.0,0,10
55.06470167990818,31.253759579735465,59.129069553098155,14,0.0,0.0,0,4
54.0034859665155,25.54559046621272,22.716842607926463,21,0.0,0.0,1,5
35.719090989314864,37.50773982973079,15.0,9,4.280909010685136,4.507739829730788,1,17
25.83729700304832,25.772019854404974,41.09374611507768,19,14.16270299695168,0.0,0,42
71.12053957095011,16.32126043790943,38.6858733891195,9,0.0,0.0,0,0
52.43918491218095,25.932451808847333,74.65309323827596,1,0.0,0.0,-1,5
95.1993718664163,28.282962056812877,50.21766148325453,7,0.0,0.0,0,0
43.36592828439054,10.0,63.221800440546765,3,0.0,0.0,0,8
61.08386361468063,35.24401549077912,53.77442535383011,17,0.0,2.2440154907791197,0,2
40.617398755915524,27.4055400069029,78.23648820535755,9,0.0,0.0,-1,9
66.79116416835403,21.085624978448095,33.949430087667,17,0.0,0.0,0,1
13.314704928206245,22.239222960282017,48.41683744037582,17,26.685295071793753,0.0,0,80
96.36394581346615,32.57034999633424,21.756729419199058,12,0.0,0.0,1,0
29.855502015461955,33.30352707074805,64.60511054509045,22,10.144497984538045,0.3035270707480535,0,34
47.408683528048,24.107404200255825,70.05242145447644,10,0.0,0.0,-1,7
88.83556567133208,19.86825029361087,65.70992402038728,16,0.0,0.0,0,0
47.68668378833488,28.78528324677072,47.75574098322952,15,0.0,0.0,0,7
30.85284068223958,29.886458579839935,23.190126234905662,17,9.14715931776042,0.0,1,32
59.71495889964166,31.391615976144937,48.44479590891919,11,0.0,0.0,0,3
49.48707779313578,24.62123585828551,37.80111464282312,10,0.0,0.0,0,6
45.2986374535616,27.267406855297015,66.60775400283356,19,0.0,0.0,0,8
21.973310963321527,28.120856709235046,42.31916542247259,21,18.026689036678473,0.0,0,54
67.88611393070737,33.80087081731044,41.93494413812643,1,0.0,0.8008708173104395,0,0
55.28109744676988,35.975821698368186,89.1316996885602,23,0.0,2.975821698368186,-1,4
50.300657919250526,37.604142980103674,64.3877589345094,21,0.0,4.604142980103674,0,6
55.96452351760991,35.81488309267741,69.36683226441431,14,0.0,2.8148830926774124,0,4
55.548564892106256,38.8807670456175,40.782093276656234,12,0.0,5.880767045617503,0,4
50.50176834204157,34.07896643869357,30.19352605072098,10,0.0,1.0789664386935698,0,6
46.016328641487505,24.463882709279495,69.20234171392018,12,0.0,0.0,0,7
33.23328415544382,37.201051506679974,76.85784979061422,4,6.766715844556181,4.201051506679974,-1,16
22.972140840640307,19.741477311606893,26.843128811394703,9,17.027859159359693,0.0,1,61
69.56778513838783,42.1867889648547,40.68516941155768,22,0.0,9.1867889648547,0,0
50.74135762614335,22.148587988722273,33.54335985435644,12,0.0,0.0,0,6
25.55100139756263,33.3258885925813,58.66550639887148,8,14.44899860243737,0.32588859258130043,0,49
70.68296303752312,36.665522745025754,69.55421820280291,5,0.0,3.665522745025754,0,0
15.82065460649652,30.75573965294652,43.370455268567405,18,24.179345393503482,0.0,0,72
16.000763725035878,15.697890855064157,43.31830735486443,11,23.999236274964122,0.0,0,71
58.48601188618523,22.31233641264688,15.0,13,0.0,0.0,1,3
38.7794841296845,30.140881461600028,32.82364741842298,9,1.2205158703155021,0.0,0,10
58.79203353854372,31.81372517041777,77.1316592378149,0,0.0,0.0,-1,3
5.698593557212349,26.927250336475886,58.86791016660794,7,34.30140644278765,0.0,0,102
71.9277920629514,28.44601208212028,66.67320852810778,14,0.0,0.0,0,0
57.165388430335916,19.186588666136004,43.42708822847973,5,0.0,0.0,0,4
66.2949205612767,38.64611380549174,45.084891081214025,12,0.0,5.646113805491737,0,1
76.33704627978133,25.732398011535892,50.335117209430784,20,0.0,0.0,0,0
39.32789833680989,32.732552358785924,55.83630081752344,4,0.6721016631901122,0.0,0,10
26.47568658541326,36.421372484570576,74.76876849597168,20,13.52431341458674,3.4213724845705755,-1,32
54.86949183776025,21.06974003080883,37.89045218419863,3,0.0,0.0,0,5
38.92265979068716,28.768092080971016,47.5144216720841,11,1.0773402093128368,0.0,0,10
76.86851994037418,29.667950381822013,35.721462661080096,15,0.0,0.0,0,0
40.791871681975316,26.451696233091432,15.0,5,0.0,0.0,1,9
30.469479993654552,33.56413103538467,66.56250943312696,5,9.530520006345448,0.5641310353846691,0,32
92.53594978334992,23.996534308112878,81.45414024344204,10,0.0,0.0,-1,0
71.5141122718599,28.32986547758446,63.77828552884161,0,0.0,0.0,0,0
47.92933053870795,25.77463067667989,54.1452057580887,22,0.0,0.0,0,7
30.13937901977897,41.95325775447299,83.36189704264132,6,9.860620980221029,8.953257754472993,-1,23
50.035869135013286,24.02320195931892,58.25979722423869,18,0.0,0.0,0,6
41.83580849076766,32.469675508486034,64.4494671352455,6,0.0,0.0,0,9
52.157000145949205,38.779843342374015,52.53750021152803,19,0.0,5.779843342374015,0,5
43.371499984834216,22.489808439808606,55.28658099552413,4,0.0,0.0,0,8
29.237761111763184,28.571997695024223,47.60686396106166,16,10.762238888236816,0.0,0,32
37.550701808015816,22.081522425659372,64.98644569218156,17,2.449298191984184,0.0,0,10
16.154251852241707,15.922479288920517,30.356916836588734,17,23.845748147758293,0.0,0,71
51.79242735816826,23.289895306873664,57.54668181542909,1,0.0,0.0,0,6
39.267022587140524,24.577820036423322,34.6451840782877,3,0.7329774128594764,0.0,0,10
89.92307853688366,24.934430108514746,59.17748214743708,20,0.0,0.0,0,0
70.89907482609543,26.202140989568424,93.09427973119338,8,0.0,0.0,-1,0
45.02511060841908,28.03676444632137,62.59732992278235,19,0.0,0.0,0,8
7.305742522267579,20.819190334014984,71.13062201167226,19,32.69425747773242,0.0,-1,68
20.722527190846083,30.109721294979042,66.2445845980223,16,19.277472809153917,0.0,0,57
68.7897854709993,35.27999263107819,15.0,4,0.0,2.279992631078187,1,0
51.29239355710682,35.98387132771184,47.6295046729531,8,0.0,2.9838713277118387,0,6
39.96795830198117,26.43895434059642,58.061723146124116,1,0.032041698018829834,0.0,0,10
71.64720850262245,33.36332741288729,15.0,0,0.0,0.363327412887287,1,0
66.27039197282049,23.913998959035283,44.8903989278505,20,0.0,0.0,0,1
51.21833897481173,25.939817841126633,48.573611189572794,11,0.0,0.0,0,6
43.45851668213125,30.391148480388246,27.831375066458868,18,0.0,0.0,1,8
45.76875859148899,25.991727908559938,32.54559336690835,3,0.0,0.0,0,8
35.504358496502206,20.416562114305634,74.0723785467971,3,4.495641503497794,0.0,-1,10
33.351885527937704,32.99953094293201,15.0,13,6.648114472062296,0.0,1,23
43.08932203134118,23.02837668089566,54.88643602116523,12,0.0,0.0,0,8
48.18286121342773,24.880142545421723,70.94427816651756,9,0.0,0.0,-1,7
50.18714441757378,34.34933613465574,49.5115811288291,1,0.0,1.3493361346557435,0,6
6.79375656417303,31.222751843064785,75.35526640175947,6,33.20624343582697,0.0,-1,69
89.38061206952112,29.056666818630195,42.307205905325425,3,0.0,0.0,0,0
51.12516897778986,19.184155737553496,33.708794185131765,3,0.0,0.0,0,6
56.93580299161578,21.020198206422712,49.830166090616174,6,0.0,0.0,0,4
25.53964720561307,30.38394570238276,43.13203609481536,15,14.460352794386932,0.0,0,43
76.92640602268598,31.78019027625707,39.70717987596018,16,0.0,0.0,0,0
57.09885525894703,29.518116160778913,46.75162436099594,19,0.0,0.0,0,4
62.54185539530798,25.15756088102539,35.7441454221348,7,0.0,0.0,0,2
45.77921703719696,24.960367633876437,34.918036989339406,12,0.0,0.0,0,8
68.10347398842723,29.294986341881934,29.80423493604495,19,0.0,0.0,1,0
31.822786712710343,20.489367439458135,57.49759178445744,11,8.177213287289657,0.0,0,24
96.33337158096796,28.550134103211306,32.01835858796597,0,0.0,0.0,0,0
14.077931300850254,19.667378042897298,27.643115549096564,11,25.922068699149747,0.0,1,93
30.480408643743363,21.68422932383416,30.673195904846693,0,9.519591356256637,0.0,0,28
15.196933557093564,29.069284606740638,53.701433675336126,9,24.803066442906434,0.0,0,74
66.01312021001291,31.499392073366447,62.04881256495677,7,0.0,0.0,0,1
48.66013880696221,30.050798798581702,63.51858337555649,21,0.0,0.0,0,7
51.32237458044395,21.31281049047842,53.85743294928172,17,0.0,0.0,0,6
61.761357322132994,16.773892533193322,59.639694143177294,15,0.0,0.0,0,2
55.40547934748965,27.95010856388091,49.01379892163382,22,0.0,0.0,0,4
55.5241615135032,16.603728350147584,58.20071946854375,22,0.0,0.0,0,4
75.01095100146753,33.666554954713376,57.923908475186416,7,0.0,0.6665549547133764,0,0
18.189103876375732,21.511988289947922,36.86649511799763,13,21.810896123624268,0.0,0,65
67.78452108058065,41.405134271679685,30.63833848801851,13,0.0,8.405134271679685,0,0
52.584929244239945,22.228049909508606,74.33879647233033,0,0.0,0.0,-1,5
94.44952912249455,30.777721640764398,52.25637294378338,0,0.0,0.0,0,0
77.30580138039615,23.580354761775663,68.93221242047552,8,0.0,0.0,0,0
56.12447221353456,26.990956832498245,30.200198488418167,0,0.0,0.0,0,4
19.718429127851916,29.103841303811468,42.7000152870852,16,20.281570872148084,0.0,0,60
20.208366894733928,33.16175471835638,25.220702899252405,0,19.791633105266072,0.16175471835637723,1,81
22.33390012676213,34.117091680653026,61.63390298046582,5,17.66609987323787,1.1170916806530258,0,60
75.2574987535001,32.363914984390675,38.9392324958456,2,0.0,0.0,0,0
68.65075336679448,34.225786929412756,40.02298781559187,11,0.0,1.225786929412756,0,0
31.478672027926525,24.303316056276604,85.20446695431204,20,8.521327972073475,0.0,-1,17
37.36810879203259,31.89277546503227,61.99305034023534,1,2.6318912079674135,0.0,0,10
34.79512862865727,25.954635416018018,61.77355773344822,15,5.204871371342733,0.0,0,15
44.713615450380054,33.917365229320914,28.362007962167464,13,0.0,0.9173652293209145,1,8
77.07457463047496,28.693445148453097,16.564157561916282,21,0.0,0.0,1,0
35.296964892114765,31.721574991763035,67.4714401873822,14,4.703035107885235,0.0,0,14
38.653693220918726,29.74885349258348,15.0,20,1.3463067790812744,0.0,1,10
12.129646266442382,32.56226944442021,40.97161026901087,16,27.870353733557618,0.0,0,83
32.99803548375447,23.154086741309975,35.39047628360095,18,7.001964516245529,0.0,0,21
71.17513061773447,18.568513042184996,33.34745977055492,11,0.0,0.0,0,0
8.132439951994034,33.93380684290323,42.06296851810542,8,31.867560048005966,0.9338068429032305,0,109
50.430649142637485,36.069966034367766,30.99701468054601,12,0.0,3.0699660343677664,0,6
41.983275061382145,27.304612447822866,28.11182268932976,3,0.0,0.0,1,9
68.14862318100342,32.86660490103671,54.59149514169815,17,0.0,0.0,0,0
63.93962413171694,18.224136527886152,69.19373798268455,2,0.0,0.0,0,2
93.5949865295426,24.270761646567514,18.747265414327916,22,0.0,0.0,1,0
34.11513833037784,28.49172784574811,53.51995465483469,0,5.884861669622161,0.0,0,17
36.70357913185981,17.588396754183698,59.74545531527123,2,3.2964208681401885,0.0,0,10
49.504998807984194,18.823070835216093,58.03723253781701,4,0.0,0.0,0,6
42.07086335832792,28.94771047844494,46.01796581214721,4,0.0,0.0,0,9
23.940478692744602,24.365910528174318,39.25273013918317,0,16.059521307255398,0.0,0,48
74.74310537574631,25.91994543421774,63.65454443179233,23,0.0,0.0,0,0
54.75915488927069,25.562185565294236,56.035338903893134,16,0.0,0.0,0,5
25.16876356404021,20.298525609671735,15.902594655263563,7,14.831236435959791,0.0,1,53
54.051521975896,26.694862968838756,46.020873024639215,9,0.0,0.0,0,5
34.651999083224325,27.917777055695073,50.99878633250228,5,5.348000916775675,0.0,0,16
40.03338094215975,24.503737876840507,30.312963165885396,12,0.0,0.0,0,9
77.27197271039232,24.99114781918079,45.61801730978835,9,0.0,0.0,0,0
42.408692225761406,26.77616036099306,58.84768433859468,11,0.0,0.0,0,9
32.62307155143475,32.918567250518294,35.10798773742892,9,7.376928448565252,0.0,0,22
7.815427456355799,27.433227585295345,54.193786710169675,6,32.1845725436442,0.0,0,96
53.65826264340966,16.442032632161485,32.18842391249962,12,0.0,0.0,0,5
51.539744252356435,20.83685885853211,27.73974239221541,2,0.0,0.0,1,6
76.62799773051223,33.59088383486855,61.080621866401835,13,0.0,0.5908838348685492,0,0
42.455071111095954,23.886369874091496,71.13196852208902,13,0.0,0.0,-1,9
45.31504137042516,27.46907977152842,28.692933501961615,2,0.0,0.0,1,8
73.83012513668409,39.549346251726796,67.15446140781272,20,0.0,6.549346251726796,0,0
43.882703279794846,31.79089491350903,49.76558998578733,22,0.0,0.0,0,8
35.480253109212974,15.110048365008971,15.0,17,4.519746890787026,0.0,1,16
23.419068357843127,36.669447115795684,24.17096002796601,22,16.580931642156873,3.669447115795684,1,68
17.658032564667888,28.89788031886984,60.94876927482481,22,22.341967435332112,0.0,0,67
55.19928063114799,30.21580190083015,20.768914825872976,17,0.0,0.0,1,4
20.75416472087916,29.825020795732947,38.86595340401834,8,19.24583527912084,0.0,0,57
26.539811159877846,33.480137871129095,48.53557292191333,5,13.460188840122154,0.4801378711290951,0,46
43.07121839329249,27.521551379976273,58.0643525882468,20,0.0,0.0,0,8
40.98217127292795,19.11058939781999,53.32426497275683,11,0.0,0.0,0,9
74.33534480538272,29.94115540568591,78.23404641264567,17,0.0,0.0,-1,0
50.87073505143004,19.70909595230858,35.315534875477766,21,0.0,0.0,0,6
11.56413656076846,38.899528706881746,51.77486271780663,22,28.43586343923154,5.899528706881746,0,98
55.807402701030284,25.82715427425775,58.14717377363275,16,0.0,0.0,0,4
57.424085173485096,27.68955688911502,62.8237984465745,6,0.0,0.0,0,4
82.11251244236948,23.943845516410818,68.92286441128869,1,0.0,0.0,0,0
93.5642156821832,30.035004176859793,42.18676716782389,19,0.0,0.0,0,0
35.31175982370199,30.726192901985936,61.726685239767825,0,4.6882401762980095,0.0,0,14
68.11960551126268,23.92778347170344,33.3346580286298,12,0.0,0.0,0,0
30.947170397002306,30.718382987152577,48.60145599835403,7,9.052829602997694,0.0,0,27
47.48872690687954,28.406357330815805,59.02245748770128,10,0.0,0.0,0,7
40.956729215809176,27.42478627309691,67.5570337755629,21,0.0,0.0,0,9
32.99962723244636,23.490774777537688,60.26403482927297,11,7.0003727675536425,0.0,0,21
51.61041079125533,41.88632976779682,51.62987333791243,3,0.0,8.886329767796823,0,6
28.27684802161865,35.09675119326383,48.569288177011316,10,11.723151978381349,2.0967511932638274,0,40
53.68471246984924,32.37017790471275,59.878271731258444,2,0.0,0.0,0,5
85.70607032506572,34.758903581112534,89.40587351368765,21,0.0,1.7589035811125342,-1,0
55.59116119982428,29.79945060316676,65.38262373229028,0,0.0,0.0,0,4
55.91531316661518,25.90400680613488,56.86789871684403,22,0.0,0.0,0,4
24.83293460382516,12.141608767308334,25.3585371672655,5,15.167065396174841,0.0,1,54
45.796721672647166,20.68607967788835,34.79939167049229,15,0.0,0.0,0,8
39.73439228028971,40.99015296345139,44.16662514071234,21,0.26560771971028885,7.9901529634513935,0,10
83.8302080884931,34.961206509936694,66.38037981333007,4,0.0,1.9612065099366944,0,0
77.2875092037209,29.213912016497883,33.138276164158306,22,0.0,0.0,0,0
32.91821411412717,18.534780871989856,61.56412857259164,10,7.081785885872833,0.0,0,21
43.77257024528625,31.808654056476254,52.154580053062595,12,0.0,0.0,0,8
43.578855776334734,26.331734519754544,56.3887614403349,8,0.0,0.0,0,8
22.92780364609543,32.187747485652025,46.11282241466046,23,17.07219635390457,0.0,0,51
47.197775090105296,21.328494239268206,39.260682609142606,16,0.0,0.0,0,7
72.58053308089923,25.060304993200496,32.47228079196732,8,0.0,0.0,0,0
53.324130656100586,33.310677243152334,61.00869647539478,1,0.0,0.3106772431523339,0,5
78.46072195194947,39.56687530811877,48.61899854167512,21,0.0,6.566875308118767,0,0
57.051038557871216,24.04935958570359,30.609663491880227,15,0.0,0.0,0,4
52.66619908393903,22.00232781804427,54.01903923410857,3,0.0,0.0,0,5
16.243180967145328,34.137316324794895,95.0,11,23.756819032854672,1.1373163247948952,-1,57
24.43339277968127,20.440488861122084,46.37347819847833,6,15.56660722031873,0.0,0,46
36.309954076777,20.871841764901653,79.77387360503303,6,3.6900459232230034,0.0,-1,10
35.694248466671105,29.595613255274582,15.0,11,4.305751533328895,0.0,1,15
84.31289889162953,40.51411267389944,45.131535777105114,1,0.0,7.51411267389944,0,0
58.146471602046844,22.907281693314435,67.18617835187464,5,0.0,0.0,0,3
32.26022087070474,25.7814644592896,50.27999646730085,1,7.739779129295258,0.0,0,23
68.82707535759354,28.667822079494076,38.432622413435816,22,0.0,0.0,0,0
70.31774878830996,25.163697927790054,49.5243173118363,21,0.0,0.0,0,0
25.591008789782162,17.398992935361484,67.7319699601084,3,14.408991210217838,0.0,0,43
49.98711414619174,32.811743041048146,88.58198103964452,13,0.0,0.0,-1,6
83.30867154961126,29.117950205818214,69.17911235347151,5,0.0,0.0,0,0
22.57059110529938,30.20119267988117,40.91494113109433,13,17.42940889470062,0.0,0,52
50.2293485994448,27.149776826516625,45.80827569320621,10,0.0,0.0,0,6
84.18382734372591,37.079051457202866,45.942143791857134,0,0.0,4.0790514572028655,0,0
59.09240540117373,24.972767646128226,34.389537654103634,19,0.0,0.0,0,3
41.12011606463247,21.53769828153189,47.20883739573016,18,0.0,0.0,0,9
37.40563817108016,37.98224155528105,45.071506843460924,1,2.594361828919837,4.98224155528105,0,10
83.92710091672465,14.808283089334871,28.389996168020925,5,0.0,0.0,1,0
16.010204253200783,27.077211427477597,65.08632431317444,2,23.989795746799217,0.0,0,71
68.90599748084271,27.54695446108987,57.57664963084219,9,0.0,0.0,0,0
50.87590148767447,27.312686103696745,38.46297195412499,10,0.0,0.0,0,6
60.99146541866291,18.69272909654068,52.66039190769951,15,0.0,0.0,0,3
57.34997423190988,20.889730214514916,32.63806318504755,15,0.0,0.0,0,4
37.79734653577136,33.74794220947195,40.05948614125739,3,2.2026534642286393,0.747942209471951,0,10
43.793360865575764,36.312041183489434,62.37817205384835,11,0.0,3.312041183489434,0,8
72.13854820701691,25.496139005077328,58.478825344251,19,0.0,0.0,0,0
80.46857967698976,22.416017687039457,40.762611809207,21,0.0,0.0,0,0
13.84516856868566,17.29125374978934,55.60635145109984,20,26.154831431314342,0.0,0,78
65.32114679749732,33.64341859602288,48.66122511505699,7,0.0,0.6434185960228831,0,1
45.18118163370019,33.99788077603921,32.04927465491865,12,0.0,0.9978807760392101,0,8
17.145642571440113,11.135247153689633,46.98968928966154,3,22.854357428559887,0.0,0,68
50.41347218385299,13.456529246080084,57.77658975453652,8,0.0,0.0,0,6
69.79701801335277,28.82090538535582,55.51088728353743,6,0.0,0.0,0,0
87.17825916144827,29.597086261828245,19.53286782599389,6,0.0,0.0,1,0
53.01550589457996,25.13603329920104,52.98975890977708,21,0.0,0.0,0,5
29.152833334045,27.80230567862137,50.45766390428244,17,10.847166665955001,0.0,0,32
62.44895934169277,26.516565552122724,15.830977084630703,20,0.0,0.0,1,2
28.8800701579466,28.158568719259048,35.45527785424579,8,11.119929842053399,0.0,0,33
92.11499628511663,22.594543117852687,58.84935814399711,9,0.0,0.0,0,0
56.02171854812651,27.926490596836334,74.92644721456963,19,0.0,0.0,-1,4
20.07918656392441,23.953798668285426,20.47069939447566,1,19.92081343607559,0.0,1,71
44.49830411676386,23.453734707184175,67.62745914451928,17,0.0,0.0,0,8
50.702793119469106,16.7986442942973,16.153286375281496,16,0.0,0.0,1,6
25.012691806438674,26.946754093427593,75.1553207273585,8,14.987308193561326,0.0,-1,31
69.40288752935896,32.81784140074763,45.70400394023266,22,0.0,0.0,0,0
56.33400009049723,26.046490638325512,37.13499238131875,5,0.0,0.0,0,4
51.4224952108012,25.87910116717738,56.38166033706676,8,0.0,0.0,0,6
95.16673696156924,35.5343148014541,32.675056930499494,8,0.0,2.5343148014541015,0,0
66.87303470476773,34.149894426731336,59.286581796764416,8,0.0,1.1498944267313362,0,1
71.82798753505645,38.40749632490155,47.768559801940434,8,0.0,5.407496324901551,0,0
40.05432948578637,41.54251134895314,15.0,11,0.0,8.542511348953141,1,9
47.06214125946551,28.35692308176991,35.407160886269224,22,0.0,0.0,0,7
43.97782620304318,21.056994598620125,53.43974123227854,11,0.0,0.0,0,8
82.57769247054075,24.873168943377763,69.19646107345075,15,0.0,0.0,0,0
64.49952953616503,31.43801230711985,55.966951484172164,16,0.0,0.0,0,1
3.958391347904213,36.64063147370357,68.90914039607722,15,36.04160865209579,3.6406314737035714,0,120
69.48584915757962,21.70682380045362,33.908660923502396,7,0.0,0.0,0,0
53.6677961124622,29.53166940735206,63.097617896738086,6,0.0,0.0,0,5
37.44558827604379,23.242829359139925,63.399450048708644,8,2.554411723956207,0.0,0,10
22.056324778283027,27.12007434666187,20.642455985468704,8,17.943675221716973,0.0,1,64
22.498627766763928,27.03031958443106,69.79127844960931,19,17.501372233236072,0.0,0,52
81.47276542282445,30.287117074336116,55.89270581883301,11,0.0,0.0,0,0
51.387320427819624,40.19395351456248,44.93344305120073,22,0.0,7.19395351456248,0,6
49.06598479994347,30.8505296590208,44.62361391284058,23,0.0,0.0,0,6
45.125741282297625,25.420999587270185,31.315684381546788,16,0.0,0.0,0,8
82.1507167018496,24.43077438058073,61.35456192802869,16,0.0,0.0,0,0
84.82096140450325,26.854945672580875,55.436863440079684,2,0.0,0.0,0,0
40.30173672764813,22.76986280986887,60.49266080323308,3,0.0,0.0,0,9
25.046253158641907,28.837893063582065,51.421786890348436,17,14.953746841358093,0.0,0,44
15.387485431936398,13.532587718125356,53.70415924632351,23,24.612514568063602,0.0,0,73
59.14077366947198,26.732837270380877,44.67379035919678,19,0.0,0.0,0,3
34.02198774097062,27.207948096106584,69.38229804520913,6,5.978012259029377,0.0,0,17
41.15699829184309,21.03609490335484,60.91462913086487,16,0.0,0.0,0,9
22.944988355045513,25.707143258927783,53.11129626286499,14,17.055011644954487,0.0,0,51
40.65174834392869,34.719493097030444,47.57774692156906,1,0.0,1.719493097030444,0,9
27.789610597184783,35.15229612661962,18.176868478723772,21,12.210389402815217,2.1522961266196177,1,50
25.786111444454157,24.801169691798144,15.0,8,14.213888555545843,0.0,1,51
17.58041527462901,31.140912010989705,43.37057603544873,14,22.41958472537099,0.0,0,67
32.71110779253982,19.00898746177516,72.8364393478054,8,7.288892207460179,0.0,-1,15
16.29569827037663,26.22304808276877,37.31246675302946,22,23.70430172962337,0.0,0,71
22.520032065098675,29.384833950933075,38.02030441090639,11,17.479967934901325,0.0,0,52
6.956060833013843,37.16156627728692,32.49771853653364,20,33.043939166986156,4.161566277286923,0,114
92.42615472995655,35.15681847880231,26.77302213662518,22,0.0,2.1568184788023075,1,0
67.10342559860749,29.253577278489445,33.54813622588713,0,0.0,0.0,0,0
5.314120368624151,22.530869560914432,55.01535365284814,10,34.68587963137585,0.0,0,104
75.81641628464155,36.151094248314344,41.14686760706198,16,0.0,3.151094248314344,0,0
88.15412844819348,25.95827073850676,40.330162450532555,20,0.0,0.0,0,0
38.191999171569215,30.69093514448001,38.727148806303504,17,1.8080008284307851,0.0,0,10
41.67367199218966,27.264835016124117,54.2659256613876,15,0.0,0.0,0,9
76.19694621839632,39.95345280724142,57.02535403594249,8,0.0,6.953452807241419,0,0
35.54611157574351,24.33973737163545,16.35790564808218,3,4.4538884242564905,0.0,1,16
85.64300236813878,33.49752417113173,36.31540862369649,21,0.0,0.49752417113172953,0,0
88.58733249992027,27.4815715076581,48.39099249994805,1,0.0,0.0,0,0
66.732993654438,31.41462737940229,57.900381217549324,19,0.0,0.0,0,1
75.41164301502371,37.72007330785983,52.29849038997537,0,0.0,4.720073307859828,0,0
22.98369092971589,15.97256337913104,64.81139862343468,8,17.01630907028411,0.0,0,51
59.31155522435425,27.60766306413858,24.58670477462481,20,0.0,0.0,1,3
68.5582054082611,22.63561063937717,57.47328747349012,5,0.0,0.0,0,0
35.0801705264938,30.674391306178002,86.92332039688372,6,4.919829473506198,0.0,-1,10
33.44056618701307,32.14798402595049,50.85897960999258,5,6.559433812986931,0.0,0,19
16.712535386942786,25.177137492596948,51.592530890914595,16,23.287464613057214,0.0,0,69
70.13334573303052,24.86768943192817,59.34668705602358,5,0.0,0.0,0,0
28.572003419148974,29.222842037158443,40.18393718816014,16,11.427996580851026,0.0,0,34
69.13169031361204,20.36077284391296,32.956661481688926,14,0.0,0.0,0,0
20.66940376078569,29.999306488944235,51.04438663842607,21,19.33059623921431,0.0,0,57
52.92021021562384,23.09374013473608,20.227863193547996,15,0.0,0.0,1,5
63.97912705298423,32.401889381357044,57.12740735890139,9,0.0,0.0,0,2
10.368554492857513,20.092714861530723,60.161467931589186,3,29.631445507142487,0.0,0,88
68.14239180455759,24.59639010088152,21.131031208095433,10,0.0,0.0,1,0
33.62937383477077,23.49317646044069,52.93408350393966,13,6.370626165229233,0.0,0,19
68.79966093538984,26.21105160414282,46.1034580016658,22,0.0,0.0,0,0
25.64498599573702,36.25804037407377,76.60180651051607,6,14.35501400426298,3.2580403740737722,-1,34
52.17671625185078,33.07580504154452,73.57713695456977,9,0.0,0.07580504154451972,-1,5
93.62628088280712,25.121894340327962,65.14914096927188,21,0.0,0.0,0,0
69.99060679946098,25.11668032220294,71.79226443125381,22,0.0,0.0,-1,0
68.22810858296207,33.311880698800884,43.425976734971165,20,0.0,0.3118806988008842,0,0
16.898097867184745,21.016258291552692,54.679009399335634,4,23.101902132815255,0.0,0,69
53.016110072281705,28.134291380597563,45.455837415775974,2,0.0,0.0,0,5
51.70842281550486,24.365419676288642,32.0511543520622,9,0.0,0.0,0,6
43.14506306832897,26.969867153061376,51.48798179269678,6,0.0,0.0,0,8
33.769179239813624,32.85464752743148,48.50159808431343,7,6.230820760186376,0.0,0,18
25.012964317971427,23.98449125676615,46.3582142959987,22,14.987035682028573,0.0,0,44
65.23231432422438,33.84488825458483,48.93367636157874,12,0.0,0.8448882545848306,0,1
33.82139769307509,41.19752150939206,51.09439374351649,7,6.178602306924908,8.197521509392061,0,21
7.325671160362898,31.62405500209389,65.9818960495485,17,32.6743288396371,0.0,0,98
68.19392907964638,27.495483638039673,39.47943808228765,19,0.0,0.0,0,0
73.9612752404558,34.942810908592925,26.96660332314778,10,0.0,1.942810908592925,1,0
71.17251047481672,21.346927624357527,62.20401547268117,1,0.0,0.0,0,0
93.15140736726354,37.12643805573077,65.41843668783615,11,0.0,4.126438055730773,0,0
52.60073487169337,23.48159967035596,56.44315631956333,9,0.0,0.0,0,5
4.198997555992786,41.00856422363775,29.501750866365747,4,35.80100244400721,8.008564223637748,1,120
43.4442204619725,23.69727605020788,47.63319302041912,14,0.0,0.0,0,8
34.31255188061867,31.970211077987273,55.13082006203474,17,5.6874481193813295,0.0,0,17
66.5809986625939,18.642552808087217,30.769824219266866,9,0.0,0.0,0,1
53.62485428567886,26.720490935024255,36.239831227165084,9,0.0,0.0,0,5
49.693334078338864,21.521839397191656,47.36166243382199,18,0.0,0.0,0,6
29.950410615537237,19.35089461157063,71.29299550735544,4,10.049589384462763,0.0,-1,21
23.360240820764282,35.23311525193786,54.05292572059023,23,16.639759179235718,2.2331152519378605,0,57
20.10895748272818,20.63467374027892,39.694442643108474,10,19.89104251727182,0.0,0,59
72.94201967733939,23.589564564303824,46.37001697991405,12,0.0,0.0,0,0
28.999586006582174,22.89034792091877,38.007045021567066,14,11.000413993417826,0.0,0,33
60.96845035125824,34.83797855561346,42.58385162161748,11,0.0,1.8379785556134607,0,3
76.4772241371744,34.10499417268946,63.0008497031009,1,0.0,1.1049941726894588,0,0
78.47804155754051,35.621770522757515,15.440044388607397,16,0.0,2.621770522757515,1,0
40.732695021699286,23.28122083565761,73.66900273554204,21,0.0,0.0,-1,9
38.51058403311203,36.097604336602316,89.40528410558436,18,1.489415966887968,3.0976043366023163,-1,10
48.79610524445115,23.230092365697967,52.92613809795152,16,0.0,0.0,0,7
98.0123761617658,23.47187258133735,35.04063144318706,1,0.0,0.0,0,0
19.14083928924847,23.807635330156614,70.93820164963591,18,20.85916071075153,0.0,-1,43
43.21283109760626,24.026134790173973,55.00301839412174,10,0.0,0.0,0,8
37.21816200373804,27.455278588947944,40.532665968142396,7,2.781837996261963,0.0,0,10
35.485904734651406,22.967838228405256,32.5059444546754,11,4.514095265348594,0.0,0,13
59.97335345490473,29.388468728812104,42.69492674042651,5,0.0,0.0,0,3
62.1486811745464,12.343609651610306,53.46646338388872,7,0.0,0.0,0,2
88.27151663279398,29.368875447057086,66.11911323537737,19,0.0,0.0,0,0
61.618992037042354,21.461921741316157,55.115516105246996,18,0.0,0.0,0,2
83.26135789176536,23.983564637268728,58.17410371872669,13,0.0,0.0,0,0
38.68567233718259,24.128434703594003,43.992647406560465,21,1.314327662817412,0.0,0,10
23.92715411352587,33.659033482217694,65.38871442166759,3,16.07284588647413,0.6590334822176942,0,55
51.19424398249317,31.02760639909333,46.27901873222281,20,0.0,0.0,0,6
60.42509253628202,27.00674775995581,83.0838582833171,11,0.0,0.0,-1,3
66.65156873146456,23.708593573842975,38.25003991153082,15,0.0,0.0,0,1
37.22633251679323,32.69726680223375,57.109900614768506,20,2.773667483206772,0.0,0,10
3.5870272599288358,38.76825997858799,89.40901922820296,19,36.41297274007116,5.7682599785879916,-1,87
31.75432949777615,27.832032026300073,68.75518757603787,23,8.245670502223849,0.0,0,24
61.03885866466948,18.410087533848937,63.417476186944135,5,0.0,0.0,0,2
83.89584933302542,23.7826235237201,55.342968098475694,4,0.0,0.0,0,0
22.730752960040878,31.35529688330176,50.951020083752525,0,17.269247039959122,0.0,0,51
58.931763118320546,25.343721710340052,46.870411678976765,16,0.0,0.0,0,3
63.50181983481965,22.8478323325824,39.88749092064596,12,0.0,0.0,0,2
42.30627551706717,22.586901315905486,22.356903410224252,15,0.0,0.0,1,9
32.15568614701366,28.550070831510077,61.531109816678565,9,7.844313852986339,0.0,0,23
45.86486298018567,18.797031838683317,22.315480299780187,8,0.0,0.0,1,8
23.7293290293946,27.792059159828113,61.724943997261306,21,16.2706709706054,0.0,0,48
8.536735259880967,28.530796350262147,44.43351717195419,4,31.463264740119033,0.0,0,94
27.988656722635362,25.30286992130015,32.80148261438141,18,12.011343277364638,0.0,0,36
67.97772544579341,21.742833074235072,75.30233458491334,2,0.0,0.0,-1,0
42.8627210246009,34.11042152667486,23.916278996990144,9,0.0,1.1104215266748625,1,9
50.5592482562803,20.003318782145364,38.00954729063521,1,0.0,0.0,0,6
64.44565872670076,29.036386685999677,39.692257889014975,0,0.0,0.0,0,1
70.42989634047001,32.36651887314354,52.69233461209147,0,0.0,0.0,0,0
39.35969493031223,28.956774055164555,38.97176449834967,6,0.6403050696877699,0.0,0,10
53.64901533110896,35.387089548498466,76.31087291548549,22,0.0,2.3870895484984658,-1,5
48.47177780969314,21.187624722809293,25.316687727715394,8,0.0,0.0,1,7
42.340846129847236,23.254518239124632,95.0,14,0.0,0.0,-1,9
51.52884419718671,25.232596957207157,30.942091807312263,16,0.0,0.0,0,6
71.377462681671,45.0,95.0,21,0.0,12.0,-1,0
86.03160631725218,31.046822393328576,69.6747483116916,21,0.0,0.0,0,0
79.26381819141393,32.17009922758048,48.014776065155814,0,0.0,0.0,0,0
67.99370843355408,31.92009805426114,54.07933312844418,5,0.0,0.0,0,0
35.55630583381495,28.472921434548546,43.182295200216174,18,4.443694166185047,0.0,0,13
79.61072285612836,34.296626517989345,56.24702806345355,18,0.0,1.2966265179893455,0,0
45.9084636863713,16.778175711706613,36.73378803697863,23,0.0,0.0,0,8
91.21845057873527,29.66184889393746,62.76183906192488,17,0.0,0.0,0,0
56.61598238790019,30.569305115417094,53.27595412407336,12,0.0,0.0,0,4
68.36681923090585,34.111891748437,32.18879150655812,8,0.0,1.111891748437003,0,0
26.5317045007466,21.0659091619055,57.68864477535231,11,13.4682954992534,0.0,0,40
74.96697393865763,21.507471062825953,56.57758379450543,0,0.0,0.0,0,0
49.43565791691364,21.886728192227956,37.091564049191525,16,0.0,0.0,0,6
73.04743156914543,31.13392251430549,42.30129244895184,0,0.0,0.0,0,0
33.89317191489814,31.21950878414119,59.224745083805175,15,6.10682808510186,0.0,0,18
43.54352829669798,22.30117733429726,69.63328802065573,14,0.0,0.0,0,8
71.5347319718764,39.4856582069819,47.43944415719599,23,0.0,6.485658206981903,0,0
47.6620526494925,29.718228685655014,66.75179418792617,20,0.0,0.0,0,7
26.96201603423056,28.745235007988313,71.00710306806697,17,13.037983965769438,0.0,-1,27
34.88755601186139,26.754238168943953,73.45877391411707,15,5.112443988138608,0.0,-1,10
60.546537762507725,33.58296204712426,57.505712146896684,7,0.0,0.582962047124262,0,3
73.6475809021295,30.336965499915063,33.76851881802285,18,0.0,0.0,0,0
68.4339237501896,39.33910981101104,66.04335047473725,13,0.0,6.339109811011042,0,0
30.40985013282786,20.71660288877948,46.554802582858535,12,9.59014986717214,0.0,0,28
73.9005168400132,18.726617304093914,59.11709253468383,14,0.0,0.0,0,0
45.94153841346802,23.559649595640742,38.677920437360896,6,0.0,0.0,0,8
22.77243767321814,31.320102750622116,39.19692941216945,6,17.22756232678186,0.0,0,51
76.78613717979474,25.4314549251997,37.37492635747995,0,0.0,0.0,0,0
34.74930770791962,35.626166150800714,26.150462599438615,9,5.25069229208038,2.6261661508007137,1,21
79.94431933046785,25.638651624479326,39.438541817433226,19,0.0,0.0,0,0
66.02561538416896,34.49145011267278,31.406705065159127,2,0.0,1.49145011267278,0,1
82.2643601587913,23.015431567516615,60.19279048882552,11,0.0,0.0,0,0
68.68494926975208,35.09831805083328,30.832186917991073,20,0.0,2.098318050833278,0,0
78.67532978927203,36.21491917051334,37.95024141720711,21,0.0,3.2149191705133404,0,0
22.88507174511615,24.61128464853112,50.05725891661233,22,17.11492825488385,0.0,0,51
64.15366264364286,30.937370294487717,82.6236608571474,8,0.0,0.0,-1,1
80.29378371303612,29.606289480582237,37.54211300728456,8,0.0,0.0,0,0
20.408446796407315,31.100241981675758,25.120004435725996,6,19.591553203592685,0.0,1,70
64.46229888693655,35.70662118546032,26.386528855732788,9,0.0,2.706621185460321,1,1
25.22180119884586,33.8392692767533,34.50849173951945,16,14.77819880115414,0.8392692767532992,0,50
32.54578785280764,31.084676615267,38.177029245492,16,7.454212147192358,0.0,0,22
75.40323925318573,31.978313804721672,91.48289050093658,14,0.0,0.0,-1,0
71.75634425912413,20.384389227115673,67.40140368716382,11,0.0,0.0,0,0
57.40539528915451,27.75448057660255,44.32967884940272,16,0.0,0.0,0,4
6.354403979711868,21.39097585199625,83.35135874318269,8,33.64559602028813,0.0,-1,70
74.39949103261358,27.891043236106388,38.97354640361979,2,0.0,0.0,0,0
92.62899929962242,34.70085323551926,42.59743605005875,23,0.0,1.7008532355192614,0,0
32.9150826608069,27.957676508699,41.5177306747288,2,7.0849173391930975,0.0,0,21
23.675800532384173,12.966458973386846,68.48326116446108,20,16.324199467615827,0.0,0,48
60.567417588425364,21.719200757343856,48.74047903228229,13,0.0,0.0,0,3
75.79825315446804,31.486528838614188,77.13186645522178,23,0.0,0.0,-1,0
45.68645635741,24.7653176255079,57.8120600291779,13,0.0,0.0,0,8
67.61115643543566,32.70306255914641,66.3615607838052,1,0.0,0.0,0,0
68.66125677227899,20.75674205685482,17.309680329880912,2,0.0,0.0,1,0
56.51169894976948,30.290311594781123,19.415398909035797,2,0.0,0.0,1,4
83.83263239521376,30.591659931671018,20.007778745269558,10,0.0,0.0,1,0
69.8788456182195,32.739405763741615,42.29402408958692,18,0.0,0.0,0,0
26.2591218754848,24.068741064997923,22.30074312105655,15,13.740878124515199,0.0,1,49
71.22836420515583,32.67875912935807,72.32574593939134,19,0.0,0.0,-1,0
50.351295251924924,37.03935407398653,46.41458236843381,13,0.0,4.03935407398653,0,6
22.321755970141442,14.363834134463165,61.076148692970236,2,17.678244029858558,0.0,0,53
39.57469066234858,28.31021699641075,41.139113849437905,4,0.4253093376514201,0.0,0,10
10.20596675552694,17.161900068794456,64.84642809899299,3,29.79403324447306,0.0,0,89
60.04065888022839,22.83882425702778,15.0,22,0.0,0.0,1,3
59.89302251664844,23.328553381228318,49.11997048824269,19,0.0,0.0,0,3
37.09402794507879,27.601292787834286,59.012958758430436,0,2.9059720549212074,0.0,0,10
37.98478371316881,30.265246228187802,60.53004555783019,5,2.0152162868311905,0.0,0,10
28.24587632562609,33.429900074936086,44.281763158482846,6,11.754123674373911,0.42990007493608573,0,40
45.0090172528115,29.58412805841912,19.20203005755737,17,0.0,0.0,1,8
45.46158163042844,32.04176535256421,68.20330336760318,1,0.0,0.0,0,8
22.175530589616603,21.52900684621212,42.93907899496706,23,17.824469410383397,0.0,0,53
63.59112112812203,34.33995358660448,44.50307881802138,6,0.0,1.33995358660448,0,2
17.92008216314246,10.0,89.94576425503297,20,22.07991783685754,0.0,-1,46
51.75498488619817,37.16015262249576,51.73881543821786,16,0.0,4.160152622495758,0,6
38.68025276755767,36.08319996575918,40.659584082627134,9,1.3197472324423316,3.083199965759178,0,10
97.01651285315786,32.50032448520655,39.58129829849648,0,0.0,0.0,0,0
48.07579381854785,41.37379514553413,61.613076242482066,13,0.0,8.373795145534132,0,7
1.6782820856076321,17.17708904014813,35.22426773776064,0,38.321717914392366,0.0,0,114
51.43786240779502,32.67656333512042,59.210697537924915,17,0.0,0.0,0,6
25.556642628506115,28.810636784431438,69.82417066544932,4,14.443357371493885,0.0,0,43
58.892551437010134,29.46451339589719,48.41067909482357,22,0.0,0.0,0,3
25.59814976948927,21.018580451658387,67.78089283604996,0,14.401850230510728,0.0,0,43
29.903452595770396,30.368845022556897,48.76082543366802,8,10.096547404229604,0.0,0,30
51.996413128813025,30.086940388040578,37.625812684399406,9,0.0,0.0,0,6
81.93985657193039,23.86242914931895,20.037615547013747,18,0.0,0.0,1,0
19.651530724934126,27.587839409842193,54.95198639020863,5,20.348469275065874,0.0,0,61
86.82415578100549,20.112976785752444,55.32952265549978,18,0.0,0.0,0,0
90.82804550239013,25.627607088162264,67.66370816327372,7,0.0,0.0,0,0
38.46387688279066,33.76490605378921,65.92922891967835,1,1.5361231172093426,0.7649060537892112,0,10
48.989578752502005,33.884840933801556,87.2125781997731,20,0.0,0.8848409338015557,-1,7
61.62728149730897,32.61220973982016,39.54144084147403,4,0.0,0.0,0,2
17.79063903643473,33.762324076670076,56.40634355558359,10,22.20936096356527,0.7623240766700761,0,76
62.635577247356586,33.84079032087252,37.62300137680104,14,0.0,0.8407903208725216,0,2
51.74024935573919,24.138719401324938,66.74116566593398,0,0.0,0.0,0,6
82.04212848738838,30.03728067822245,33.31568320487754,15,0.0,0.0,0,0
70.22611720821288,34.52067836061077,66.44673982230925,13,0.0,1.5206783606107734,0,0
51.410890710859334,19.722625464339917,36.74231958447286,18,0.0,0.0,0,6
16.269488971013633,19.688083353341256,63.79721898562555,2,23.730511028986367,0.0,0,71
50.51534857491931,19.356105206541027,71.71637724442841,21,0.0,0.0,-1,6
29.993453748347164,17.286759249510048,22.026237277245563,1,10.006546251652836,0.0,1,36
51.31686298567073,21.695162558065654,25.750516820519717,22,0.0,0.0,1,6
22.81159545389738,24.847187973638142,54.228345898935274,7,17.18840454610262,0.0,0,51
69.20238996293924,37.073833101611854,52.3121909219967,1,0.0,4.073833101611854,0,0
52.595771625689814,25.375154500421335,44.74104042953195,6,0.0,0.0,0,5
82.98404740370833,18.901778279031227,41.42730427339683,11,0.0,0.0,0,0
85.59862945808646,28.99713037897934,34.60643118460362,2,0.0,0.0,0,0
38.27588151319527,26.866217545500234,55.95922520176503,7,1.724118486804727,0.0,0,10
21.29101052790378,23.307208448854254,32.64038884386265,7,18.70898947209622,0.0,0,56
42.54356582593351,24.468620966989903,56.589794073778975,3,0.0,0.0,0,9
31.686751138673074,34.402533578748006,39.66116422291324,11,8.313248861326926,1.402533578748006,0,28
7.22659586754691,19.54069208561453,42.391650064625736,0,32.77340413245309,0.0,0,98
25.474370394419303,18.00538306737062,71.88401643324765,6,14.525629605580697,0.0,-1,30
5.295295304767698,30.80101362649505,67.18070207602177,3,34.7047046952323,0.0,0,104
20.109428070462787,24.31617703238341,32.05581117278742,0,19.890571929537213,0.0,0,59
56.96945077151917,37.3132545173989,34.287435128651374,11,0.0,4.313254517398903,0,4
67.20038079244163,27.074180772811555,64.00098992619094,21,0.0,0.0,0,0
67.75925992864376,27.397764581762953,24.190585792535753,8,0.0,0.0,1,0
58.818503320016504,32.71931122446505,76.17195526160066,15,0.0,0.0,-1,3
58.288312603300874,17.967038762599447,52.432752589693465,3,0.0,0.0,0,3
74.14086452326525,30.025516073925587,39.59212279018567,16,0.0,0.0,0,0
15.590587946910334,25.806290809624624,50.18891704288891,16,24.409412053089667,0.0,0,73
13.48410556858997,34.1608399546529,74.4995204953404,9,26.515894431410032,1.1608399546529,-1,64
73.6676495919346,24.119336790201736,15.0,6,0.0,0.0,1,0
11.250667048689095,29.060932700802493,68.47348803627975,13,28.749332951310905,0.0,0,86
55.908892253535726,25.846214706699193,71.50185077895108,14,0.0,0.0,-1,4
49.45155341561146,30.477397082096722,44.22376644862933,16,0.0,0.0,0,6
48.550535939654615,26.49312292424748,48.71150763976711,4,0.0,0.0,0,7
31.50603966708068,29.57386232321273,52.45606185788685,8,8.493960332919318,0.0,0,25
33.40240928232567,38.51943209493302,63.20356817347918,19,6.597590717674329,5.519432094933023,0,22
28.860405473042366,26.28407965151373,36.86483642155504,19,11.139594526957634,0.0,0,33
88.65694011085718,30.41649653842284,49.738780036993866,19,0.0,0.0,0,0
25.185191179788504,41.718807561855016,48.20209322339216,18,14.814808820211496,8.718807561855016,0,51
82.37550756226703,30.339127124733267,62.21921803061817,1,0.0,0.0,0,0
95.50651161962031,13.394933857838758,95.0,6,0.0,0.0,-1,0
51.13337340318432,24.002422045263422,36.79025632257661,6,0.0,0.0,0,6
19.87395353180225,20.77750529452195,51.41904749669798,7,20.12604646819775,0.0,0,60
30.199281097671722,33.53177867060525,36.30551154137375,11,9.800718902328278,0.5317786706052487,0,33
45.43656898338767,27.437083860880595,41.20097997947059,4,0.0,0.0,0,8
71.89783965311993,34.381107955249014,30.632767690515358,18,0.0,1.3811079552490142,0,0
62.45927877864524,31.669340767221325,22.45134695174739,12,0.0,0.0,1,2
6.477376561460256,31.643442886587458,71.29136167799507,1,33.522623438539746,0.0,-1,70
47.77969833917656,20.6601566402705,56.40939326176489,19,0.0,0.0,0,7
36.277869331418174,31.02936772231741,51.67177758216206,7,3.7221306685818263,0.0,0,11
31.388597302759276,36.19953963936056,34.26882402351715,13,8.611402697240724,3.199539639360559,0,29
83.92766599577148,19.317420812719924,48.65063166086784,10,0.0,0.0,0,0
64.33975986479268,26.097139549388793,29.18556845778443,8,0.0,0.0,1,1
22.459378096692173,30.126513092645574,49.509358787835374,7,17.540621903307827,0.0,0,52
66.40223472554085,28.588095569475676,56.00715628176701,9,0.0,0.0,0,1
44.60161639707497,36.619522658640534,40.23499365767343,1,0.0,3.619522658640534,0,8
81.05446370904319,32.3710444151365,36.37745008364894,16,0.0,0.0,0,0
52.404055590214035,30.436551335635873,41.138555304360125,15,0.0,0.0,0,5
58.429304207597546,32.90560927554601,64.66673762538008,12,0.0,0.0,0,3
24.122410336217264,32.5857372528894,53.629240553574306,21,15.877589663782736,0.0,0,47
76.26346855919296,28.24641464463442,21.07552371859928,13,0.0,0.0,1,0
56.367668952981056,25.871078827067873,63.02230583339167,9,0.0,0.0,0,4
35.3759509570775,33.941857919076114,59.77859876250207,14,4.6240490429225005,0.9418579190761136,0,15
54.91309255588046,23.541526603151617,53.36774414137015,19,0.0,0.0,0,5
6.519411944533228,27.566328333223417,79.62107915560489,17,33.48058805546677,0.0,-1,70
53.7741101129012,21.059598310796716,50.42899231174285,13,0.0,0.0,0,5
73.27195378094109,32.39005390606418,57.75336962457695,15,0.0,0.0,0,0
53.29751934882123,35.3951373175425,58.44948358855717,23,0.0,2.395137317542499,0,5
55.82874756360619,22.3867108561088,65.79347679840234,16,0.0,0.0,0,4
56.47273802186125,27.076423763893235,45.988428902574015,16,0.0,0.0,0,4
72.52742375876001,25.119605421865145,38.392863909225944,15,0.0,0.0,0,0
65.30760692876987,34.45195785657737,67.51528143382288,22,0.0,1.4519578565773728,0,1
62.01291600044462,36.501828920981495,66.5841225162619,22,0.0,3.5018289209814952,0,2
49.215502622461614,25.125439036039367,72.9470178769663,8,0.0,0.0,-1,6
33.79169054459063,10.0,57.48023783508205,17,6.2083094554093705,0.0,0,18
82.98476927368043,34.91680661106724,20.322391667634808,15,0.0,1.916806611067237,1,0
43.0961231638886,28.270569459217906,52.953468914166756,13,0.0,0.0,0,8
31.632844217687307,28.29372087037228,50.60643638123604,12,8.367155782312693,0.0,0,25
37.98587019094965,33.78228275625719,72.13010019024863,21,2.0141298090503525,0.7822827562571888,-1,10
33.34454773589887,25.81589335638563,69.05178110287261,21,6.655452264101129,0.0,0,19
47.64934034420839,24.218345646076507,61.030562202824036,21,0.0,0.0,0,7
22.022102734099732,25.865749521671436,15.0,7,17.977897265900268,0.0,1,64
42.79552847510009,30.93451843362377,35.15328737808488,8,0.0,0.0,0,9
80.74851710810489,33.273803539007936,43.44290276569113,2,0.0,0.2738035390079361,0,0
56.141732130137825,37.798922293795634,43.85536363869491,19,0.0,4.798922293795634,0,4
44.00195708681704,30.420354638948776,53.003743990522565,16,0.0,0.0,0,8
12.195920284143192,27.132245464129007,76.6436893778569,23,27.80407971585681,0.0,-1,58
57.24167245639066,33.31714522437595,64.0266295285158,17,0.0,0.31714522437594894,0,4
3.5881450974242632,22.17245100903007,33.45801136598531,4,36.41185490257574,0.0,0,109
68.54264695152214,36.51632934834645,35.08395217815766,7,0.0,3.516329348346453,0,0
13.535995324643721,29.26826163740113,33.458123286357576,9,26.46400467535628,0.0,0,79
11.585705281255825,26.62785839128077,47.89685831409014,18,28.414294718744173,0.0,0,85
65.36859148217067,22.1918493341118,64.49989199174775,9,0.0,0.0,0,1
47.43259108453403,31.761639705274277,67.35232618873309,23,0.0,0.0,0,7
75.58977459440042,26.316300913378196,43.228119220200774,14,0.0,0.0,0,0
69.57752728155793,27.43430631130281,49.457463537989184,8,0.0,0.0,0,0
11.14919797087874,17.972836452304282,80.13525383140762,23,28.85080202912126,0.0,-1,60
50.34941076696556,25.391924353463764,23.272600381875353,13,0.0,0.0,1,6
29.19325867266005,24.589016600032256,61.48332706803555,7,10.80674132733995,0.0,0,32
47.73618771881059,30.511376853926993,59.539111757909154,9,0.0,0.0,0,7
40.3613026760565,26.39412184673608,44.660388936599695,18,0.0,0.0,0,9
49.585302315366256,12.10676208317133,49.66794152445782,2,0.0,0.0,0,6
94.09973351666498,25.50992755705681,57.56395745430526,18,0.0,0.0,0,0
52.64344633965193,19.273099396510435,44.698028767193115,2,0.0,0.0,0,5
8.924050098568596,21.742930473356555,38.52309921826059,16,31.075949901431404,0.0,0,93
16.22667774350603,34.02330747200836,37.1675105960827,17,23.77332225649397,1.0233074720083621,0,82
21.68185489627323,17.866097621109777,83.51901655201469,14,18.31814510372677,0.0,-1,38
49.26776536823326,29.76906180170236,42.07471269548832,4,0.0,0.0,0,6
25.530950797378026,24.956678448063723,53.62432312229159,13,14.469049202621974,0.0,0,43
43.23229271415778,23.799788550311924,64.13454436297177,19,0.0,0.0,0,8
70.46228469872536,22.124056981165918,46.19306718244943,6,0.0,0.0,0,0
33.21209223688128,29.917139872943885,50.644216901616915,22,6.787907763118717,0.0,0,20
51.5664049679072,30.59082983269029,59.04941094855904,3,0.0,0.0,0,6
19.50226428572042,17.64910109796453,34.73722463055677,21,20.49773571427958,0.0,0,61
19.34466672769873,34.90314480721333,22.34384571629244,8,20.65533327230127,1.9031448072133301,1,85
15.979786268525642,20.882415167300337,36.84912437564392,16,24.020213731474357,0.0,0,72
76.86882884306941,30.331654589755342,81.11241843568621,5,0.0,0.0,-1,0
51.23309424248532,20.914196859903722,39.647142234654495,14,0.0,0.0,0,6
75.8201053270506,25.245626964413024,52.351682265422056,15,0.0,0.0,0,0
76.46946186974041,20.32718970160542,26.135399565915435,11,0.0,0.0,1,0
61.572307127643874,24.82755628984868,74.15859500318992,20,0.0,0.0,-1,2
84.3930206966606,26.79415190437414,44.580463939174756,21,0.0,0.0,0,0
42.00901026115796,21.104088234982775,41.81100878993388,3,0.0,0.0,0,9
45.63270290327361,29.886648020036134,47.59821760035619,19,0.0,0.0,0,8
39.041948566387376,30.672592522425067,95.0,15,0.9580514336126242,0.0,-1,10
48.00559267945837,44.236177203385964,57.94750136131383,12,0.0,11.236177203385964,0,7
29.63379668052915,33.57217489732345,47.17771147746582,2,10.366203319470848,0.5721748973234497,0,35
42.67084594572309,35.05852214839037,15.0,14,0.0,2.0585221483903666,1,9
77.66449191253302,17.38590743902833,74.35391353123575,9,0.0,0.0,-1,0
83.49401639643237,16.249206713657433,37.49197681812901,0,0.0,0.0,0,0
23.406995254255584,26.218056571432108,34.65227794374955,4,16.593004745744416,0.0,0,49
18.005385149861088,38.72089780426819,36.26154200009485,2,21.994614850138912,5.720897804268191,0,75
89.36132398209325,42.84617703514806,76.37042709241672,7,0.0,9.84617703514806,-1,0
51.07344394085324,23.874785584255307,49.24106196865794,4,0.0,0.0,0,6
16.396183365344573,24.48266320542622,22.602887887003558,20,23.603816634655427,0.0,1,84
57.702740921642736,31.26336337367364,46.325577819392464,6,0.0,0.0,0,4
37.85159712101837,26.817046266154772,35.03234637798245,10,2.148402878981628,0.0,0,10
22.3985991690586,26.968393613473673,56.47174002676033,17,17.6014008309414,0.0,0,52
51.16057448382827,31.80939472246276,43.044476006824624,2,0.0,0.0,0,6
50.82575358993387,44.293107975061154,21.752675164532253,8,0.0,11.293107975061154,1,6
51.137032972848495,35.82744015001271,48.51520125772496,4,0.0,2.8274401500127126,0,6
50.60878002143183,39.21475928594056,48.977681578191984,12,0.0,6.214759285940559,0,6
74.78715206928466,16.935190431510946,27.437134065916606,20,0.0,0.0,1,0
70.81196060922112,34.44868886501441,15.0,13,0.0,1.448688865014411,1,0
55.448197688942045,22.30078838749109,55.08705823529819,9,0.0,0.0,0,4
50.80727524258217,38.05869084852509,44.94842868965198,2,0.0,5.058690848525089,0,6
52.94182421756539,36.14395919510913,46.12674499528375,22,0.0,3.143959195109133,0,5
56.25498558496823,31.622888955712348,63.42497879535484,11,0.0,0.0,0,4
38.86618363006232,23.54264010814937,15.103728759356144,13,1.1338163699376835,0.0,1,10
66.12577908954395,25.09709072360689,51.08544845683619,12,0.0,0.0,0,1
63.78097702365974,25.582557545421476,61.92640409305878,12,0.0,0.0,0,2
14.006348139157648,32.574001405479784,46.71234160542375,2,25.993651860842352,0.0,0,77
58.64392794258036,30.42332659868394,24.509286682029295,10,0.0,0.0,1,3
63.90668131646687,36.52019400604389,38.10505695731117,10,0.0,3.520194006043887,0,2
39.18675940332876,37.664919364214086,41.873637828019504,18,0.8132405966712426,4.664919364214086,0,10
43.80414101637675,22.927854147914594,21.578385434839696,10,0.0,0.0,1,8
79.67413856348784,30.851179083313454,56.68473650756698,20,0.0,0.0,0,0
6.247733780532201,30.778217089959572,50.05765808929428,15,33.7522662194678,0.0,0,101
51.79311332109876,27.429858175678692,38.42725133987796,3,0.0,0.0,0,6
74.20500498836216,33.650587803722,67.739430546915,21,0.0,0.6505878037219972,0,0
66.50227641039204,30.945840339704816,40.604286124963764,9,0.0,0.0,0,1
20.94149577847727,24.552653079894796,76.63828469728422,16,19.05850422152273,0.0,-1,40
52.95137463063504,27.147297098086124,45.15928802368485,6,0.0,0.0,0,5
37.187181181923776,25.90467353774383,32.81825271144646,18,2.8128188180762237,0.0,0,10
50.70955367596617,23.63489695091852,33.36163848396566,21,0.0,0.0,0,6
36.277886356983196,27.48806875640849,51.63945625467574,0,3.7221136430168045,0.0,0,11
54.21069523453295,20.218452915480643,30.731264430123296,17,0.0,0.0,0,5
59.49880484237278,30.84329588045422,52.59921750502891,17,0.0,0.0,0,3
36.674148282371924,36.424710264414756,42.79064988918199,7,3.325851717628076,3.424710264414756,0,11
52.27809467534521,28.302827281391494,42.3778829182162,9,0.0,0.0,0,5
8.391631639744064,33.678566778783136,49.25065185264822,9,31.608368360255938,0.6785667787831358,0,109
9.010490175535844,28.931977309072398,68.08430951584984,10,30.989509824464157,0.0,0,92
38.175164163377474,21.867370851505353,40.226108131927795,10,1.8248358366225261,0.0,0,10
51.13371651696522,40.04239085444019,53.31432412786549,21,0.0,7.0423908544401925,0,6
94.48330773631318,13.465424213126017,57.997385176258774,22,0.0,0.0,0,0
60.64008133920726,28.061844414638013,28.222816158454826,22,0.0,0.0,1,3
67.0872324216907,23.388682359970012,59.40971840851874,11,0.0,0.0,0,0
22.40878075598687,37.49015836786078,64.67683818031216,16,17.59121924401313,4.490158367860779,0,60
47.00509147446364,29.295810148002918,67.39058230519257,0,0.0,0.0,0,7
52.39827426737762,43.33286062443894,30.042499404807728,0,0.0,10.332860624438943,0,5
37.56916242798377,28.216040323627578,31.300434126833157,17,2.4308375720162303,0.0,0,10
34.04419379153978,23.43495051217149,49.02171605983147,15,5.955806208460217,0.0,0,17
40.98718166198562,17.738386072767046,47.99758082252107,2,0.0,0.0,0,9
69.46195676844634,34.639872431106994,50.34764927273176,15,0.0,1.639872431106994,0,0
20.85782744232656,22.991618136619785,43.58101351151229,15,19.14217255767344,0.0,0,57
73.44025813131582,25.481148353534998,53.344944792511114,17,0.0,0.0,0,0
51.37292134072533,35.3686422337717,15.0,12,0.0,2.368642233771702,1,6
35.90740284738042,34.32019310679186,61.84545361988513,18,4.092597152619582,1.3201931067918622,0,14
30.32013411269081,24.342192360604905,76.4939454746287,18,9.679865887309191,0.0,-1,20
58.29753754923933,25.27594951863556,40.045084695664116,14,0.0,0.0,0,3
18.501115591717017,17.46358947536222,53.64240790453534,13,21.498884408282983,0.0,0,64
54.59728494138639,15.666929856232827,80.25204412642245,19,0.0,0.0,-1,5
55.908726082766336,32.582188309849826,50.602349054716925,4,0.0,0.0,0,4
5.596570823656228,33.24424989545976,55.49766743804031,23,34.40342917634377,0.24424989545975961,0,118
59.57357526180209,30.143258835781417,83.150627484259,21,0.0,0.0,-1,3
17.75637521198319,29.1233484912575,86.65570841707247,12,22.24362478801681,0.0,-1,46
2.1955170603930143,23.763000507117525,30.90622293413748,21,37.804482939606984,0.0,0,113
40.86644080835692,36.808796184033966,42.59312160255073,17,0.0,3.808796184033966,0,9
75.60270578043972,17.295872878487867,66.08460438078268,10,0.0,0.0,0,0
52.93632515837733,25.189038340953875,58.94806956842893,10,0.0,0.0,0,5
61.562134204153885,28.964208354320107,62.70875286836112,14,0.0,0.0,0,2
66.94230988563211,27.997525670559742,15.0,6,0.0,0.0,1,1
73.13765189166786,27.987706772116628,15.0,13,0.0,0.0,1,0
31.67328629009117,24.884504388326555,82.11587206949883,9,8.32671370990883,0.0,-1,17
33.66389036729871,31.245444697286068,63.92972664547483,12,6.336109632701287,0.0,0,19
34.20974371135449,20.707645817907412,56.36555331812075,9,5.790256288645509,0.0,0,17
32.4566936195738,27.135967522094024,27.63878315292354,2,7.543306380426202,0.0,1,27
47.87049351989478,30.59140601010433,42.530215497691714,17,0.0,0.0,0,7
82.58901760193835,26.00481960432942,60.253738115215874,11,0.0,0.0,0,0
84.35982736280543,28.02872186997288,25.104525103496695,4,0.0,0.0,1,0
43.376724779102666,29.293084944697608,37.30542761754651,5,0.0,0.0,0,8
23.556825464620495,17.435075687390757,56.75721257026906,12,16.443174535379505,0.0,0,49
40.43207516403361,17.996198549695073,60.615365992619694,19,0.0,0.0,0,9
55.133286734466594,28.803572573554355,40.585126420351756,6,0.0,0.0,0,4
56.1199263670801,24.349707529627196,67.68082184632132,20,0.0,0.0,0,4
55.61962880040176,24.71186920613099,67.09599392294356,19,0.0,0.0,0,4
52.92803502099655,31.41404388547876,17.730440687162655,0,0.0,0.0,1,5
51.35405785186986,22.066971361138428,79.48338716805154,3,0.0,0.0,-1,6
90.43425833203493,13.520557049127959,70.99548373816219,17,0.0,0.0,-1,0
89.50300658715219,37.94217270200742,53.718236814576485,13,0.0,4.942172702007419,0,0
42.42557882390688,35.25906087813559,47.52860575257796,2,0.0,2.2590608781355925,0,9
55.44639157254881,35.1830168858222,64.20817765606803,23,0.0,2.183016885822198,0,4
36.53253969996461,21.27551454507544,59.606938837060206,0,3.467460300035391,0.0,0,10
85.68094423969345,27.5354867050456,45.11205166805072,9,0.0,0.0,0,0
82.70352398755158,20.389488492699655,78.91287788603182,0,0.0,0.0,-1,0
17.055575484230033,27.640242812560054,15.0,21,22.944424515769967,0.0,1,82
72.16127750310748,25.911934272164405,38.03193171946677,11,0.0,0.0,0,0
78.89325991857797,21.531663035000633,58.06001269454005,14,0.0,0.0,0,0
87.15090678563212,31.019716888447338,49.06212800388306,19,0.0,0.0,0,0
29.306947757727368,26.447542766642325,62.59262795563449,6,10.693052242272632,0.0,0,32
61.91852211020322,38.33620158191371,24.896480232935424,7,0.0,5.336201581913713,1,2
35.187850919167545,28.514679896564232,45.42003889654626,15,4.812149080832455,0.0,0,14
38.601585650547925,12.712626039958138,70.70663148460959,22,1.398414349452075,0.0,-1,10
39.20684366329167,17.127240948202903,23.113281030331112,4,0.7931563367083285,0.0,1,10
16.571089040341587,40.5738295963479,45.671576184983536,10,23.428910959658413,7.573829596347899,0,80
53.235184182383044,25.845778055212506,40.44526689617656,6,0.0,0.0,0,5
60.06831556178577,29.44004888038304,56.54054125937212,4,0.0,0.0,0,3
54.50793570172156,28.058374916749845,57.07569741400365,4,0.0,0.0,0,5
69.599388515298,36.49791719027813,51.74777970141272,11,0.0,3.4979171902781303,0,0
80.67286667703955,16.55853764760801,44.782625955062045,2,0.0,0.0,0,0
9.674080088011799,35.97551252284454,51.138817746925824,15,30.3259199119882,2.9755125228445394,0,104
25.816168707977972,35.5622307537317,47.036291410515375,4,14.183831292022028,2.562230753731697,0,48
25.25041903370016,28.03695536837339,49.415669127415434,12,14.749580966299838,0.0,0,44
85.92540559195648,30.47971678586603,76.22540788718936,5,0.0,0.0,-1,0
59.125586769010795,25.776419215899846,28.359356387882283,10,0.0,0.0,1,3
66.59398748023946,17.888495030367398,56.14981586232441,3,0.0,0.0,0,1
48.98458069802542,31.481717982869995,33.0419704960818,4,0.0,0.0,0,7
12.803352141933184,29.479477347841023,85.18985436863471,7,27.196647858066818,0.0,-1,57
63.45346390944715,29.604156355637652,51.60341018404546,16,0.0,0.0,0,2
52.35878371906324,30.893762673504135,27.178282532606346,10,0.0,0.0,1,5
19.331713478691817,24.374001395128676,45.82555907344019,8,20.668286521308183,0.0,0,62
39.19917044577058,36.95959941504316,23.73948203768889,13,0.8008295542294235,3.959599415043158,1,10
24.61297112536746,28.048789468907383,38.60183373217134,23,15.387028874632541,0.0,0,46
65.92968396166839,31.250265027867393,61.08354094536101,19,0.0,0.0,0,1
43.36581889797767,26.367248147598982,74.50227587555575,9,0.0,0.0,-1,8
55.76101463589872,34.30133497626881,69.45234746558327,12,0.0,1.3013349762688122,0,4
60.325089704782144,28.623957058136394,48.11222393951946,5,0.0,0.0,0,3
23.646138137964563,27.48928597729644,60.261000684467675,17,16.353861862035437,0.0,0,49
16.756339160181287,35.24414215290482,64.55311446884355,20,23.243660839818713,2.2441421529048213,0,80
13.569127910030424,17.6627777859321,90.49508298097749,20,26.430872089969576,0.0,-1,55
68.42651729306723,26.31989712237628,39.12844494187242,5,0.0,0.0,0,0
81.6589002068545,24.324126128174086,77.16903975808167,17,0.0,0.0,-1,0
57.39380444661211,30.24327887949342,30.34330151985129,4,0.0,0.0,0,4
31.10453217388952,29.894813490653593,71.23886699018283,0,8.89546782611048,0.0,-1,18
70.73684336953126,27.929213429009824,38.828210524817415,17,0.0,0.0,0,0
9.454008821599002,23.715987166213953,37.69283745160436,10,30.545991178400996,0.0,0,91
41.95050731414778,27.855812975780818,44.87630762790869,7,0.0,0.0,0,9
79.07471597612776,29.940211657293947,36.032113962729035,12,0.0,0.0,0,0
34.72667863367086,26.929393458164807,57.66899079232256,10,5.273321366329142,0.0,0,15
58.40399251499091,34.64528145722162,72.0777495591978,5,0.0,1.6452814572216212,-1,3
94.47111993753272,31.672087705686057,15.0,10,0.0,0.0,1,0
22.97746003398007,28.11419302555506,46.857156951811,0,17.02253996601993,0.0,0,51
31.96656552332903,13.923878316650129,30.44189205035717,18,8.033434476670969,0.0,0,24
66.54057662900482,26.690148750684966,66.29148379470391,22,0.0,0.0,0,1
56.46735304099486,31.78057903078726,75.56724905298826,13,0.0,0.0,-1,4
75.05592736401012,26.32383919621039,46.856438189674215,14,0.0,0.0,0,0
89.8896466419684,29.81952921482122,37.34052539221,17,0.0,0.0,0,0
58.37966676673075,26.652540398543486,20.92632803186231,11,0.0,0.0,1,3
88.24410923244741,29.394959354301026,85.07822086436707,23,0.0,0.0,-1,0
36.95154784986089,36.40605076986986,73.7407450834511,6,3.048452150139113,3.406050769869857,-1,10
46.73441514954945,32.72046949632069,15.0,17,0.0,0.0,1,7
69.96654133753965,20.226515345136043,61.7985347811978,6,0.0,0.0,0,0
38.850617366585716,18.051857327861608,29.98156752359337,6,1.1493826334142838,0.0,1,10
60.61348627577697,30.655347596727033,40.84652058675385,10,0.0,0.0,0,3
49.760799765026995,35.00711975358427,27.527436153480608,18,0.0,2.00711975358427,1,6
46.68867224158708,18.036105191000697,15.0,9,0.0,0.0,1,7
60.50460489778335,26.741154766588476,49.179450382776864,20,0.0,0.0,0,3
86.91334932059286,42.23931040585345,84.1174245833069,9,0.0,9.239310405853452,-1,0
27.346087447860583,26.38817041239382,33.33135989739355,10,12.653912552139417,0.0,0,37
64.92571576742299,43.155144876865876,66.04372084695885,12,0.0,10.155144876865876,0,1
36.530984277162624,23.058395626153704,68.86928144970724,15,3.4690157228373764,0.0,0,10
30.055301566874164,24.118584641835273,62.99149832387813,10,9.944698433125836,0.0,0,29
29.678900643834023,23.782287269555844,85.93623236311271,11,10.321099356165977,0.0,-1,21
41.059676166663465,20.32487491079465,67.19372788626825,1,0.0,0.0,0,9
61.903722107651994,17.852149612154257,82.48378856520371,3,0.0,0.0,-1,2
88.951316683496,26.67254633229554,29.35280341920957,3,0.0,0.0,1,0
16.731009597261497,28.869189428201288,63.416443601539626,17,23.268990402738503,0.0,0,69
20.075078825025898,23.699322212157792,77.19618758831726,8,19.924921174974102,0.0,-1,41
36.371139776380474,25.14268506049391,36.103955199085334,10,3.628860223619526,0.0,0,10
51.20525493287986,36.67645154363049,15.0,12,0.0,3.676451543630492,1,6
50.45283960937169,33.830461421464385,27.187950582328202,8,0.0,0.8304614214643848,1,6
50.827648423745174,26.44794257044765,36.95415453817171,3,0.0,0.0,0,6
58.33286468160933,30.579252578180004,60.10127205030162,11,0.0,0.0,0,3
55.751503223001286,18.18145828379588,39.80417294943365,8,0.0,0.0,0,4
30.669039007439476,29.61776139764381,50.05616471933801,13,9.330960992560524,0.0,0,27
12.352083842623838,27.625544078779388,39.12200340319467,15,27.647916157376162,0.0,0,82
44.81820385577395,25.75500565775277,47.686242320938376,18,0.0,0.0,0,8
61.305560175730086,28.19685999932461,48.80795658759443,12,0.0,0.0,0,2
71.30227457528868,27.226949365535756,38.61720897863755,21,0.0,0.0,0,0
50.12339460928102,20.118164061063208,64.7825752428603,23,0.0,0.0,0,6
25.813435806643998,38.078638704369254,74.84567218496741,16,14.186564193356002,5.078638704369254,-1,34
65.00211574779088,33.704905180721916,29.320324701244274,22,0.0,0.7049051807219158,1,1
9.645653006529884,25.67322554257585,53.91168800187829,23,30.354346993470116,0.0,0,91
76.45218638378569,17.43659444200782,24.26846805750309,20,0.0,0.0,1,0
77.655428279499,13.262322591773678,18.450950995607062,3,0.0,0.0,1,0
61.77257831847345,40.028223003428955,68.65775478926457,16,0.0,7.0282230034289555,0,2
10.659618155252682,26.9580323384633,86.13330196644554,3,29.34038184474732,0.0,-1,61
71.14451104598545,32.57789434344278,44.089429352411216,7,0.0,0.0,0,0
75.96047857205534,22.307626221175266,82.99935153116974,18,0.0,0.0,-1,0
55.86625432453758,26.155771464859882,38.33239508692579,12,0.0,0.0,0,4
58.34701422336936,26.462003096254843,45.77928752539819,15,0.0,0.0,0,3
11.885486062672538,29.448768248401304,80.01923952373114,9,28.114513937327462,0.0,-1,59
88.6334146629429,28.539210789883796,33.57204822046428,20,0.0,0.0,0,0
53.771670745542025,22.46640455551624,66.50022402570858,8,0.0,0.0,0,5
34.05287217990956,22.40387874305237,43.73100452737213,16,5.9471278200904365,0.0,0,17
33.46952008322594,27.510719817728088,37.02730209128109,18,6.530479916774063,0.0,0,19
33.914674838498854,17.474124812133052,40.841519259832396,0,6.085325161501146,0.0,0,18
60.56796031360436,23.06154438053354,15.0,20,0.0,0.0,1,3
31.684401508142113,27.075170873226636,72.6996142433792,16,8.315598491857887,0.0,-1,17
45.64910024216559,30.3849973595636,54.07340355753002,4,0.0,0.0,0,8
53.65938465790004,37.02061129653714,47.33601169750015,5,0.0,4.02061129653714,0,5
46.54672645937649,25.141211811363366,37.527022471485964,1,0.0,0.0,0,7
52.95690347087938,28.216686962101285,55.611968987308096,10,0.0,0.0,0,5
86.88212940301298,16.795817804523693,65.90211629950383,1,0.0,0.0,0,0
70.9012533285663,30.008881882018322,45.058191746599775,16,0.0,0.0,0,0
92.99325410617996,22.543854813212565,67.34461596570192,1,0.0,0.0,0,0
12.745569508735539,26.15059087013733,54.951792768306326,15,27.25443049126446,0.0,0,81
24.482744713872236,30.855289306317832,48.31915878760304,17,15.517255286127764,0.0,0,46
58.69712360955071,31.10610110616787,66.42252930304215,9,0.0,0.0,0,3
59.02420069626202,19.277513816609364,40.85752652049129,8,0.0,0.0,0,3
83.6836507386526,32.811700780081466,27.472420637107902,17,0.0,0.0,1,0
33.79440317758296,27.766754285462962,49.04439213615256,21,6.205596822417043,0.0,0,18
36.53299409289476,35.603072376673126,50.635017471304074,22,3.4670059071052393,2.6030723766731256,0,11
64.84951093491499,36.769783016115994,45.99819945197857,14,0.0,3.769783016115994,0,1
41.90638765422384,37.6367848779235,71.41810647073754,5,0.0,4.636784877923503,-1,9
76.3638416140499,19.453482969597985,59.008863767020586,8,0.0,0.0,0,0
93.39660682370959,30.413711091905164,47.92885312378064,2,0.0,0.0,0,0
32.09110064330399,18.53559905791358,49.90083080932957,0,7.908899356696011,0.0,0,23
39.283759140881784,35.80870312729584,51.45133134280227,3,0.7162408591182157,2.8087031272958427,0,10
10.277142263611164,36.66262570807875,59.46894841288588,18,29.722857736388836,3.6626257080787497,0,102
27.0445746259939,33.868306769555545,50.94561862858831,10,12.9554253740061,0.8683067695555451,0,44
15.02351182984232,25.452404915390392,47.2196757359299,13,24.97648817015768,0.0,0,74
55.77503682041337,31.265481839117324,25.98432936565172,7,0.0,0.0,1,4
56.336302052397095,24.686527986296625,37.22367497887079,1,0.0,0.0,0,4
12.91327781210404,28.082619448309853,54.98602902172714,11,27.08672218789596,0.0,0,81
75.39585122094633,27.446748694899508,53.38407755806321,10,0.0,0.0,0,0
59.65159399744384,16.009943513363215,23.26403679329313,2,0.0,0.0,1,3
90.63110070157889,23.142965881818824,39.88549042337601,15,0.0,0.0,0,0
42.65633851609486,41.625156698346615,33.264445050575674,5,0.0,8.625156698346615,0,9
60.10841678018747,27.47985014173683,74.56340795847565,12,0.0,0.0,-1,3
42.75068026093138,28.961364687658612,54.52039723899996,8,0.0,0.0,0,9
42.949097918250686,27.947976045353528,57.74626181719816,2,0.0,0.0,0,9
61.35137381868036,25.536856054275162,48.79902959085979,22,0.0,0.0,0,2
87.61294801171063,28.216643200444143,38.72611576614028,15,0.0,0.0,0,0
78.87572077924855,25.557942184134586,41.98208175621086,7,0.0,0.0,0,0
64.51178931574745,14.302301716617546,58.869024497870086,5,0.0,0.0,0,1
18.64147924446675,32.71736521142503,45.31824924656498,1,21.35852075553325,0.0,0,64
49.50252267084706,37.67721781130153,59.05554853555694,18,0.0,4.6772178113015315,0,6
76.51065059306515,21.014931674149484,52.57351723697549,7,0.0,0.0,0,0
79.46003850215972,25.52290572416298,55.31982137442332,5,0.0,0.0,0,0
43.04721112553525,36.999725475798655,56.23802943475323,22,0.0,3.9997254757986553,0,8
52.34421012782142,23.3715813841017,40.529203943633036,23,0.0,0.0,0,5
40.3556875493625,30.326302548456976,44.40343275766034,10,0.0,0.0,0,9
21.438663853673752,45.0,66.35924159208224,14,18.561336146326248,12.0,0,64
74.17092961806406,31.793619063660444,82.87449255291236,19,0.0,0.0,-1,0
50.10011781777865,28.412951941269736,66.5238603202961,14,0.0,0.0,0,6
60.79152778093375,33.29026263879383,15.0,6,0.0,0.29026263879382697,1,3
67.76285942569996,32.660481229422935,36.35603900938959,18,0.0,0.0,0,0
29.23418218461262,24.026422531274015,52.064902330046024,3,10.76581781538738,0.0,0,32
55.66701226250925,17.581341268818996,30.2320895127006,13,0.0,0.0,0,4
91.72971541525308,31.56348097984007,29.388427974068833,11,0.0,0.0,1,0
19.872056160800685,32.46314442576213,42.46309730818757,14,20.127943839199315,0.0,0,60
57.30040863743461,26.214942005088616,56.21580884690579,16,0.0,0.0,0,4
68.78959282778523,37.871175699375776,61.11565847285329,1,0.0,4.871175699375776,0,0
26.577961843576077,36.66841562863675,43.3877589701601,20,13.422038156423923,3.668415628636751,0,46
8.003895134030737,32.64710718445198,42.00575027942574,7,31.996104865969265,0.0,0,95
47.60955804301076,26.328271327786602,34.81372790113195,5,0.0,0.0,0,7
88.12500576076131,15.454442839574973,59.12774343091962,12,0.0,0.0,0,0
45.338201654453094,26.953871672735712,57.918016363212026,23,0.0,0.0,0,8
39.14263574611788,16.982851679800625,66.32681924951189,20,0.8573642538821176,0.0,0,10
23.337910073577813,13.857447279051321,52.335546137884066,11,16.662089926422187,0.0,0,49
64.89058588047591,31.88295145228167,26.39831363121624,14,0.0,0.0,1,1
28.90595000634571,35.033843525414945,43.71999939384478,12,11.094049993654291,2.0338435254149445,0,38
31.880995369187925,16.29642183022957,65.42455251854314,16,8.119004630812075,0.0,0,24
15.918159702648223,26.46072659315982,18.761364954030107,20,24.081840297351775,0.0,1,86
73.42975980542464,27.895042665801128,48.47309128054358,3,0.0,0.0,0,0
22.04473322138318,26.24557217041308,55.132707656141704,9,17.95526677861682,0.0,0,53
7.301475607146224,19.728922387958082,86.06637358917061,13,32.69852439285378,0.0,-1,68
43.89011472839282,35.98622173833786,39.17993851880934,18,0.0,2.9862217383378606,0,8
62.838470240767386,19.89466138638586,47.80981523500296,2,0.0,0.0,0,2
72.18209737826852,16.30481246404746,80.37683198872578,13,0.0,0.0,-1,0
20.20575066874887,19.753314076755593,39.41019152467797,18,19.79424933125113,0.0,0,59
63.51105524151439,30.88805360273698,69.34470298828536,3,0.0,0.0,0,2
47.919936688714365,26.396777179429286,57.06789184054088,4,0.0,0.0,0,7
77.0879708074975,23.378519042781193,46.021780151548754,0,0.0,0.0,0,0
63.78981300757657,31.165895376637256,58.12910810978464,20,0.0,0.0,0,2
13.519711476488647,29.99576824316368,47.34478615761296,22,26.480288523511355,0.0,0,79
90.88087772470995,14.156070647639947,90.64065463411518,11,0.0,0.0,-1,0
31.543407119180383,31.105404807482525,15.0,20,8.456592880819617,0.0,1,30
79.20348856958115,35.08739793277181,44.91560183479399,14,0.0,2.0873979327718075,0,0
51.8247133071944,27.260909371443713,45.443187686956804,23,0.0,0.0,0,6
61.07025501707929,26.590511160550886,47.588131374789256,2,0.0,0.0,0,2
31.13798785357018,39.36324873516386,69.44764337506405,16,8.86201214642982,6.363248735163857,0,30
85.1268205590799,23.74108681562971,41.953336962655335,17,0.0,0.0,0,0
62.75931058601704,27.006036289374233,58.85672239054237,15,0.0,0.0,0,2
30.473428435458317,29.985879750042134,54.16639753334855,11,9.526571564541683,0.0,0,28
53.11260406757968,28.290641938353964,65.09257609381913,5,0.0,0.0,0,5
65.89733567698313,26.366294161486614,47.53071424058029,4,0.0,0.0,0,1
61.539987344455525,28.535345026621687,55.799732364976734,15,0.0,0.0,0,2
21.62718846122778,37.41367656504341,47.77808486446044,13,18.37281153877222,4.41367656504341,0,63
13.268566191140183,32.845945873230605,32.25103590768454,11,26.73143380885982,0.0,0,80
36.76032729581865,27.551693170114714,78.7826571147063,0,3.239672704181352,0.0,-1,10
41.02248217996765,22.816359169317554,36.28068940957622,9,0.0,0.0,0,9
9.541323663922086,23.613974523107025,41.38722025921648,20,30.458676336077914,0.0,0,91
74.7780095812166,33.70130250308914,34.57719958701032,16,0.0,0.7013025030891384,0,0
46.88015916541234,18.440066583139927,57.23638603237107,18,0.0,0.0,0,7
30.564265562318322,42.41913848393888,41.39310829833633,2,9.435734437681678,9.41913848393888,0,32
51.28501048540935,27.809291895517173,77.2743585400111,10,0.0,0.0,-1,6
57.320805701384536,19.72871124809906,59.61111141809616,12,0.0,0.0,0,4
8.747053929768748,29.091855351480405,45.01677608863458,18,31.252946070231253,0.0,0,93
37.03762620627049,23.1957640216826,33.624490419629595,18,2.962373793729512,0.0,0,10
55.25573305751297,25.48607822937561,48.007278484115034,2,0.0,0.0,0,4
52.97174235789242,18.935369237257582,59.360548499034316,19,0.0,0.0,0,5
32.42045016708214,26.56838320192504,49.174075219940335,0,7.579549832917863,0.0,0,22
55.658397324093215,15.264173257730894,47.47361629026211,11,0.0,0.0,0,4
32.22711252796664,24.40080345028655,31.631544168305286,5,7.772887472033361,0.0,0,23
45.04306274784522,23.03615880217231,90.3766487634716,8,0.0,0.0,-1,8
63.88508762772162,24.986089820878405,46.37999782460841,10,0.0,0.0,0,2
41.924308274390114,23.41480399381785,25.258686157156177,13,0.0,0.0,1,9
65.33931744775026,28.203784802625847,30.649157940090788,0,0.0,0.0,0,1
10.849989399908596,33.32803152993419,43.806151466982485,3,29.150010600091406,0.3280315299341865,0,100
57.16705837473069,30.16367280233327,85.00596532936586,16,0.0,0.0,-1,4
50.12399589934433,35.795571920451415,46.932754304019234,2,0.0,2.7955719204514153,0,6
57.95624053730008,25.008826056833087,43.25356849510031,5,0.0,0.0,0,4
69.02354514197216,29.948289132595892,65.20446094066416,19,0.0,0.0,0,0
8.934599517423788,30.184687536269486,66.51832634185244,5,31.065400482576212,0.0,0,93
61.27303857769936,34.909910288521225,61.86357835519108,3,0.0,1.9099102885212247,0,2
77.8800438939891,23.61732912242339,53.5977668829462,11,0.0,0.0,0,0
46.37325546938118,32.73299373524946,30.12194643233654,10,0.0,0.0,0,7
70.61635885528528,22.856140008070906,36.48169822262862,3,0.0,0.0,0,0
43.5891260336966,24.580478388566547,21.363298525017424,9,0.0,0.0,1,8
21.4860039633392,25.848062807593983,45.96866893962879,20,18.5139960366608,0.0,0,55
76.19878497512303,30.719040886115593,42.35612015224344,23,0.0,0.0,0,0
37.778129604692495,21.477954155169535,40.48795642129345,1,2.221870395307505,0.0,0,10
63.90083333422404,22.31407686136613,55.02673384379874,16,0.0,0.0,0,2
82.83021998550939,24.12961876845721,38.170578093402526,16,0.0,0.0,0,0
67.65830638021943,28.290659410061068,43.87162749702849,18,0.0,0.0,0,0
65.21473503270127,22.382509659581864,41.246019159807304,18,0.0,0.0,0,1
57.75121977555825,29.583830253731243,49.426703361728194,16,0.0,0.0,0,4
42.45784275346979,25.853007229371535,56.56347163412166,20,0.0,0.0,0,9
64.52099365054208,31.94743429136807,25.798403387281773,6,0.0,0.0,1,1
17.30140881358841,28.37764956907005,58.15787849120714,3,22.69859118641159,0.0,0,68
28.048285636382854,38.51280696940412,54.756545445404036,8,11.951714363617146,5.512806969404117,0,41
48.80933734747535,28.726878041633462,57.53527266966721,4,0.0,0.0,0,7
51.38001472705944,20.68966325530781,52.39816398692983,4,0.0,0.0,0,6
71.55519824780234,26.72339593824635,56.508151327692644,1,0.0,0.0,0,0
40.65643249520202,28.12684056431826,42.51801049105997,13,0.0,0.0,0,9
60.810783191490934,22.547955617894466,57.98062617133116,19,0.0,0.0,0,3
58.081566909206515,37.10259248276961,70.60220514173923,1,0.0,4.102592482769609,-1,3
56.48035021558853,26.140373254259213,41.08314493655391,15,0.0,0.0,0,4
85.74756646811977,24.13198823711631,41.73629578730903,21,0.0,0.0,0,0
90.77182367422063,29.08924670636452,61.34909179017579,11,0.0,0.0,0,0
49.4776728726763,22.562755821033647,40.02785884913769,4,0.0,0.0,0,6
48.02821419662036,33.79808086861719,37.053713146664485,16,0.0,0.7980808686171912,0,7
78.77722217337455,32.59211473496587,57.599095089064875,5,0.0,0.0,0,0
77.95698382742937,28.783747155975067,42.25158447500171,3,0.0,0.0,0,0
53.817386818419855,31.549317826624865,71.99143607233623,11,0.0,0.0,-1,5
44.125466761417265,25.00197624450997,41.608193147485956,0,0.0,0.0,0,8
83.2509890802219,18.9836823754021,35.255920411555245,7,0.0,0.0,0,0
21.656954267773866,26.046353775911918,49.913856524778105,18,18.343045732226134,0.0,0,55
68.94757073460718,24.990909737117555,57.837745675618784,3,0.0,0.0,0,0
66.76640891709543,15.78078501652789,55.76570780022767,12,0.0,0.0,0,1
34.48748405039548,21.652884560379718,59.700429272155006,23,5.51251594960452,0.0,0,16
32.15187753423615,20.61775036913447,40.04319101911116,5,7.848122465763851,0.0,0,23
17.27808581602703,21.67722821091479,70.43888148012658,6,22.72191418397297,0.0,-1,47
33.17191484592939,35.99985754699468,20.203732851567114,16,6.828085154070607,2.999857546994683,1,28
27.379297287352717,31.071633228284163,35.944583073998984,17,12.620702712647283,0.0,0,37
16.878870272055657,33.78983503387033,50.69061648523456,11,23.121129727944343,0.7898350338703324,0,79
54.3147074974521,31.05753009866858,37.45187293420765,17,0.0,0.0,0,5
46.29047052635553,34.49806393979521,44.425401650717,15,0.0,1.498063939795209,0,7
78.82807888566549,28.16156994560086,32.33012360611491,5,0.0,0.0,0,0
45.06675627974559,37.09403088303757,46.253178054926856,19,0.0,4.0940308830375685,0,8
75.8450656988589,20.61164920831596,58.33539056908458,6,0.0,0.0,0,0
50.18985289803328,27.59356604757653,40.36009710911584,16,0.0,0.0,0,6
70.75757642617987,21.850682575019327,34.178586275112615,12,0.0,0.0,0,0
63.910543881664175,35.450209373107356,41.703470701097984,12,0.0,2.4502093731073558,0,2
36.14757234069955,30.518759695151964,69.86961598025547,20,3.852427659300453,0.0,0,11
53.88948905789307,35.12017076126316,69.7203221151444,21,0.0,2.120170761263161,0,5
32.63461339229152,19.579197072820122,41.39402080590932,17,7.36538660770848,0.0,0,22
7.427826226911592,24.385370302096337,59.1491652544076,14,32.57217377308841,0.0,0,97
28.105492536293358,17.296301273540305,49.6699785612114,7,11.894507463706642,0.0,0,35
49.31940265056504,30.167662479582106,73.11287417334884,17,0.0,0.0,-1,6
79.77801085283158,25.43118516264969,53.44819319656028,1,0.0,0.0,0,0
44.15130319319982,32.533521174477386,46.37202469868914,2,0.0,0.0,0,8
72.73591612435908,28.189928188081314,78.79779335945412,14,0.0,0.0,-1,0
52.54287943414084,15.218887711823587,33.37157925228091,6,0.0,0.0,0,5
49.88651290361892,18.037730986576086,55.74567585877141,11,0.0,0.0,0,6
44.32994438278993,28.494483602684397,74.58930467963033,22,0.0,0.0,-1,8
70.62926028562653,30.79433194500642,61.99088409788877,8,0.0,0.0,0,0
50.69005894826122,14.702289602851334,36.26885774803947,10,0.0,0.0,0,6
23.91521867491086,27.499132892877647,35.299948256827086,15,16.08478132508914,0.0,0,48
89.43549678738938,21.895589398348513,24.647215496281103,17,0.0,0.0,1,0
21.288465554279572,21.338715215653465,76.69258851275391,22,18.711534445720428,0.0,-1,39
28.3482836678889,24.069921047400396,29.607919979861126,7,11.6517163321111,0.0,1,41
59.783514797253424,28.741114351044036,62.84122703643344,21,0.0,0.0,0,3
37.4942871199899,23.76072847842456,24.322794796074763,5,2.505712880010101,0.0,1,10
83.24904558624043,16.083137910597728,95.0,15,0.0,0.0,-1,0
59.54703013335402,28.693797365664466,25.647851745481418,1,0.0,0.0,1,3
45.92921378907771,25.895818380761504,50.765390855515854,23,0.0,0.0,0,8
58.96468888488666,22.370286610338102,71.81708071896855,18,0.0,0.0,-1,3
14.372073616520362,26.153034638490936,37.34468718221335,9,25.62792638347964,0.0,0,76
94.94468214325839,25.91287105243353,60.147881617121534,21,0.0,0.0,0,0
58.89942934301177,28.264076929452255,44.92702390151695,2,0.0,0.0,0,3
18.074106137494752,26.51266066011903,56.987451332750005,8,21.925893862505248,0.0,0,65
67.59146515210213,28.992455564571642,69.45385877550856,10,0.0,0.0,0,0
46.602873185253365,27.708357197954257,42.28933839121861,15,0.0,0.0,0,7
35.51814522507698,32.918164518561404,76.94438662214057,15,4.481854774923022,0.0,-1,10
18.44985486719793,37.50842916446618,56.34372154723692,1,21.55014513280207,4.508429164466179,0,74
10.375047807809551,27.909194039292785,85.07238571411233,19,29.62495219219045,0.0,-1,62
24.261253843640187,24.27032126625601,35.02496638093322,3,15.738746156359813,0.0,0,47
33.98718623176776,19.378952187333343,38.442619551931166,22,6.012813768232242,0.0,0,18
34.46252490612955,31.87808994841363,45.8192065028856,9,5.537475093870448,0.0,0,16
42.68547863937589,22.58503327385229,28.172248894871622,12,0.0,0.0,1,9
72.0616207712123,42.08528073868176,66.66590491875847,9,0.0,9.08528073868176,0,0
27.402966070103453,44.67503983579844,48.634882576956876,8,12.597033929896547,11.675039835798437,0,43
54.827923035029094,26.721824406150297,29.369764224469964,10,0.0,0.0,1,5
16.97603024691935,18.009991968378493,35.1897375732505,6,23.02396975308065,0.0,0,69
54.1368774593334,31.922704156806574,34.34063699588674,21,0.0,0.0,0,5
44.663148778608864,40.59273706608856,66.62587063786795,14,0.0,7.59273706608856,0,8
20.17694404549995,20.126345546176715,58.229172590968275,10,19.82305595450005,0.0,0,59
32.49646308601506,39.38831341319755,47.613817601297555,16,7.503536913984938,6.388313413197551,0,25
32.08072781490176,16.905983286086737,43.42462664945057,1,7.919272185098237,0.0,0,23
26.606649275611442,19.27479360521545,45.70285147620921,15,13.393350724388558,0.0,0,40
82.1090655131582,29.85378181145594,82.06004829399514,4,0.0,0.0,-1,0
38.87731412580163,34.10025184695299,45.78977527626003,4,1.1226858741983676,1.1002518469529932,0,10
37.44623242245894,27.601363512836286,65.43586220618408,15,2.553767577541059,0.0,0,10
55.848335094338665,30.696516780501007,44.072414705573024,10,0.0,0.0,0,4
29.094384549256958,34.62647674373426,80.2849621958846,4,10.905615450743042,1.6264767437342584,-1,26
89.3060539406595,35.32111443062024,28.054547289187724,1,0.0,2.3211144306202414,1,0
45.29909384178753,24.26620112955353,64.5265507539117,14,0.0,0.0,0,8
75.95092847009813,22.81926874188539,36.330917893373886,12,0.0,0.0,0,0
42.484233664824224,34.32145597399428,89.8393738613369,5,0.0,1.3214559739942828,-1,9
81.03199372779456,30.725282297174026,62.552238673065034,5,0.0,0.0,0,0
40.1301646174402,31.53239864536291,19.33172982835224,17,0.0,0.0,1,9
49.674018056979,24.032897799768314,33.23361434170335,21,0.0,0.0,0,6
75.39781237812922,31.828339255238497,62.33274127987028,22,0.0,0.0,0,0
9.73289268257594,21.433083778395442,61.840254140700274,19,30.26710731742406,0.0,0,90
69.23862617739908,29.48344863289317,60.49625017645875,5,0.0,0.0,0,0
45.70560397392447,28.67062496913753,52.81851994257207,17,0.0,0.0,0,8
42.54773401422644,28.71207267263673,44.25939820016647,9,0.0,0.0,0,9
55.8181654151057,32.687185594532636,69.56145071706942,2,0.0,0.0,0,4
39.668641888332814,21.878778283580942,34.44518024849171,4,0.33135811166718554,0.0,0,10
54.16458251212367,32.061556799936014,50.96180146832404,10,0.0,0.0,0,5
71.86201445141018,28.123905697816202,38.83744594303195,6,0.0,0.0,0,0
32.48862254260381,23.250689078800157,37.40145150554203,4,7.511377457396193,0.0,0,22
60.473569362761545,20.069088824536877,41.73800199655071,18,0.0,0.0,0,3
91.98419959756896,39.33205369136688,36.7652658351993,1,0.0,6.33205369136688,0,0
62.58541652845749,27.58329703622313,59.89484182127451,22,0.0,0.0,0,2
48.22864407341845,25.870194622348563,23.43016474550283,9,0.0,0.0,1,7
80.35249142829348,21.13795457321732,57.75831375770765,7,0.0,0.0,0,0
57.84359346981466,34.531924828732684,38.5832037511467,7,0.0,1.5319248287326843,0,4
64.19691542223569,34.066507037939,50.54699224928545,16,0.0,1.0665070379389974,0,1
44.86871821927005,32.91100107120646,46.99679920498505,22,0.0,0.0,0,8
31.583769282848657,27.63380110550465,41.014013379148956,6,8.416230717151343,0.0,0,25
45.30158814119145,32.507547638350474,71.83622261153229,22,0.0,0.0,-1,8
79.73066563841425,23.0570672656806,43.32411873304696,21,0.0,0.0,0,0
49.23649108423754,29.305687461912772,62.663042099751266,22,0.0,0.0,0,6
53.60860244350958,27.674057319393647,62.89497353918708,14,0.0,0.0,0,5
43.74306800550654,29.602282414037028,45.09348524561012,0,0.0,0.0,0,8
59.51080527028327,17.121036094494578,27.35798451647453,7,0.0,0.0,1,3
74.55950208572854,39.218130001463535,34.1213832443876,12,0.0,6.2181300014635355,0,0
49.410801632695886,37.71118681202239,73.01836841098239,19,0.0,4.71118681202239,-1,6
29.815519066253472,21.09979969042926,58.865912975438334,0,10.184480933746528,0.0,0,30
84.64264815567634,31.46416999286372,52.49939821722239,13,0.0,0.0,0,0
19.823025375054222,19.078124136946368,39.79350643165557,14,20.176974624945778,0.0,0,60
56.32853962430655,28.503183254971677,81.17279477251437,0,0.0,0.0,-1,4
91.91485952396341,14.825637294253408,34.3740622152805,12,0.0,0.0,0,0
28.50774243882157,26.247013571781654,52.514763876321204,10,11.49225756117843,0.0,0,34
50.01046319524962,25.073446377184087,59.032524684009275,10,0.0,0.0,0,6
43.50448875481355,34.9404503202212,26.4972875611224,17,0.0,1.9404503202212027,1,8
40.796797860451754,38.01086343384817,36.34736132794593,1,0.0,5.010863433848172,0,9
16.51419040601401,38.14592701688578,41.76418325820149,18,23.48580959398599,5.1459270168857785,0,81
11.05680491818167,34.94955267430507,65.51438374842844,2,28.94319508181833,1.9495526743050675,0,99
52.72356585853852,28.49450581542599,42.11889490982823,17,0.0,0.0,0,5
51.09657200511698,30.329785345364478,24.14859071938546,7,0.0,0.0,1,6
48.2955288787271,30.30062364590184,22.418911350084592,12,0.0,0.0,1,7
19.93867296626245,20.918089521162322,36.19401253708635,5,20.06132703373755,0.0,0,60
50.99255147105759,34.87555593144603,23.178046532644373,23,0.0,1.87555593144603,1,6
23.64456664546447,32.14034558329936,63.83558283928268,4,16.35543335453553,0.0,0,49
3.5380320287039018,32.41901541713635,64.5411262465336,9,36.4619679712961,0.0,0,109
42.68957275928109,14.311171934899182,50.12698945314355,20,0.0,0.0,0,9
48.356431223586604,30.71649386127916,45.26393052474084,9,0.0,0.0,0,7
68.43570842028224,34.033847182823166,63.348737533487835,0,0.0,1.0338471828231661,0,0
39.43425067552781,27.90854046644281,62.60323481378635,4,0.5657493244721934,0.0,0,10
59.86165258452429,24.995551449247678,32.23976665229699,5,0.0,0.0,0,3
51.573151744634636,19.825533041367237,34.726760225316056,1,0.0,0.0,0,6
66.07351804081372,19.39510672124772,62.71779574217483,22,0.0,0.0,0,1
21.689955602835827,28.92599615474415,54.8699946672384,19,18.310044397164173,0.0,0,54
85.12250614869474,26.591478182750375,60.94823401097862,20,0.0,0.0,0,0
35.4673840942131,26.507349965739504,33.9093707467488,13,4.532615905786898,0.0,0,13
14.899330743761228,37.173544039961854,36.470117441621184,8,25.100669256238774,4.173544039961854,0,86
41.413920683132375,20.464509242679515,58.349999147433245,20,0.0,0.0,0,9
66.91075631999685,25.925788197737422,37.72473523177905,19,0.0,0.0,0,1
51.28208797188665,38.16465504617382,22.64108107733306,17,0.0,5.16465504617382,1,6
50.014247035124214,26.127446652360774,37.99739344076313,3,0.0,0.0,0,6
14.63323636763216,28.39772628640089,46.30750770764233,20,25.366763632367842,0.0,0,76
62.25750761861183,26.949442843330356,80.62428198988363,15,0.0,0.0,-1,2
10.772704281084255,32.23470721520623,34.90796573139572,16,29.227295718915745,0.0,0,87
4.555969858896228,15.669749888334698,48.88965033589494,21,35.444030141103774,0.0,0,106
11.700139347472803,26.77987173683786,86.77270082928888,6,28.299860652527197,0.0,-1,59
12.706866395945518,28.326668155946138,30.31866610178905,11,27.293133604054482,0.0,0,81
49.62114564200116,22.010779194655964,61.88881289741798,8,0.0,0.0,0,6
52.6985137602203,30.06155048105034,37.202426258766515,4,0.0,0.0,0,5
11.511503235375825,32.71827144694409,57.230476697163624,12,28.488496764624173,0.0,0,85
67.98923868267237,30.71162524195811,92.02355896546558,13,0.0,0.0,-1,0
18.486730000378916,38.67567116942897,64.247899971602,6,21.513269999621084,5.675671169428973,0,74
16.943592298923658,25.39984153937624,52.73345920635941,17,23.056407701076342,0.0,0,69
91.74552873952743,30.991458232744808,32.87978113699156,7,0.0,0.0,0,0
26.383781221287546,30.856264148998836,46.84242551508653,20,13.616218778712454,0.0,0,40
53.44889260798696,26.5863030951623,39.82356238070133,17,0.0,0.0,0,5
49.39913196188439,34.80039369772679,23.890015339862195,9,0.0,1.8003936977267898,1,6
69.9585430261816,29.72942011479018,15.0,17,0.0,0.0,1,0
44.88527361123143,20.793732877218137,35.051608368459746,6,0.0,0.0,0,8
34.287557447188874,32.503573768683125,49.43215817555125,14,5.712442552811126,0.0,0,17
90.66122868239754,25.00375573484623,70.14773043134919,16,0.0,0.0,-1,0
19.130093013832184,26.0634946766356,36.71259454733871,4,20.869906986167816,0.0,0,62
40.48798384570015,26.507855435037815,53.44906443971049,5,0.0,0.0,0,9
73.73893790528665,32.411748065505996,19.378529294218332,3,0.0,0.0,1,0
49.58197689060198,34.473915228037384,35.59276104841415,5,0.0,1.4739152280373844,0,6
14.443693991003256,27.043076159038495,15.0,16,25.556306008996742,0.0,1,92
44.40126151104978,26.69895768626582,90.2142362997977,4,0.0,0.0,-1,8
68.5784811803056,15.717128909948396,53.56385938032153,21,0.0,0.0,0,0
41.91743085764385,23.74104084010194,52.99540576285636,8,0.0,0.0,0,9
18.25678524546274,22.319407604449367,59.63395431209692,7,21.74321475453726,0.0,0,65
77.57447712707753,29.867161510864843,95.0,10,0.0,0.0,-1,0
19.313557990016772,27.357589139118495,42.16506538397568,15,20.686442009983228,0.0,0,62
73.51440497954006,22.54698266074862,32.346060917385444,17,0.0,0.0,0,0
72.13458094750138,28.91621978365723,86.00326657771319,16,0.0,0.0,-1,0
30.977585282365013,27.59406555158435,27.84405175636989,2,9.022414717634987,0.0,1,32
7.92379668971743,12.757462526134455,73.36628839676965,20,32.07620331028257,0.0,-1,67
77.97410743961656,34.64752317215953,48.67124769671703,10,0.0,1.6475231721595307,0,0
6.581991976110577,34.06534433806744,57.80024971936646,20,33.41800802388942,1.0653443380674403,0,115
33.51107772326507,26.572481709328446,24.139165220785298,15,6.488922276734932,0.0,1,23
4.412178220967699,30.11558499768908,95.0,1,35.5878217790323,0.0,-1,74
18.410891536659847,26.048369358314098,43.11984968576717,13,21.589108463340153,0.0,0,64
13.790302225415493,18.373310841276798,37.37564473392957,19,26.209697774584505,0.0,0,78
87.51454683570819,40.982343150766084,59.87067542833904,18,0.0,7.982343150766084,0,0
33.54573512881017,32.49859131005713,38.39064662285207,17,6.454264871189828,0.0,0,19
49.335369785601664,33.64361760348307,57.640277241025196,21,0.0,0.6436176034830723,0,6
37.472142116336336,26.292733335066508,27.302330602604346,13,2.527857883663664,0.0,1,10
88.15254820396574,34.75586051202339,52.620950082232305,5,0.0,1.7558605120233892,0,0
6.6351513536447415,19.778628296045376,39.14302084921439,0,33.364848646355256,0.0,0,100
47.8412921355657,26.527077493898084,35.90030233921763,21,0.0,0.0,0,7
67.02795481005298,32.43887534479358,33.05614745363353,15,0.0,0.0,0,0
82.59395115656449,24.239156957925406,65.94554955266571,21,0.0,0.0,0,0
52.224174491889585,33.46427380137639,43.69284368867619,19,0.0,0.4642738013763932,0,5
14.104066281409574,29.82251485019029,46.69005977422256,8,25.895933718590427,0.0,0,77
68.48932793959551,29.25770429763736,57.687185925294195,4,0.0,0.0,0,0
24.388580973283457,23.67959839551174,70.52283201995743,19,15.611419026716543,0.0,-1,32
3.9425806680247075,30.42625794731305,33.38143389507749,20,36.05741933197529,0.0,0,108
39.74664762583628,39.595275691525345,53.9715659063158,12,0.25335237416371825,6.5952756915253445,0,10
77.02312189008643,29.051718431191617,33.62623215606259,5,0.0,0.0,0,0
21.387826907781708,31.3357930551564,46.24674442893674,19,18.612173092218292,0.0,0,55
77.22208753464716,32.22113415912048,69.1715645845904,20,0.0,0.0,0,0
79.3925689894175,21.13351196222759,15.0,17,0.0,0.0,1,0
77.86455209842617,27.204546945912302,33.38817888160676,12,0.0,0.0,0,0
68.83656134886219,27.02186092578194,45.83613764102284,23,0.0,0.0,0,0
78.01374207643256,15.25054206651116,56.85122160969827,22,0.0,0.0,0,0
73.6322939648683,32.73383435235991,71.9555424246115,5,0.0,0.0,-1,0
47.10442399507,22.409058184962976,19.44894483509111,7,0.0,0.0,1,7
85.31167922010276,32.077798734774866,75.4786348986589,17,0.0,0.0,-1,0
69.45436648890832,23.451835319937416,59.37423991277094,3,0.0,0.0,0,0
91.4007828436087,40.25267883395968,45.66869372098271,0,0.0,7.252678833959678,0,0
40.78782666905222,26.328659042997003,23.557363830499217,12,0.0,0.0,1,9
59.695365285041916,39.526966489737354,39.69614436464032,22,0.0,6.5269664897373545,0,3
51.44202216593617,26.963738809870314,68.4534726177171,21,0.0,0.0,0,6
33.80885886535653,27.679180834936812,50.47563345849337,4,6.191141134643473,0.0,0,18
59.73342271232443,37.399543549055885,46.74547592032706,5,0.0,4.399543549055885,0,3
45.74326070285654,22.494594607972417,32.51334672324752,8,0.0,0.0,0,8
11.136080869317125,28.299743416505667,63.22347033677792,22,28.863919130682874,0.0,0,86
65.02135437064005,31.237220588820595,47.305225314649675,20,0.0,0.0,0,1
31.12239600351418,30.422733861857324,45.7408010182952,21,8.87760399648582,0.0,0,26
48.84444955191318,28.258136980265594,48.28577760728319,11,0.0,0.0,0,7
52.49800561732458,27.43404694620616,38.385515967264865,1,0.0,0.0,0,5
65.85707149714932,33.078654840550335,35.32462323328903,15,0.0,0.07865484055033534,0,1
31.946964971649113,29.060719846337324,22.648534597835376,21,8.053035028350887,0.0,1,28
37.581635390956045,33.79827124345416,38.849526499189295,8,2.4183646090439552,0.7982712434541597,0,10
78.76612499468115,30.351368273573705,17.597110908256624,5,0.0,0.0,1,0
42.38408322723074,31.90123037168058,58.74262173721097,13,0.0,0.0,0,9
69.53417929381884,34.80137856128198,37.98259377288011,5,0.0,1.8013785612819788,0,0
20.858377339661118,26.13950880686394,42.938574326187606,20,19.141622660338882,0.0,0,57
47.947792919136326,34.63869618818893,49.331576268645456,9,0.0,1.6386961881889306,0,7
3.621684600693184,27.059111585072387,35.56055100204992,21,36.378315399306814,0.0,0,109
86.65621243104175,19.596035185567317,28.849930760075093,14,0.0,0.0,1,0
48.72399432008404,26.024815272172884,53.992874024909504,10,0.0,0.0,0,7
86.90698280594802,23.6637857419223,84.00218095022237,10,0.0,0.0,-1,0
69.1816674728543,30.25200781064796,66.38246312492986,17,0.0,0.0,0,0
17.647455348248535,26.285331444626237,73.03766241762567,5,22.352544651751465,0.0,-1,46
88.7315146283286,28.767232429092743,26.628138491778756,11,0.0,0.0,1,0
12.404371108105297,34.08531057815708,46.55366625906947,20,27.595628891894705,1.0853105781570775,0,95
67.36696357656145,36.91464377911885,46.43592980716278,22,0.0,3.9146437791188475,0,0
52.415099398637444,29.756208153314805,75.7116413823652,1,0.0,0.0,-1,5
48.14299927672895,34.513899415583815,66.50287780478035,17,0.0,1.5138994155838148,0,7
24.92460498051847,26.937133032307383,47.045535493444376,20,15.07539501948153,0.0,0,45
92.0360245305366,18.62104620767998,15.0,10,0.0,0.0,1,0
83.8962106150074,20.924065208371218,29.141468404492517,5,0.0,0.0,1,0
66.4048828259943,26.825746556787223,61.393061055969234,11,0.0,0.0,0,1
84.11092453489715,32.77356458531854,44.226694353081946,21,0.0,0.0,0,0
37.60529190441941,26.84277288320897,48.0162150843245,4,2.39470809558059,0.0,0,10
41.785333365037026,35.11527974476487,61.0453759166029,7,0.0,2.1152797447648695,0,9
29.34180340398308,38.98988924035899,70.37253906390839,22,10.658196596016921,5.989889240358991,-1,25
80.61279057684575,22.67035123636522,35.9811383965057,15,0.0,0.0,0,0
75.19117285678517,40.74916432860103,60.64977639838828,6,0.0,7.749164328601033,0,0
92.10437058782708,18.19153468130438,79.0061091324836,16,0.0,0.0,-1,0
56.558576384893136,39.093006160757966,75.70352450352976,4,0.0,6.093006160757966,-1,4
50.74666749537082,27.798854839211522,40.44528138065674,17,0.0,0.0,0,6
26.14160454917985,26.602937238486838,55.307770928815636,10,13.85839545082015,0.0,0,41
89.19301644466782,27.9518840783119,63.5135266154907,21,0.0,0.0,0,0
14.845948643025286,23.200183092107107,50.36270722712722,17,25.154051356974712,0.0,0,75
81.61414543047994,37.009333000848706,45.514525064970584,2,0.0,4.009333000848706,0,0
35.2086629352765,23.84797779622768,18.85173662794576,16,4.7913370647235,0.0,1,17
54.77373286917483,24.612931027817034,34.42862197096601,15,0.0,0.0,0,5
46.825631824326464,19.724493171890146,37.48410033685038,6,0.0,0.0,0,7
47.82158727286242,23.61601926557907,27.29522425956377,12,0.0,0.0,1,7
76.61404179255028,23.798529877449923,51.97097283481538,6,0.0,0.0,0,0
6.489401663772326,23.39582146006763,65.59804378188318,17,33.51059833622767,0.0,0,100
38.032029204749705,26.945768812765444,42.453945250328324,5,1.9679707952502952,0.0,0,10
20.114523073064472,21.311498431690655,15.0,9,19.885476926935528,0.0,1,71
18.260930708220943,37.56711813963813,47.86928719973309,14,21.739069291779057,4.567118139638133,0,74
59.92899926049542,27.083196168697693,54.93175835430971,1,0.0,0.0,0,3
35.99538078792864,30.244205090316914,53.714610500148964,22,4.004619212071361,0.0,0,12
14.973075015644596,33.17074751853888,37.01940368305248,1,25.026924984355404,0.1707475185388816,0,86
20.82694227769268,40.149624828390316,28.31010369779758,21,19.17305772230732,7.149624828390316,1,79
47.08283731594793,33.45929780460888,65.95519476030933,15,0.0,0.45929780460888026,0,7
12.3606734629671,26.513014125873845,56.33111274037871,12,27.6393265370329,0.0,0,82
71.74278257282293,21.56357989443132,37.73781300959506,11,0.0,0.0,0,0
95.60193846944051,30.02856781980773,22.97868526036582,9,0.0,0.0,1,0
27.356328367193,34.37377967823436,54.00692156367141,17,12.643671632807,1.3737796782343565,0,43
23.72266719503443,28.851590540429658,33.84418233518569,9,16.27733280496557,0.0,0,48
36.245376902844605,28.391296565415068,56.88845930984615,12,3.7546230971553953,0.0,0,11
24.52023701940145,29.28090758242243,52.84105589651476,19,15.47976298059855,0.0,0,46
21.045302297833285,16.781284313529966,87.38435007180712,15,18.954697702166715,0.0,-1,39
17.894754641670044,28.878811284243184,48.59775914644157,15,22.105245358329956,0.0,0,66
21.960746387503796,32.393650057847665,86.01366025815,13,18.039253612496204,0.0,-1,37
82.63764369642308,27.725901545274642,51.47443066565481,0,0.0,0.0,0,0
49.71325032431784,34.741058812134554,37.99531897684376,1,0.0,1.741058812134554,0,6
72.55260155191864,34.94131663730661,31.001324730651458,1,0.0,1.9413166373066133,0,0
40.69876660292938,24.976608412902337,34.21347255376551,6,0.0,0.0,0,9
49.0856714399945,30.65073594566657,57.723438433014664,11,0.0,0.0,0,6
37.54379734976035,28.25653820846584,52.32487426972237,5,2.4562026502396535,0.0,0,10
42.904864745207036,15.828803952265535,16.90448575844667,12,0.0,0.0,1,9
50.496839157247756,26.87688001321689,68.36294854165077,21,0.0,0.0,0,6
73.35938914648588,21.814594762064573,76.58431788218044,23,0.0,0.0,-1,0
41.77141528703917,28.80393716372648,16.721794188254385,15,0.0,0.0,1,9
44.32622711236065,32.09650340337788,68.21644305907793,3,0.0,0.0,0,8
47.72945203598148,26.694290108856634,80.29567093163945,17,0.0,0.0,-1,7
72.17550094512389,22.59979213850867,17.670876224692392,19,0.0,0.0,1,0
79.28331288185771,29.4037976002376,41.58929494542406,18,0.0,0.0,0,0
51.272880490568404,42.662232676834876,34.70817151758133,21,0.0,9.662232676834876,0,6
74.20208122642687,14.966240770099756,67.53013936122622,0,0.0,0.0,0,0
54.01698128549566,29.39683050133626,42.53560793330616,9,0.0,0.0,0,5
21.304757211248127,24.73729329699582,41.81787713443842,14,18.695242788751873,0.0,0,56
45.77075295151282,25.44350743907654,57.58278967881953,3,0.0,0.0,0,8
65.9426999794188,27.371859123874287,78.07314665845874,9,0.0,0.0,-1,1
24.57052465678231,25.935660233242263,48.89038584672518,5,15.429475343217689,0.0,0,46
64.61842736237699,31.610823329641917,41.526790080728325,5,0.0,0.0,0,1
49.57353209312764,26.54925864294322,44.88164787669565,15,0.0,0.0,0,6
78.67887385935653,15.028747870274898,61.846600664375806,15,0.0,0.0,0,0
17.66342735883318,35.678015976771526,26.035109334148263,1,22.33657264116682,2.678015976771526,1,92
26.845824587376967,34.77567103449688,49.70411104877831,16,13.154175412623033,1.775671034496881,0,45
60.97864071817326,24.359453904919498,33.120751351287566,21,0.0,0.0,0,3
70.86225148807603,28.29863160998057,28.346043803322253,0,0.0,0.0,1,0
74.4273438445456,35.30553446370242,15.0,18,0.0,2.305534463702422,1,0
77.8595620415492,34.198983079184785,40.730165646763,16,0.0,1.198983079184785,0,0
71.40865448304288,36.14421516807076,69.41710715025805,19,0.0,3.144215168070758,0,0
85.60692128271195,30.2468650305307,15.0,23,0.0,0.0,1,0
29.233197658747056,32.6172013961479,59.768933470385974,17,10.766802341252944,0.0,0,32
84.20747793468036,36.45260975089916,38.32096549631103,8,0.0,3.452609750899157,0,0
59.73454717523504,25.940285659961166,30.858891333005392,3,0.0,0.0,0,3
58.30784730686833,30.643730086100202,56.18976187064788,21,0.0,0.0,0,3
28.68976653636741,15.120459201540303,73.59020575689713,17,11.310233463632589,0.0,-1,23
80.53810533057451,18.520954627037085,76.96387767261369,10,0.0,0.0,-1,0
31.108781107617254,30.9999007931905,55.10658584832015,14,8.891218892382746,0.0,0,26
67.9525208167638,31.91597722202352,48.73487846399117,12,0.0,0.0,0,0
25.99500974966787,25.676291932145524,57.04795931612696,1,14.004990250332131,0.0,0,42
27.803053280470618,24.361522380066695,94.58532099707452,6,12.196946719529382,0.0,-1,25
44.763021431506225,25.866593577466475,44.731760802308855,6,0.0,0.0,0,8
76.69724733588093,29.151216560136568,70.4288707792796,14,0.0,0.0,-1,0
71.6057979254494,14.117643599317532,39.337292147786656,10,0.0,0.0,0,0
8.01603547980239,30.793712533034274,35.048678220549604,10,31.98396452019761,0.0,0,95
75.05170986926505,28.194449318945423,81.84020639752917,13,0.0,0.0,-1,0
68.55255629796486,29.484575372441004,50.04783194846322,21,0.0,0.0,0,0
40.59198353875278,27.25762339288885,54.04219689845344,4,0.0,0.0,0,9
46.52375990093817,19.701477904521496,59.84506309715339,2,0.0,0.0,0,7
31.611152050384554,21.410828658138875,33.93232001380751,12,8.388847949615446,0.0,0,25
77.50905778417354,37.14091431072815,42.111083308866235,20,0.0,4.140914310728149,0,0
28.96647801374864,24.144251183691658,38.44315653373156,22,11.033521986251358,0.0,0,33
62.2380188017478,32.846889336534815,55.97920253443324,7,0.0,0.0,0,2
77.07944781860539,21.50581249045374,56.59943350523539,8,0.0,0.0,0,0
69.60951215335537,27.91002381405608,39.19078748898805,19,0.0,0.0,0,0
71.57406967687672,25.355901787629453,86.49979240650579,3,0.0,0.0,-1,0
93.36181276714709,26.27501186075622,49.5071854326726,8,0.0,0.0,0,0
62.87070685187748,25.959982174689472,51.850070972078,11,0.0,0.0,0,2
47.77241726513069,36.66353017544319,74.18286680955931,7,0.0,3.663530175443192,-1,7
39.04850189951565,39.56491809299284,34.2512956486848,10,0.9514981004843506,6.564918092992841,0,10
41.65166925219861,29.42578108448055,40.624307492166416,23,0.0,0.0,0,9
77.29028021794356,25.523809740159912,55.13908171369065,22,0.0,0.0,0,0
20.8630608217308,20.02463520862053,23.43822597427435,9,19.1369391782692,0.0,1,68
35.61326807024523,19.61158113296485,45.72584885712533,11,4.386731929754767,0.0,0,13
67.66338138217007,36.69613818718272,86.91578197024764,22,0.0,3.6961381871827186,-1,0
49.555201424849116,19.188426718414107,82.92175195040168,5,0.0,0.0,-1,6
49.93027203251831,25.357977477473504,66.14989327229432,13,0.0,0.0,0,6
42.458077511097834,28.93184390866983,71.28954408896625,5,0.0,0.0,-1,9
43.035859670290726,12.390621320362225,58.88085731884389,15,0.0,0.0,0,8
97.02018710891885,20.496433024458746,42.232727277367815,0,0.0,0.0,0,0
88.03420855553475,19.96944248055386,79.58438189146216,5,0.0,0.0,-1,0
24.378289312545665,24.005767312388457,32.92116008047148,17,15.621710687454335,0.0,0,46
58.34271939049462,29.5520972424777,67.43231170386096,16,0.0,0.0,0,3
63.57991915475802,34.16666181629272,40.83459580385102,6,0.0,1.1666618162927165,0,2
13.742432041621411,24.018668070017654,41.91846508627557,4,26.257567958378587,0.0,0,78
21.063416763223277,25.230041480870323,59.69589630225317,18,18.936583236776723,0.0,0,56
78.75542207953752,27.282513551138635,86.61156538246749,23,0.0,0.0,-1,0
10.731767567242937,23.166779439701106,75.71590277771404,13,29.268232432757063,0.0,-1,61
32.614423042688436,30.506859170097083,56.09769504903276,17,7.385576957311564,0.0,0,22
52.29352666890307,30.69216381298369,51.13170691684604,17,0.0,0.0,0,5
9.967910522949474,11.670544381912485,64.0665708690901,21,30.032089477050526,0.0,0,90
42.436579898774,31.836541544903753,74.57294537574455,4,0.0,0.0,-1,9
50.511132343065725,28.76323907922778,18.30996440618264,13,0.0,0.0,1,6
59.90489472496743,29.552611675382582,47.71382020093665,3,0.0,0.0,0,3
23.99973980306474,35.077569581335794,31.056190387501328,7,16.00026019693526,2.077569581335794,0,55
41.922963518151704,17.282229459214108,46.063760384046994,10,0.0,0.0,0,9
65.87461480219766,20.4670529609166,27.35771695423414,22,0.0,0.0,1,1
78.21147273465891,27.578565113567002,17.490770296480342,8,0.0,0.0,1,0
53.82578445669877,14.071744849965278,26.253477508621152,0,0.0,0.0,1,5
9.411559157473578,26.730095078952413,40.03685608146054,12,30.588440842526424,0.0,0,91
19.176876017865553,33.076391879452686,60.55781190461194,10,20.823123982134447,0.07639187945268588,0,71
76.8168855723305,30.379832941956433,35.34980608874693,17,0.0,0.0,0,0
46.342960725580355,28.47396450268794,34.417316436065434,0,0.0,0.0,0,7
30.626882624252396,26.603657020537547,57.12289830316056,21,9.373117375747604,0.0,0,28
73.48676183261507,25.432777486972437,55.16220043727934,17,0.0,0.0,0,0
56.9818766310697,25.087118975468023,80.63934694185298,14,0.0,0.0,-1,4
48.139511770108584,29.372340272620722,66.82435252438579,20,0.0,0.0,0,7
12.358575764890576,18.69464436758909,31.533807900376715,5,27.641424235109426,0.0,0,82
52.032787864780296,36.77869268305163,37.92979254630477,9,0.0,3.7786926830516308,0,5
23.76975793035991,23.57416477090956,63.43664558166761,7,16.23024206964009,0.0,0,48
67.55018664968452,31.34607312582665,34.04208402138516,6,0.0,0.0,0,0
50.11445755038343,28.482178125426618,44.16187052509136,21,0.0,0.0,0,6
73.31270021838101,21.078163501598375,19.211882647170395,21,0.0,0.0,1,0
71.1684878887714,35.7559890832063,26.480781616272374,5,0.0,2.755989083206302,1,0
42.04838787956991,34.48877899669472,72.66885434504925,5,0.0,1.4887789966947196,-1,9
74.89323200385154,18.57602441454615,53.00947141663976,2,0.0,0.0,0,0
21.08846260208343,27.558577491585222,38.67783193865337,3,18.91153739791657,0.0,0,56
44.04693196718607,29.244198214317823,41.20698304908504,22,0.0,0.0,0,8
58.48725697913183,15.571976126932618,80.87539846055817,4,0.0,0.0,-1,3
45.19084781025988,15.27673191912341,38.17733152920157,0,0.0,0.0,0,8
79.30940647868606,22.99802468888627,58.52059133966079,20,0.0,0.0,0,0
21.89261967977087,20.120673237627518,65.68627890006375,17,18.10738032022913,0.0,0,54
77.63920900371893,21.738861417990833,76.00947335672137,17,0.0,0.0,-1,0
36.211916160989134,20.121674550458096,34.68086573010726,3,3.7880838390108664,0.0,0,11
58.79426664370767,27.265637425246513,24.810029991571565,0,0.0,0.0,1,3
61.26920198392257,22.646343269930156,30.133869155385998,15,0.0,0.0,0,2
45.02880093088973,34.68379813265856,63.15855174787048,13,0.0,1.6837981326585592,0,8
0.6037176223451133,29.081621639907297,85.85429588070309,4,39.396282377654884,0.0,-1,82
66.38032283702493,32.76587943031751,63.78426871670794,10,0.0,0.0,0,1
30.015510786659803,17.870394549794263,38.12906299988856,21,9.984489213340197,0.0,0,29
26.036774593465644,24.230658014856978,71.38086141362929,21,13.963225406534356,0.0,-1,29
34.134954185914665,28.81729668912683,41.55626549499333,1,5.8650458140853345,0.0,0,17
87.94927985662814,30.717871115917458,35.029286050346485,0,0.0,0.0,0,0
56.2132541583748,24.113824207154796,44.034240348896645,7,0.0,0.0,0,4
63.4553444242169,24.993220694791212,39.53978009524177,17,0.0,0.0,0,2
57.33843605663751,25.650764892580515,37.36585938628138,18,0.0,0.0,0,4
28.220421808845224,26.212818720210088,71.99163615697715,12,11.779578191154776,0.0,-1,24
46.1232646321262,40.98518383904268,40.716061911494954,13,0.0,7.9851838390426835,0,7
36.68567270641053,29.87945792572617,21.428774142586192,11,3.3143272935894714,0.0,1,11
77.95560421993088,28.239252000802463,60.54566680487109,10,0.0,0.0,0,0
73.23059605046782,20.44594917098252,32.81661085346329,3,0.0,0.0,0,0
69.03200383691853,20.587924230547053,33.3968760612355,10,0.0,0.0,0,0
86.95405046108206,26.720750965434135,62.62232262428513,23,0.0,0.0,0,0
59.90727119791145,34.78225104392361,36.94230074674612,12,0.0,1.7822510439236083,0,3
16.48253655739457,26.80516062360565,41.84874798638786,14,23.51746344260543,0.0,0,70
44.969231029215514,27.062131915166596,50.75916786611832,23,0.0,0.0,0,8
24.697056822784074,23.534508300804518,44.845842226003114,0,15.302943177215926,0.0,0,45
31.385787750329612,17.54996237910678,42.27408511594916,16,8.614212249670388,0.0,0,25
50.133393111390504,30.621367446899754,15.0,6,0.0,0.0,1,6
34.17682641196978,26.473899115053303,46.88846952146574,11,5.8231735880302224,0.0,0,17
87.83827793509049,30.676185839285925,79.04218352262741,0,0.0,0.0,-1,0
13.139568484115948,28.927791602918692,61.33359287822503,7,26.860431515884052,0.0,0,80
20.33788738927865,22.2153989374252,43.24097699651307,13,19.66211261072135,0.0,0,58
21.80132905469594,29.352459216969265,58.46323946072387,12,18.19867094530406,0.0,0,54
84.34893340848689,20.253692843151907,61.29249893383919,9,0.0,0.0,0,0
25.111873144714753,29.30525294330314,34.84290331726141,22,14.888126855285247,0.0,0,44
53.862838238599565,27.622976828625777,72.6291453995301,5,0.0,0.0,-1,5
50.701273294470816,37.24359529029853,52.9353410443908,5,0.0,4.243595290298529,0,6
21.4606433321841,22.798659186183734,44.37806513844269,13,18.5393566678159,0.0,0,55
14.725104486672102,20.038672013788513,78.6278663962863,8,25.2748955133279,0.0,-1,53
13.341768292773459,25.5210237356772,15.0,6,26.65823170722654,0.0,1,95
68.80660312242426,31.65451589934212,28.835431907475147,1,0.0,0.0,1,0
86.50022122669681,11.21365971802959,61.54884435270727,12,0.0,0.0,0,0
41.35095024023812,33.25319718173582,62.133511080598716,15,0.0,0.2531971817358212,0,9
39.17762582414929,26.748306435582176,79.64221754233628,13,0.8223741758507117,0.0,-1,10
3.847405219678331,21.14853951892137,15.0,18,36.15259478032167,0.0,1,120
69.04533202639,25.792926575107167,65.45658503264275,15,0.0,0.0,0,0
41.47550069394277,23.553561738403488,27.58371798529182,15,0.0,0.0,1,9
18.903249420067493,20.649366945907524,57.54019663872433,7,21.096750579932507,0.0,0,63
81.94382601516466,16.368374442775902,48.8296951451506,19,0.0,0.0,0,0
36.840926283357625,32.38287367110809,65.29819981581707,21,3.159073716642375,0.0,0,10
77.74246234439242,24.64311824783967,45.76326407156391,18,0.0,0.0,0,0
53.12607982195602,25.651149412160308,68.1982866463992,2,0.0,0.0,0,5
87.7215195450031,33.06866650867124,35.09448396996726,23,0.0,0.06866650867124235,0,0
26.93792917813424,28.335186137701353,48.53400519961716,13,13.06207082186576,0.0,0,39
52.74085679884997,18.643496254413023,53.470131096421056,10,0.0,0.0,0,5
56.95405085604974,32.036781422434984,80.18062270034918,5,0.0,0.0,-1,4
58.90003206158676,36.903014837672075,64.99307747919501,2,0.0,3.9030148376720746,0,3
35.89023624650891,31.01856462278894,53.67848073471978,20,4.109763753491087,0.0,0,12
44.145159700261885,22.809930572557917,61.51651247316962,12,0.0,0.0,0,8
21.734115182883222,19.163302153355446,69.55078941827783,21,18.265884817116778,0.0,0,54
81.47395138029495,22.591643592226838,56.74165975841614,18,0.0,0.0,0,0
9.107591166299134,28.618197621374556,31.54561888716559,19,30.892408833700866,0.0,0,92
36.15983147876281,36.557537651859526,61.31075235156288,9,3.8401685212371888,3.5575376518595263,0,13
13.756200993761489,23.443854929801844,49.49034131159909,8,26.24379900623851,0.0,0,78
18.88638078357177,24.106531108736547,43.646194322187434,10,21.11361921642823,0.0,0,63
55.640808869445316,34.12866511504172,35.86571673149356,0,0.0,1.12866511504172,0,4
29.141591766933978,25.395927717532892,60.42798034638494,17,10.858408233066022,0.0,0,32
77.46924928761192,38.28387683779955,59.21601485698844,21,0.0,5.2838768377995535,0,0
7.231353694792975,27.111383390646687,32.79981121801343,0,32.76864630520703,0.0,0,98
37.78559862783101,35.00662068239379,30.089976266789883,21,2.214401372168993,2.0066206823937875,0,10
19.703778970380363,30.29669315666685,84.04922595593516,15,20.296221029619637,0.0,-1,42
31.469413472364394,32.24254168366687,65.49129966427132,13,8.530586527635606,0.0,0,25
69.52981559636605,26.937594367984282,51.56102503498543,16,0.0,0.0,0,0
31.075151004662064,27.33002562517712,60.91241309837315,0,8.924848995337936,0.0,0,26
42.24322181576356,30.513518865323277,41.58080257387229,23,0.0,0.0,0,9
51.78209375164994,32.788837914837515,46.89684828815205,20,0.0,0.0,0,6
22.329340807870906,31.156369526709085,50.386425682074716,17,17.670659192129094,0.0,0,53
56.43823632092324,17.39532273238843,67.35745027141294,7,0.0,0.0,0,4
46.168538642676666,29.54609411756509,24.56012615166564,3,0.0,0.0,1,7
67.60409312222642,24.060476203409817,31.63535366650438,7,0.0,0.0,0,0
47.919526369737014,24.724720890135576,27.954651807551368,11,0.0,0.0,1,7
52.52665438888906,30.745016537254628,65.35611692776735,23,0.0,0.0,0,5
52.6529697890866,38.18751354175875,48.18355405702575,9,0.0,5.187513541758747,0,5
74.84358558877075,26.607693431208936,33.505205261232206,17,0.0,0.0,0,0
72.37518485255659,39.83728366515606,46.01262423137231,9,0.0,6.837283665156058,0,0
85.96980038065347,21.41800747328118,38.62750308226032,1,0.0,0.0,0,0
20.09911109546604,35.39045623095984,24.17837788547338,18,19.90088890453396,2.390456230959842,1,82
79.83250799036436,30.584152312204935,72.6863171858889,8,0.0,0.0,-1,0
17.208187588721092,29.2513399111647,47.31182450785829,13,22.791812411278908,0.0,0,68
49.8558238119643,36.29897424768764,73.10208519148418,8,0.0,3.2989742476876387,-1,6
38.71489812159697,24.180802848109156,23.92198486290954,17,1.285101878403033,0.0,1,10
30.047004806858453,35.66541524578071,59.07696128358372,19,9.952995193141547,2.665415245780707,0,34
64.28668258059832,26.750112339242413,24.03491579601779,17,0.0,0.0,1,1
26.618561868483642,24.147360367786526,94.0168716806183,21,13.381438131516358,0.0,-1,28
52.640586101363354,20.04004884632635,18.869755135982466,16,0.0,0.0,1,5
54.24286477314947,37.51212363126144,82.32816561759964,12,0.0,4.512123631261439,-1,5
40.08708526624209,34.84756567928467,49.643162742457676,18,0.0,1.8475656792846706,0,9
51.88218331894245,25.131620046041924,46.71062607986015,16,0.0,0.0,0,6
56.77133489384746,31.27251200325119,60.608135964163736,5,0.0,0.0,0,4
78.78675412222344,28.75959750620211,33.115580738486294,7,0.0,0.0,0,0
10.77454744169556,25.882523876853604,64.13194525111174,2,29.22545255830444,0.0,0,87
17.99076267597665,33.788548968730886,65.45010060211953,18,22.00923732402335,0.7885489687308862,0,75
23.986561821356283,24.24750058786978,50.21441506479652,3,16.013438178643717,0.0,0,48
66.51590145473259,14.85015138307434,54.5009393689417,2,0.0,0.0,0,1
42.25159525233412,29.559023808962674,84.7336127974654,19,0.0,0.0,-1,9
41.732607151061494,28.400596591624822,61.72119962850216,1,0.0,0.0,0,9
87.73103013105168,24.440371091640685,35.92029825952265,22,0.0,0.0,0,0
6.533088617276219,22.645477853228687,63.50959370879865,5,33.46691138272378,0.0,0,100
34.29018120810433,18.6436109108677,40.31718870112027,22,5.709818791895671,0.0,0,17
54.350409874448005,25.823669760665066,36.83207828430013,15,0.0,0.0,0,5
11.26642059823048,22.748606787398785,59.22765979609194,0,28.733579401769518,0.0,0,86
79.04033215969845,33.786375601104474,31.83151751504322,18,0.0,0.7863756011044742,0,0
97.95032027194704,31.099015720411554,50.83509782178274,23,0.0,0.0,0,0
13.436536765198378,25.09279658677812,62.12754120081675,22,26.563463234801624,0.0,0,79
28.492227099655622,31.136317742065522,84.37478806666563,21,11.507772900344378,0.0,-1,24
55.49978840482726,27.355151635261233,61.49001647176412,5,0.0,0.0,0,4
65.90752905751714,26.383304899505877,23.5405650618655,4,0.0,0.0,1,1
34.16375376325408,27.671141304049357,26.351819973474317,7,5.836246236745922,0.0,1,21
83.58310262507777,38.62785816518611,81.07420726215668,13,0.0,5.627858165186112,-1,0
75.2780188825438,31.864110939321247,38.58342668241063,18,0.0,0.0,0,0
72.1802945810468,26.209106768964645,22.703622672665112,23,0.0,0.0,1,0
66.24505636635459,33.36317772021755,31.914153233190493,11,0.0,0.3631777202175499,0,1
41.04282905714199,33.14684729989305,64.29434737890347,11,0.0,0.14684729989304657,0,9
21.598927005011838,29.558303816028083,52.03111550686664,20,18.401072994988162,0.0,0,55
40.11114548344399,26.028581167126646,61.65202191504388,22,0.0,0.0,0,9
69.5840214407549,25.63234228868157,49.405897718918176,10,0.0,0.0,0,0
37.92791865950004,21.549120175283306,30.148637217744593,13,2.072081340499963,0.0,0,10
18.45254984775533,29.082953827740198,17.829504694645067,6,21.54745015224467,0.0,1,77
29.244146840609343,24.340794263953573,34.9774292219281,8,10.755853159390657,0.0,0,32
56.41755953550363,25.379684959581837,52.19181858112654,18,0.0,0.0,0,4
90.5470172664171,31.74410732099252,28.696070727531254,3,0.0,0.0,1,0
31.176446682857883,38.12309508278904,67.69223722460015,6,8.823553317142117,5.1230950827890425,0,30
53.94588193920886,30.24520738566408,31.99876869160456,2,0.0,0.0,0,5
74.74225824419669,27.369121866028447,20.264534161229598,6,0.0,0.0,1,0
70.99102189480881,27.887418467158614,50.01191131677605,16,0.0,0.0,0,0
27.821853087694205,34.82778828197592,63.69300310736527,20,12.178146912305795,1.82778828197592,0,42
64.1789212655111,30.326215585662993,76.86609014792435,7,0.0,0.0,-1,1
52.38805229051615,29.16241628037723,20.98764959747939,21,0.0,0.0,1,5
19.572643231008076,29.58742226902209,75.62641773753383,9,20.427356768991924,0.0,-1,42
56.803090294391055,19.4282950103823,53.33599917470239,6,0.0,0.0,0,4
69.84847512691454,30.34285846125513,38.82192206736326,22,0.0,0.0,0,0
42.17760435745409,22.74868529493932,62.25462901857852,12,0.0,0.0,0,9
12.649086150249062,30.36650445528493,74.3969291376078,4,27.35091384975094,0.0,-1,57
69.44497621204337,23.58886219440781,19.776764519482615,5,0.0,0.0,1,0
38.83893222225348,31.547017423774218,42.24322584262092,8,1.161067777746517,0.0,0,10
41.28998289104944,27.081564747674793,40.195848924094726,2,0.0,0.0,0,9
41.51011477513695,21.127833781890292,61.26778603647637,21,0.0,0.0,0,9
74.95066371434748,26.255914320952364,76.2805297038893,14,0.0,0.0,-1,0
40.27091420779507,41.235331240026525,51.321200120158984,22,0.0,8.235331240026525,0,9
21.221358676996775,14.361669001725929,44.74060530710186,5,18.778641323003225,0.0,0,56
75.03889727607532,28.998050151505787,58.01649488152744,19,0.0,0.0,0,0
24.868482674074034,21.93660694144506,45.779414718484645,16,15.131517325925966,0.0,0,45
30.791235452009442,36.26125884479286,15.0,9,9.208764547990558,3.261258844792863,1,38
50.04395912627939,32.89785549575969,59.30649499557988,8,0.0,0.0,0,6
41.47053553919318,29.115459969635612,67.74216470582797,3,0.0,0.0,0,9
81.80721722852043,33.504593432541995,69.32653734459068,19,0.0,0.504593432541995,0,0
60.685873895529156,29.4674298487406,29.192100258014968,18,0.0,0.0,1,3
88.95068332610325,28.036716271168114,60.92884632599201,13,0.0,0.0,0,0
69.54219129048215,24.40684574266918,77.58981429776209,20,0.0,0.0,-1,0
71.2102160716104,25.83451248833759,95.0,14,0.0,0.0,-1,0
70.37582959303793,25.215633121070404,58.62078196182817,17,0.0,0.0,0,0
20.105914566034393,28.062067634599998,67.70949719738637,23,19.894085433965607,0.0,0,59
5.234621270198966,16.647392078566103,32.13275589937273,8,34.765378729801036,0.0,0,104
63.86185909008025,34.1779860599478,29.778808206292034,15,0.0,1.1779860599477985,1,2
22.085528982351203,39.681230089505526,67.77197008071812,15,17.914471017648797,6.681230089505526,0,61
71.39973802096485,25.406704752066073,15.0,21,0.0,0.0,1,0
64.52860926503081,35.04971172930241,52.79627525149591,16,0.0,2.049711729302409,0,1
32.293556051706396,27.1953825397386,75.75078055675999,6,7.706443948293604,0.0,-1,16
76.27900184560438,24.38618247322805,62.82655318543257,21,0.0,0.0,0,0
33.14379848455145,25.7092959184451,62.70924813783422,19,6.8562015154485465,0.0,0,20
8.878510454766769,28.5141549006715,49.10952349326604,3,31.12148954523323,0.0,0,93
41.798288382197505,23.672162344352902,42.622037279486264,17,0.0,0.0,0,9
38.7168705537492,31.637093844336054,88.78595580907593,6,1.283129446250797,0.0,-1,10
73.20343300197476,24.88432024135833,72.20559479635818,6,0.0,0.0,-1,0
52.38223988362596,21.560641651773537,65.23262484740263,9,0.0,0.0,0,5
4.343298585422479,27.880501611492438,50.50122261785572,7,35.65670141457752,0.0,0,106
29.263127920597963,23.836387870456903,39.485851428048136,19,10.736872079402037,0.0,0,32
87.69989454997318,26.03611096314451,69.43343503235674,4,0.0,0.0,0,0
26.36267080647727,27.674144411504187,44.476103548064785,21,13.637329193522731,0.0,0,40
41.14815252139598,19.96175913084906,51.41670735553554,1,0.0,0.0,0,9
10.923681819170342,36.75319179104392,61.08246541246419,6,29.07631818082966,3.7531917910439176,0,100
9.479622767373382,32.875865274435505,53.77039901177641,10,30.52037723262662,0.0,0,91
56.43846545537097,24.2196726885766,77.8999020058987,12,0.0,0.0,-1,4
29.323271127119742,27.885237338140207,26.240795029778702,21,10.676728872880258,0.0,1,38
43.11972064800124,31.814733574074324,51.21205830380985,14,0.0,0.0,0,8
40.72954386766386,29.252279637297903,88.48515806324495,12,0.0,0.0,-1,9
24.122798455850045,39.279110409970286,66.14696129436194,3,15.877201544149955,6.279110409970286,0,54
51.885471632833536,26.56802132563901,46.45320542258521,1,0.0,0.0,0,6
79.81735029335466,35.13387636470082,64.37877421605724,19,0.0,2.133876364700818,0,0
41.876934560317295,19.99217544407152,49.14071577853284,13,0.0,0.0,0,9
40.71746661065541,20.9152015624743,76.39468719317009,11,0.0,0.0,-1,9
10.494500222121198,38.10683227384416,64.78255501674586,12,29.505499777878804,5.106832273844162,0,101
73.02401171307956,25.40826407220716,34.40270000900049,21,0.0,0.0,0,0
5.433764353559135,20.995314275697368,54.29051070409956,10,34.566235646440866,0.0,0,103
20.359690936539565,27.713653283451663,57.53526211086389,13,19.640309063460435,0.0,0,58
60.7976305699986,35.58386044503747,58.42595324712798,12,0.0,2.583860445037473,0,3
72.66265492469468,23.41885185951933,55.737489666443246,19,0.0,0.0,0,0
54.579833960533286,27.74976719208542,60.16540525544247,5,0.0,0.0,0,5
64.52106177078012,16.87306485079776,57.542456775930944,1,0.0,0.0,0,1
27.741040201955236,25.186962906732116,37.01861944031121,22,12.258959798044764,0.0,0,36
14.355820459212797,33.98319681589142,41.783452145508356,10,25.644179540787203,0.9831968158914179,0,88
47.47296119622358,23.2939460669254,45.42500773699859,13,0.0,0.0,0,7
78.73810477803565,20.368566651099623,51.71955128513737,10,0.0,0.0,0,0
47.032803494260435,23.34331976651157,45.48378921415761,7,0.0,0.0,0,7
75.01934906614835,24.341913101009357,69.85184552669597,4,0.0,0.0,0,0
95.91550280591353,32.58828312872205,32.717692777856186,16,0.0,0.0,0,0
30.804027387861804,30.278664477338186,18.77668161124292,13,9.195972612138196,0.0,1,33
24.272002664555224,31.437645855037438,85.40319536693518,15,15.727997335444776,0.0,-1,33
38.54323349584143,28.170592668351652,35.284945036101576,18,1.4567665041585727,0.0,0,10
42.02287770421124,24.28083128260263,69.80679372563507,7,0.0,0.0,0,9
53.121403581043495,23.341807853835526,60.9546142609678,11,0.0,0.0,0,5
22.27818381403704,30.593966746471988,35.91927671902103,14,17.72181618596296,0.0,0,53
5.187853272615088,37.53401718784425,47.606526834933845,19,34.81214672738491,4.534017187844249,0,120
35.97284753901045,22.355589529340364,44.924827051957394,2,4.027152460989548,0.0,0,12
52.15792568793541,21.892100259143692,56.41483868775877,7,0.0,0.0,0,5
79.35305265042135,21.185033840086405,36.18630870408537,4,0.0,0.0,0,0
41.01561501927941,32.98916793927253,46.822706456202,7,0.0,0.0,0,9
90.39384831176011,27.747141946050156,49.32946478702406,22,0.0,0.0,0,0
71.1185407089161,31.332381019855603,69.83277458998143,4,0.0,0.0,0,0
60.47010288632511,24.952191651345487,42.59996295799383,18,0.0,0.0,0,3
78.31772629967514,31.709415105090883,32.43824813376231,18,0.0,0.0,0,0
89.74544714517579,26.274187949304295,40.19514344541324,17,0.0,0.0,0,0
21.64003361758552,18.730446675291617,56.606527481762924,3,18.35996638241448,0.0,0,55
71.72113439694027,33.53738942449623,18.111390016090823,1,0.0,0.537389424496233,1,0
73.18604777896928,27.78264840273586,71.55167300998177,3,0.0,0.0,-1,0
67.04610868895264,26.1382062733526,50.35372696084861,20,0.0,0.0,0,0
45.916194977154355,29.687744687832,57.797889331483596,0,0.0,0.0,0,8
74.06923443409418,19.335001418414375,53.94531837530889,17,0.0,0.0,0,0
52.8939181358816,30.58433861222274,37.987487437935485,9,0.0,0.0,0,5
65.8061838793885,24.425136273820247,30.520420603503602,22,0.0,0.0,0,1
51.7048123060154,27.063369065355843,37.39138128083422,10,0.0,0.0,0,6
48.360299224833746,34.83576240320686,22.891468924106213,11,0.0,1.8357624032068571,1,7
49.618170237763835,31.853167877892524,56.268553603788746,10,0.0,0.0,0,6
48.26116600792087,26.941710338736485,47.070441377206166,19,0.0,0.0,0,7
63.85825704146305,27.393498043687536,22.382199252894644,18,0.0,0.0,1,2
56.42087647073324,12.636583038187412,38.902893954179454,23,0.0,0.0,0,4
16.21804202801819,23.068648781222954,61.73844122940788,9,23.78195797198181,0.0,0,71
62.13715670906426,29.00276303041463,73.2744107751851,20,0.0,0.0,-1,2
86.92994554673655,23.415009905091193,26.890093441887316,0,0.0,0.0,1,0
61.6952775916405,20.041404425455084,88.9049985804822,14,0.0,0.0,-1,2
33.94877699971491,30.880898318308592,32.7305599624505,14,6.051223000285091,0.0,0,18
61.57431707476804,35.8386666700332,19.31426762823935,1,0.0,2.8386666700331986,1,2
77.39982431331762,23.67161581849756,81.6342170595011,4,0.0,0.0,-1,0
4.554317361196354,33.250061679340796,31.264950863522543,23,35.445682638803646,0.2500616793407957,0,120
26.673417946905698,32.348834404343684,77.42899087490234,0,13.326582053094302,0.0,-1,27
35.88309385567716,22.13909160507703,38.03187068541079,12,4.11690614432284,0.0,0,12
16.268866443487255,23.633876487417847,44.724118135378916,18,23.731133556512745,0.0,0,71
61.65637137833113,38.81861603030385,26.507962400502677,23,0.0,5.8186160303038506,1,2
88.12828023262136,21.297863753175392,72.99389890165482,5,0.0,0.0,-1,0
46.88970968418521,24.3458787065987,70.52131018908418,14,0.0,0.0,-1,7
19.11305042188013,39.794493527499554,38.11118771248076,18,20.88694957811987,6.794493527499554,0,72
44.70334386538662,24.58678422627168,48.65204303855972,21,0.0,0.0,0,8
66.66239897135235,36.117945441641375,61.91767031966961,15,0.0,3.1179454416413748,0,1
43.745607158075586,21.86790058727496,41.51454721085972,5,0.0,0.0,0,8
70.91421860834782,28.829605096407903,74.55597985966378,21,0.0,0.0,-1,0
53.90103330725752,34.51552247418916,48.09467347010022,22,0.0,1.5155224741891615,0,5
59.619118677912596,25.195204922387017,40.64935811726805,8,0.0,0.0,0,3
77.27236300796905,28.598417875412682,21.50896885684376,11,0.0,0.0,1,0
76.73825152043689,32.46661769206917,26.713170781558258,15,0.0,0.0,1,0
68.10030558984158,22.588041119167116,60.59388871452211,19,0.0,0.0,0,0
89.41776128954679,41.44212998959895,54.238060879044895,13,0.0,8.442129989598953,0,0
41.483106339267664,34.226346524607834,64.6827791412647,17,0.0,1.226346524607834,0,9
51.47840539222576,25.8563064228165,39.868731937814545,18,0.0,0.0,0,6
40.380297062975735,26.591063040757675,20.456528146878036,4,0.0,0.0,1,9
53.37875206112459,39.470324461487415,41.06637730495522,7,0.0,6.470324461487415,0,5
80.74662800645561,25.871112601069072,86.68263660564213,20,0.0,0.0,-1,0
57.95342875301064,25.167049045176267,32.63316244179175,14,0.0,0.0,0,4
73.04543307356748,34.87699239655676,49.34429719192833,4,0.0,1.8769923965567585,0,0
30.36022203246026,19.59665383066379,15.0,12,9.63977796753974,0.0,1,34
71.23982498909787,27.530006986757392,40.64226666099815,5,0.0,0.0,0,0
68.98242977809203,28.504955448237684,42.549164483194915,1,0.0,0.0,0,0
21.99246132242902,23.77771739681321,55.97323535993645,11,18.00753867757098,0.0,0,54
79.58903388862815,18.606405692240227,44.276951005775175,0,0.0,0.0,0,0
32.491213372334194,28.41460266258713,22.66550055973885,22,7.508786627665806,0.0,1,27
26.52335345695095,32.129084408117,38.04966212673308,21,13.47664654304905,0.0,0,40
70.52999317150751,23.925667113254267,46.32849371053642,5,0.0,0.0,0,0
43.199094910339426,20.921156414275558,32.068984884636905,15,0.0,0.0,0,8
56.001900146576624,35.536487985695054,34.68445901842655,9,0.0,2.5364879856950537,0,4
21.068634202721533,31.168767223458694,68.09328340386219,14,18.931365797278467,0.0,0,56
26.741342488319724,25.82918238145585,38.75219710184745,12,13.258657511680276,0.0,0,39
44.594046645365914,33.52512740658076,57.91919154315338,17,0.0,0.5251274065807578,0,8
28.526056393543424,29.45043820686259,46.814715778644505,18,11.473943606456576,0.0,0,34
36.54609343131277,38.735289703311395,27.86063727219287,0,3.4539065686872306,5.735289703311395,1,14
62.50889180102188,31.985016643796932,44.00662686966693,20,0.0,0.0,0,2
79.2396746631922,19.660807126257033,55.23774397232263,5,0.0,0.0,0,0
43.24477347118817,24.047564710942186,81.26206615659811,15,0.0,0.0,-1,8
61.088350136209236,24.33456821196425,36.099608108307415,15,0.0,0.0,0,2
79.30451622060595,29.857360242011083,48.46555019100861,15,0.0,0.0,0,0
49.13256267724696,26.17906423201984,66.36348963549918,17,0.0,0.0,0,6
42.77802585336607,21.23627791046318,72.68942821657927,3,0.0,0.0,-1,9
24.41674444516852,31.534839506403856,38.319557647087215,15,15.583255554831482,0.0,0,46
33.21378625553234,34.000703183813506,47.19573080569973,9,6.786213744467659,1.0007031838135063,0,23
66.38009908049658,27.38359332984725,70.02852716931977,9,0.0,0.0,-1,1
44.68290512995735,29.256750393395308,59.20611956440053,3,0.0,0.0,0,8
36.8932228437573,22.194659891423257,68.60199449798839,14,3.1067771562427,0.0,0,10
66.31483438482647,24.864775656139177,71.0856135268505,7,0.0,0.0,-1,1
71.60725882132539,25.110201822440747,59.96700221391289,16,0.0,0.0,0,0
74.08077162390487,31.351519010623566,52.583840797704475,11,0.0,0.0,0,0
35.22623811877798,29.536158171672064,37.922453254888374,9,4.773761881222022,0.0,0,14
79.63391557923858,26.021846499613982,45.604156853609126,12,0.0,0.0,0,0
42.37005016848098,25.78370594860389,46.798502838174926,13,0.0,0.0,0,9
40.478326600970036,16.19309059947866,71.58192347290375,16,0.0,0.0,-1,9
62.16456817888309,37.635246304869206,53.17415673998288,1,0.0,4.635246304869206,0,2
48.9268538051172,15.487324746400466,53.34458599141622,19,0.0,0.0,0,7
51.01091449333052,30.53128289758334,32.10735507426698,4,0.0,0.0,0,6
64.73557449720212,28.226258237854235,71.68067183654814,5,0.0,0.0,-1,1
40.25773682789374,26.405906175841288,36.1879984336131,18,0.0,0.0,0,9
78.7664956552911,27.950844049160235,44.87497467974852,0,0.0,0.0,0,0
42.33569747938198,24.022101696864,73.56933020120715,9,0.0,0.0,-1,9
51.07609740101694,31.916892293815152,65.958950804865,15,0.0,0.0,0,6
13.552067137930408,20.118592411474495,34.70400335337187,18,26.447932862069592,0.0,0,79
65.38304604736716,29.966887847733016,30.58116221361504,21,0.0,0.0,0,1
7.268675806855917,23.93341920953275,46.33285517336125,16,32.73132419314408,0.0,0,98
52.460262406932955,25.438432036226835,39.6246308286333,5,0.0,0.0,0,5
34.2008105726495,25.600559059153074,23.586631707746765,8,5.799189427350498,0.0,1,20
83.43442777385594,27.007866618528197,36.44070470782982,0,0.0,0.0,0,0
36.11062907395584,31.012920116412783,15.0,18,3.8893709260441582,0.0,1,14
47.887232312831614,27.785227118402414,66.27154807720504,0,0.0,0.0,0,7
57.934336342620455,33.597876798247796,65.13866812167508,3,0.0,0.5978767982477962,0,4
57.39024003700527,34.26937995045865,75.37444743397928,23,0.0,1.2693799504586494,-1,4
24.1611224134539,29.852607398737387,56.358310746681454,3,15.8388775865461,0.0,0,47
49.54908839593035,32.09554133115772,41.93058919397525,6,0.0,0.0,0,6
26.32357114545174,40.14958402881112,68.4212550901517,9,13.67642885454826,7.14958402881112,0,47
17.59258723482442,19.52002605297654,37.37368250186496,3,22.40741276517558,0.0,0,67
65.28784749571214,34.456818738982555,26.122544518560797,15,0.0,1.4568187389825553,1,1
69.04719547371118,37.26907720961826,47.349912282854255,7,0.0,4.26907720961826,0,0
40.276295160677115,30.602025175517767,57.39886983570267,7,0.0,0.0,0,9
27.074912206683994,39.42427481978029,35.38471274470447,13,12.925087793316006,6.424274819780287,0,44
45.93141892951879,38.64253292990085,31.144870461103995,7,0.0,5.642532929900852,0,8
44.438701284122864,25.977795585550624,42.49681521835897,5,0.0,0.0,0,8
74.4233060834176,26.437344414236996,57.41435400596927,20,0.0,0.0,0,0
39.221358212532294,31.18364357137779,47.3822718573752,13,0.7786417874677056,0.0,0,10
30.90366489357469,24.25531426949226,95.0,21,9.096335106425311,0.0,-1,19
14.028872740840454,44.26732503362827,47.550741123931466,8,25.971127259159545,11.267325033628268,0,89
46.55806056510644,32.73301199589957,63.5116153355997,21,0.0,0.0,0,7
58.43219586565996,28.2792284661014,23.922478762297132,21,0.0,0.0,1,3
34.56573340381114,19.538791246680592,60.56407122598873,0,5.434266596188863,0.0,0,16
28.988446167387334,29.511512138714117,41.677702058763614,3,11.011553832612666,0.0,0,33
70.92399449282473,20.886102920936356,49.83403598651069,19,0.0,0.0,0,0
26.43882504237934,32.55950419634737,80.36247249907213,7,13.561174957620661,0.0,-1,28
94.22476676456287,12.986821901634713,43.29923624572438,18,0.0,0.0,0,0
68.55494302083133,36.302348610594606,26.455714206711704,10,0.0,3.3023486105946063,1,0
72.75087805930357,25.455130086489113,29.26215145796562,6,0.0,0.0,1,0
44.809890354575124,17.849674190515188,53.11207611724689,5,0.0,0.0,0,8
11.212881007154795,27.901657962429955,52.13593433757643,5,28.787118992845205,0.0,0,86
80.71479930598281,28.100937699748798,51.387758215160346,15,0.0,0.0,0,0
36.417855180006995,27.614093675831608,26.860537852259394,0,3.5821448199930046,0.0,1,12
19.27978286683254,36.27836067616151,86.47430401502628,4,20.72021713316746,3.278360676161512,-1,50
58.00260538378731,30.285274345228594,76.36119005151528,19,0.0,0.0,-1,3
63.43869137291931,32.77653088724347,52.34582671937783,7,0.0,0.0,0,2
10.213833283053578,26.50764655644652,22.61969368437294,14,29.786166716946422,0.0,1,107
80.05427143690756,30.561993917786932,78.52019636897467,7,0.0,0.0,-1,0
52.60866309470573,20.14907218779555,70.46281550065156,0,0.0,0.0,-1,5
52.61187853206732,29.548617009649533,51.850663369017816,10,0.0,0.0,0,5
32.95934591493185,23.45074741602954,71.57783616548139,5,7.040654085068148,0.0,-1,14
43.20388396356206,35.917819365915186,41.1021989066698,17,0.0,2.917819365915186,0,8
25.51666991745552,28.45303103321934,32.715324695941575,19,14.48333008254448,0.0,0,43
38.15849233164354,31.977210158013,52.832637099872365,21,1.8415076683564635,0.0,0,10
48.4411704461803,29.573935466277934,22.050641103536726,14,0.0,0.0,1,7
16.64207625300726,38.83780880979283,30.01763901288942,1,23.35792374699274,5.837808809792833,0,80
29.34028847758293,18.637824617954163,59.789741279154896,20,10.65971152241707,0.0,0,31
45.7914132056704,27.31721894619001,54.319693406816484,20,0.0,0.0,0,8
36.81694278712997,22.239477469575117,25.130086198978272,3,3.1830572128700325,0.0,1,11
82.00825225531008,15.702202407478918,42.63806672669736,9,0.0,0.0,0,0
51.90760957061613,21.84982468381309,25.91475873906163,22,0.0,0.0,1,6
24.266279001244232,35.03221392523048,41.205762803137404,19,15.733720998755768,2.0322139252304794,0,54
86.68246318868054,27.818948071644755,39.238190174662115,4,0.0,0.0,0,0
73.69039157276389,26.681373301810606,67.8601339063595,15,0.0,0.0,0,0
49.90760325584381,32.641006961525434,47.177658358940754,7,0.0,0.0,0,6
37.70397346709711,28.692594611474785,45.62139530918306,20,2.296026532902893,0.0,0,10
59.076752600594695,31.679999037991326,42.93618025012129,22,0.0,0.0,0,3
39.54638078615782,29.93706459988946,19.02878602559287,18,0.45361921384218107,0.0,1,10
46.5375415334379,31.25621247600198,48.22445156250261,7,0.0,0.0,0,7
29.793801051387142,25.301876267319255,58.69092378119161,9,10.206198948612858,0.0,0,30
77.90122492250093,34.28252445236169,54.168706368331016,14,0.0,1.2825244523616917,0,0
11.479374754762429,20.727207191178216,62.46703197634166,22,28.52062524523757,0.0,0,85
10.33572884838465,27.48412150522755,63.343244498657604,8,29.664271151615353,0.0,0,88
35.38650092859568,34.581528940297034,89.56556296116099,13,4.61349907140432,1.5815289402970336,-1,11
43.97601937870359,27.07561504051783,29.68274594578291,17,0.0,0.0,1,8
47.65671978707219,25.414878713997965,54.22499439127083,8,0.0,0.0,0,7
40.6201600435389,41.73064500058311,56.242133178418285,7,0.0,8.73064500058311,0,9
29.76108182174299,36.51155079968149,44.243647811848625,9,10.23891817825701,3.511550799681487,0,35
37.860349604746716,28.84979744233679,38.6150778264042,10,2.139650395253284,0.0,0,10
42.481712891156235,22.177134140434088,58.9778898421444,2,0.0,0.0,0,9
17.54844291944743,15.789490376636259,57.25031664480808,2,22.45155708055257,0.0,0,67
65.90812422232901,32.25197009852023,31.044606764839344,16,0.0,0.0,0,1
70.24291905293396,35.595211288347244,17.64325141538513,22,0.0,2.595211288347244,1,0
50.56053100080333,30.374624070543558,41.15118878359573,19,0.0,0.0,0,6
53.52594717406512,17.735798857305703,37.87820257147774,21,0.0,0.0,0,5
11.47407152341894,28.961915011537357,60.84912079724359,20,28.525928476581058,0.0,0,85
21.222662607378872,25.078895763840794,33.36834937798328,19,18.777337392621128,0.0,0,56
39.551622558267354,28.969938976762112,46.80291751717645,1,0.4483774417326458,0.0,0,10
41.28278855365649,39.660565882743455,19.2756136814904,20,0.0,6.660565882743455,1,9
82.12467459775029,32.73640956627878,22.0732041798987,10,0.0,0.0,1,0
79.86313049848631,31.456447795946282,36.14925040307774,14,0.0,0.0,0,0
15.10433136323129,27.727933321219023,45.49043514959133,21,24.89566863676871,0.0,0,74
44.893437186538925,30.48684752504724,35.24330275493007,2,0.0,0.0,0,8
32.480937579215194,23.661890611133025,52.56923027172557,6,7.519062420784806,0.0,0,22
3.27017669930194,31.32961498641039,19.37724607569453,1,36.72982330069806,0.0,1,120
61.89522743061504,26.839789142132137,46.12945329306233,10,0.0,0.0,0,2
39.13768738585922,23.06646610670126,46.33771005523515,18,0.8623126141407766,0.0,0,10
71.80285112442316,32.8900105323857,23.93874531255609,11,0.0,0.0,1,0
97.14444699089842,14.610675114790805,54.110982984269384,12,0.0,0.0,0,0
60.27833763878392,24.732254324777504,15.0,5,0.0,0.0,1,3
48.428404237611744,31.67992235268326,37.666319266233096,6,0.0,0.0,0,7
18.720151021325833,35.34750805127886,64.17479870058432,13,21.279848978674167,2.347508051278858,0,73
86.08071022980808,30.830217978192714,15.0,0,0.0,0.0,1,0
26.980398799551963,23.967478603523983,62.07822955752535,10,13.019601200448037,0.0,0,39
13.647394906756679,27.69440574349161,29.013012650104745,23,26.35260509324332,0.0,1,94
85.69546803013675,29.74764725812848,39.37195016416666,13,0.0,0.0,0,0
79.59183316775727,37.363206404958305,75.31807825101514,2,0.0,4.363206404958305,-1,0
56.95140633412436,33.52358796225846,38.715209681243905,10,0.0,0.5235879622584605,0,4
61.637131294812754,33.567577098317436,79.04781127464071,8,0.0,0.567577098317436,-1,2
59.65736514642986,28.392515709263815,44.50519873574257,16,0.0,0.0,0,3
33.16205491137721,21.574082110500413,48.47694474987277,16,6.837945088622789,0.0,0,20
43.078579464884214,19.563751984435918,65.16067523990455,23,0.0,0.0,0,8
18.43086685804391,26.19240436630318,59.79321331923955,14,21.56913314195609,0.0,0,64
92.97651836181734,32.19658399330886,52.77367626049375,5,0.0,0.0,0,0
67.04233182828968,24.98868355037359,41.660165946126355,3,0.0,0.0,0,0
23.671890110928448,31.43304791850635,22.084408018865364,3,16.328109889071552,0.0,1,58
73.74854480599495,23.23188744004995,22.96069158877155,14,0.0,0.0,1,0
77.11607744813722,24.157474677663817,73.6369366184177,14,0.0,0.0,-1,0
44.00589359675445,36.448059430893274,80.58988910142499,8,0.0,3.4480594308932737,-1,8
56.519071502164934,32.60123331431121,52.33240187884346,17,0.0,0.0,0,4
55.58021015476366,26.161067668516488,18.073556502507756,4,0.0,0.0,1,4
24.408790240945027,23.016693475889653,36.09903421249594,17,15.591209759054973,0.0,0,46
75.52619426906742,33.69348948517204,35.2059120207823,14,0.0,0.6934894851720372,0,0
47.437793729149305,33.258761385946,39.9959776379862,4,0.0,0.25876138594600206,0,7
92.63294020623391,31.835183863473517,34.075417830625184,21,0.0,0.0,0,0
52.20922652740286,26.933029204703082,59.370708260258496,20,0.0,0.0,0,5
90.57596544264621,21.43245280324169,54.453083082163694,18,0.0,0.0,0,0
82.87387047979196,27.910984345293215,78.44112932650678,15,0.0,0.0,-1,0
96.91824733890465,36.44559923331565,42.995238603823914,3,0.0,3.4455992333156473,0,0
70.69262946859976,22.54576675059657,53.603281412781385,23,0.0,0.0,0,0
62.756155230651785,28.284720563275645,63.34030831764431,4,0.0,0.0,0,2
90.62837381026456,37.81475247671587,68.39008856550521,19,0.0,4.814752476715867,0,0
4.167794725678863,26.17460248732045,27.771708038731045,11,35.83220527432114,0.0,1,120
42.09615988457401,27.235107734511978,57.28719096419882,16,0.0,0.0,0,9
41.702608884756785,19.897584963325226,52.639850026481966,0,0.0,0.0,0,9
57.70453053215093,31.739203822295423,55.45033476521363,7,0.0,0.0,0,4
36.20905491717485,23.556412244988884,51.07345829487275,0,3.7909450828251465,0.0,0,11
58.700455168578436,18.672379145845106,80.83169146714565,17,0.0,0.0,-1,3
7.36391755022164,22.278648337040615,33.96490594969513,6,32.63608244977836,0.0,0,97
9.167458854223852,29.250677183631005,32.899937366313125,7,30.832541145776148,0.0,0,92
79.53652664643639,18.51936942971397,35.22248761333853,2,0.0,0.0,0,0
59.321624081563776,19.685107989319828,44.776425296831874,3,0.0,0.0,0,3
25.850209362282655,31.355704915611703,55.279706242200795,13,14.149790637717345,0.0,0,42
79.88210750580545,27.565693869653874,41.78943914395279,8,0.0,0.0,0,0
75.83470305994042,22.516063733271174,68.11361741915597,1,0.0,0.0,0,0
36.236122144135635,26.072396216573793,49.93696625706028,20,3.763877855864365,0.0,0,11
51.51221604152572,38.42902348084126,48.26523041384857,5,0.0,5.429023480841259,0,6
13.40507197260425,35.69039039761098,26.055643866496357,1,26.59492802739575,2.690390397610983,1,110
64.41183389160841,27.35539892245698,82.77962007141308,1,0.0,0.0,-1,1
48.61520623074461,32.89709366052018,49.14587174624853,9,0.0,0.0,0,7
68.48251825120761,28.72601853075401,79.467888942826,12,0.0,0.0,-1,0
36.02150781209325,17.354834358921003,38.799241160334915,3,3.9784921879067525,0.0,0,11
38.74403588436239,16.281063924826903,64.95121815702689,8,1.2559641156376102,0.0,0,10
33.77115952480933,22.544003297519733,39.872787337909024,8,6.2288404751906725,0.0,0,18
63.635347317402505,18.5454809364891,82.7427574427333,1,0.0,0.0,-1,2
42.224103190070714,29.629400993085575,70.173889341299,15,0.0,0.0,-1,9
37.62354000905071,24.70036279418291,65.29168401198426,8,2.376459990949293,0.0,0,10
27.001954451789146,30.55197426999778,36.95511940224275,16,12.998045548210854,0.0,0,38
87.37884319686768,30.644176068053078,84.31988223027037,0,0.0,0.0,-1,0
44.01236993421113,32.14016474591891,86.68357756863125,0,0.0,0.0,-1,8
55.20838316352143,22.416274403102904,43.16642959551768,19,0.0,0.0,0,4
33.03329104214052,31.09403025062951,52.90993196727772,7,6.966708957859481,0.0,0,20
33.39911940608435,22.267225742423967,66.68260742432587,8,6.600880593915647,0.0,0,19
31.311577273121667,32.26803958916311,15.0,10,8.688422726878333,0.0,1,31
63.404763106697295,35.33592495799814,70.62566302012013,15,0.0,2.335924957998138,-1,2
69.67883499187606,32.338921442738275,68.42613149686059,17,0.0,0.0,0,0
32.30666140898776,26.937534742270703,39.863407464974486,17,7.6933385910122425,0.0,0,23
54.89648930509582,31.400609521337824,15.0,20,0.0,0.0,1,5
22.762744961284113,18.80038037955958,55.99728372191224,13,17.237255038715887,0.0,0,51
69.19563859255449,17.447766213166084,29.594080569268346,6,0.0,0.0,1,0
6.298072616447323,30.800776496124495,21.412324231181817,14,33.70192738355268,0.0,1,120
78.16765993242237,35.84640664508699,56.67275770995906,6,0.0,2.8464066450869865,0,0
45.095346518143685,20.611307735370865,73.72321479304901,10,0.0,0.0,-1,8
84.79610071202178,28.091107629410683,46.05922843618772,0,0.0,0.0,0,0
75.27825692804056,30.633181310078935,71.3325079169632,9,0.0,0.0,-1,0
72.50939213111832,24.31268893823944,61.95442385400038,14,0.0,0.0,0,0
65.57778755996041,25.963703604850373,25.28258078260215,7,0.0,0.0,1,1
40.6364959098259,31.679459709071203,40.02579528858002,2,0.0,0.0,0,9
78.7201580723219,28.649118540946244,69.42682792338766,1,0.0,0.0,0,0
49.09252558605689,28.675343335942884,39.87926893220903,2,0.0,0.0,0,6
34.31917865665708,22.106209574315425,64.74392014065063,8,5.68082134334292,0.0,0,17
39.31429558938131,27.8131038980489,42.61731315715723,23,0.6857044106186905,0.0,0,10
60.36525012058186,25.61252004229769,62.9825947359108,11,0.0,0.0,0,3
26.294255517173664,25.93370854286762,57.72388059499864,21,13.705744482826336,0.0,0,41
48.69632007827086,24.75157556598807,45.53074128203716,3,0.0,0.0,0,7
47.913027030574426,27.83631892131145,62.47499012906726,23,0.0,0.0,0,7
92.8075127893258,22.79033328517918,15.0,21,0.0,0.0,1,0
97.19972029960763,28.07253866455964,30.45792809734815,2,0.0,0.0,0,0
39.693602445089724,25.809810528308454,41.65469228827031,0,0.3063975549102764,0.0,0,10
36.90342732322291,22.407437737405395,71.10864238528613,15,3.096572676777093,0.0,-1,10
97.11855330192573,16.30845337351414,23.968867697750667,5,0.0,0.0,1,0
68.52479806342659,33.68479568724146,49.37559796016928,15,0.0,0.6847956872414613,0,0
49.35763964610428,32.47785872413792,55.71378567736286,16,0.0,0.0,0,6
36.281044934915755,23.170875335755838,54.4557632511068,1,3.718955065084245,0.0,0,11
44.29769885380757,32.090008340477695,48.22542771835466,19,0.0,0.0,0,8
9.019064394239482,21.851276202102163,38.829490034768305,20,30.980935605760518,0.0,0,92
53.39997132661494,26.15722537159369,45.559929898423505,11,0.0,0.0,0,5
52.995431017210535,24.818321303348593,67.54577549814216,22,0.0,0.0,0,5
55.10015060704346,26.334454517481145,37.610530034740826,14,0.0,0.0,0,4
68.59736274123269,31.877079668539196,15.0,17,0.0,0.0,1,0
52.56563318464682,25.58875539679853,58.391130289741085,6,0.0,0.0,0,5
36.96564436202141,25.962163248307753,76.92513640718235,15,3.0343556379785923,0.0,-1,10
22.58203578973676,32.459363293940925,31.078093927940923,22,17.41796421026324,0.0,0,52
69.55887907773788,28.370247860226925,74.49351458843205,18,0.0,0.0,-1,0
12.462543036469635,24.44927203324543,59.372011977048125,15,27.537456963530367,0.0,0,82
19.97171437713925,29.443850407834457,29.185424679145132,9,20.02828562286075,0.0,1,72
84.49929802344398,33.95597199171224,37.33286035172879,3,0.0,0.9559719917122393,0,0
46.67036992267469,34.335499180419845,36.54434462035286,8,0.0,1.3354991804198448,0,7
51.2609403866667,20.052229116679772,53.04254830865764,17,0.0,0.0,0,6
27.7077357674495,20.352735764548136,46.73691990963032,12,12.292264232550501,0.0,0,36
80.82634797851951,33.994505218552256,69.90022719120388,3,0.0,0.9945052185522556,0,0
87.94839228569761,26.27488330567999,65.28869553178122,5,0.0,0.0,0,0
75.63394989548843,14.799964362990579,22.184783948200195,9,0.0,0.0,1,0
67.44155405948123,23.620590026926095,24.458712663339544,1,0.0,0.0,1,0
66.60126417386464,25.36574821702305,61.056994755622924,11,0.0,0.0,0,1
25.685275116757,26.124583496436735,40.72220374787455,21,14.314724883242999,0.0,0,42
27.79631516210791,32.58957060107485,46.85223596001874,17,12.20368483789209,0.0,0,36
62.469052025843865,22.42499307148347,59.838050973624945,22,0.0,0.0,0,2
61.650053345210786,33.61319432458647,65.45251121922975,23,0.0,0.6131943245864733,0,2
33.234744564120184,29.71079484799658,27.7990786043435,1,6.765255435879816,0.0,1,24
29.03614894815197,20.28075558183368,15.0,8,10.963851051848032,0.0,1,39
48.1480743549455,26.08315787733559,47.96336170095991,4,0.0,0.0,0,7
27.41643862002799,30.968002505365334,34.61284711027754,16,12.58356137997201,0.0,0,37
90.5627572165429,28.237373127816767,51.192507800528965,0,0.0,0.0,0,0
47.592172005643356,30.27383980113344,48.4049979942509,16,0.0,0.0,0,7
34.46472530194019,24.4755036068824,32.442608119659496,9,5.535274698059808,0.0,0,16
49.46940322482038,31.328608462359885,87.56353995075993,4,0.0,0.0,-1,6
56.04399979719308,25.60922827472687,50.30602367676057,5,0.0,0.0,0,4
32.541010738516235,43.27699395631015,39.67240721553377,15,7.458989261483765,10.27699395631015,0,25
40.78456436243187,20.083288237090983,51.825807862588185,11,0.0,0.0,0,9
82.98819758280518,44.18770551667778,59.53781329328339,21,0.0,11.18770551667778,0,0
19.644343417833642,22.29311053792884,38.61430028821767,23,20.355656582166358,0.0,0,61
67.45252574604935,35.627347723325265,91.7646103091368,13,0.0,2.627347723325265,-1,0
12.419059140404448,32.964644342329066,22.593497912443116,16,27.58094085959555,0.0,1,99
93.07122356614765,22.542608897976617,23.844936644251653,11,0.0,0.0,1,0
35.33300391966806,31.59682882022215,21.21198477269676,9,4.666996080331941,0.0,1,16
28.51792162074771,25.02514155941914,50.07004152432431,15,11.48207837925229,0.0,0,34
25.73043206108935,29.649097476967953,58.51318734540056,0,14.269567938910651,0.0,0,42
61.625737926468325,28.88720375858953,44.05175791687335,19,0.0,0.0,0,2
43.115828345565625,25.904140854584625,58.459554534924905,16,0.0,0.0,0,8
11.980049949698984,25.40542012663702,58.218028655148935,5,28.019950050301016,0.0,0,84
91.00807220085339,30.045234293354824,43.50625679697311,0,0.0,0.0,0,0
76.15426370067564,22.577066512881522,57.69323563974211,3,0.0,0.0,0,0
6.916250449611063,22.803430231952213,46.46397090679377,16,33.08374955038894,0.0,0,99
74.38457020264995,33.72985691393977,42.637572018154565,15,0.0,0.7298569139397699,0,0
45.39660161550183,30.570317255034894,41.02683796153719,15,0.0,0.0,0,8
43.73558234537956,20.159996820032283,54.19480953401671,0,0.0,0.0,0,8
40.29235043559854,21.980321052015192,71.92024041489204,0,0.0,0.0,-1,9
44.11989996295565,15.180934907885618,28.309433361485137,19,0.0,0.0,1,8
97.14628624673357,33.458138917752414,41.354614697458985,10,0.0,0.45813891775241444,0,0
43.54851932306056,32.13145635134729,52.927997968045,7,0.0,0.0,0,8
48.27512599956241,21.46745746802894,81.62347552193572,1,0.0,0.0,-1,7
35.71048616919209,31.897905563209463,57.77045236416703,2,4.289513830807913,0.0,0,12
64.70321737895442,39.91300727710521,35.37131084182815,17,0.0,6.9130072771052085,0,1
69.35583557797003,18.763968111344283,33.36984250213744,18,0.0,0.0,0,0
95.35414212021631,24.309395412265072,67.7317117303088,6,0.0,0.0,0,0
32.990555307581296,18.632851238675755,44.35462928477101,5,7.009444692418704,0.0,0,21
72.8120769790119,33.69126332006686,27.843621653093063,7,0.0,0.6912633200668594,1,0
59.438717833614795,27.423654112844677,68.24844976099888,9,0.0,0.0,0,3
71.6897429983107,25.61137054925819,55.54732276689998,20,0.0,0.0,0,0
70.59641498517276,29.364508332130058,28.50534713253097,9,0.0,0.0,1,0
36.47301907327,24.658396541502412,25.874105794712705,18,3.5269809267299976,0.0,1,12
16.002688558107213,25.59020623996944,15.0,19,23.997311441892787,0.0,1,86
27.69152597956024,29.648574793571726,38.79721425271489,14,12.30847402043976,0.0,0,36
6.559259111977796,24.339533052404665,55.48242961492379,6,33.440740888022205,0.0,0,100
69.18343686749607,25.18608696730741,67.28996533291927,23,0.0,0.0,0,0
82.90093742912184,27.06087940569596,57.64897548064663,15,0.0,0.0,0,0
62.341199509278745,28.548041206526257,26.51310250342111,16,0.0,0.0,1,2
26.67234042308407,31.609866072172544,44.89329304285039,23,13.32765957691593,0.0,0,39
67.062564592374,31.499367089205126,75.72875465466713,14,0.0,0.0,-1,0
51.60898747108804,19.002465766476135,40.78209061780894,14,0.0,0.0,0,6
82.82428292248728,36.447707867334614,63.83966429926935,19,0.0,3.447707867334614,0,0
56.44951758623144,28.354701308794347,61.61625420800215,3,0.0,0.0,0,4
78.51229902992014,26.010034495689688,63.67670477883089,23,0.0,0.0,0,0
74.0369342558841,22.57875578837338,57.76150732745958,6,0.0,0.0,0,0
20.22877159006682,39.93500262321736,63.621212638819856,23,19.77122840993318,6.935002623217358,0,68
70.85124028080403,42.15917909402724,23.33205665383434,12,0.0,9.159179094027238,1,0
81.85028747263283,39.19708400851526,77.27594919953141,21,0.0,6.197084008515262,-1,0
18.028083437106833,28.72849415313586,17.481586041507413,7,21.971916562893167,0.0,1,79
83.68317800089862,30.064631515553717,55.612513278793806,18,0.0,0.0,0,0
75.31387009466918,36.94621763215762,49.12784402788005,12,0.0,3.9462176321576194,0,0
24.248841797249373,26.555494793574148,38.738614705733035,15,15.751158202750627,0.0,0,47
51.36255088711529,31.247815464672414,32.447115495857524,13,0.0,0.0,0,6
31.31322717817427,29.36331538649097,59.89549381487937,23,8.68677282182573,0.0,0,26
76.6683758988503,39.512606902843345,64.42408482613664,17,0.0,6.512606902843345,0,0
25.236188750766864,36.61796673109145,48.14465953147227,6,14.763811249233136,3.6179667310914496,0,50
97.2408142154363,27.172170154046185,44.79351345585448,14,0.0,0.0,0,0
75.76978359027345,37.15030361630639,73.06570056398863,8,0.0,4.150303616306388,-1,0
60.01861595831085,27.976943664528527,42.409246868696805,16,0.0,0.0,0,3
14.559251708583842,24.72533313973765,49.240726874245055,11,25.440748291416156,0.0,0,76
60.6024743942572,26.287980580012846,46.33507881212711,5,0.0,0.0,0,3
80.54977882843842,28.884467662833757,94.47428187708327,5,0.0,0.0,-1,0
29.227997819069124,23.289699335584466,34.88041001522217,10,10.772002180930876,0.0,0,32
98.0633117855714,24.894287376315898,64.96573532561312,11,0.0,0.0,0,0
58.11235448656733,19.33969967527362,19.411692259104658,19,0.0,0.0,1,3
53.14492424901278,23.065104487817408,32.757326961741526,15,0.0,0.0,0,5
46.79894532101112,29.407281392925995,44.434209234503776,18,0.0,0.0,0,7
28.92337525911653,34.25282957727143,47.64274075912769,3,11.07662474088347,1.2528295772714273,0,38
33.608091352768305,33.48419232052855,45.06039625046063,4,6.391908647231695,0.48419232052854966,0,22
48.02950992079816,30.57903906370467,48.210645303110645,0,0.0,0.0,0,7
56.91091532967598,18.82435504740907,37.59750379770629,1,0.0,0.0,0,4
55.59990451676333,22.833984654641345,73.17628902944544,3,0.0,0.0,-1,4
85.35636531006388,26.815343509506718,31.992401160874515,15,0.0,0.0,0,0
66.80975239993023,33.77699863275555,63.400196622256566,10,0.0,0.77699863275555,0,1
26.187763481514224,24.65887435744047,62.19718314812377,10,13.812236518485776,0.0,0,41
54.52635423708138,20.681465409060113,32.93891126390328,17,0.0,0.0,0,5
52.14702644446901,36.68972907549934,43.394106696952306,9,0.0,3.6897290754993435,0,5
10.33954888923471,23.590402032688665,49.95526352068153,0,29.66045111076529,0.0,0,88
34.63421379860655,21.232776956432524,80.1574942826909,0,5.365786201393448,0.0,-1,11
52.6199092295739,29.3640120045794,43.35486019468266,4,0.0,0.0,0,5
17.92535274934422,27.6995521526634,95.0,9,22.07464725065578,0.0,-1,46
76.49143850486084,24.999242458261477,63.82177549835059,21,0.0,0.0,0,0
17.98347890541439,28.002207376697815,56.18299003120107,4,22.01652109458561,0.0,0,66
32.50624368077057,22.44435711001936,65.91583325062285,17,7.493756319229433,0.0,0,22
64.67976964116727,24.930515125903625,19.06554877717509,0,0.0,0.0,1,1
45.558767851982175,27.78322318127459,71.09378761571377,2,0.0,0.0,-1,8
29.389489971971365,15.78486295365233,26.18931146008788,9,10.610510028028635,0.0,1,38
39.0235644072353,33.73039323358387,65.6538676752293,15,0.9764355927647017,0.7303932335838681,0,10
85.29849721279308,19.76257493167037,39.33447266996443,19,0.0,0.0,0,0
24.450274954821797,22.366862618565037,35.61318461198492,17,15.549725045178203,0.0,0,46
65.83548173290743,34.00092086976987,81.90517358792458,21,0.0,1.000920869769871,-1,1
10.416117363496767,31.415868995689138,48.20618234086747,10,29.583882636503233,0.0,0,88
25.51271719659769,28.523938706991974,22.440983558710304,5,14.487282803402309,0.0,1,52
70.42181938243559,17.750855001222753,67.54614867181067,10,0.0,0.0,0,0
64.21811376723306,24.365915231567307,28.028251783342906,6,0.0,0.0,1,1
18.54104351165055,26.703058906434194,74.4934655322356,8,21.45895648834945,0.0,-1,45
60.1279572835068,27.13889461586768,49.708258645767465,2,0.0,0.0,0,3
37.93265738198167,34.84851248763216,27.071100138370063,18,2.06734261801833,1.8485124876321635,1,10
43.16221174925504,39.965760176266684,64.78400718089247,21,0.0,6.965760176266684,0,8
44.28701741153133,31.68912127407346,59.38143718152489,2,0.0,0.0,0,8
36.74197436820795,24.793650576752995,15.0,1,3.2580256317920515,0.0,1,11
90.92659478475043,35.28647993468082,48.85851517263559,19,0.0,2.28647993468082,0,0
73.74177390338284,24.462582450053834,55.37939994782362,22,0.0,0.0,0,0
10.661288381307521,12.257834770372526,54.32950327033106,0,29.33871161869248,0.0,0,88
14.27292495280324,20.502800081757975,46.67478457412537,15,25.72707504719676,0.0,0,77
56.00046506010621,13.768466014683774,63.40966607188669,9,0.0,0.0,0,4
49.016102000107246,25.697022507367944,60.24094190580344,18,0.0,0.0,0,6
20.517151774914797,26.93029751840606,50.56060857538963,12,19.482848225085203,0.0,0,58
58.346990976117894,18.443972800407487,45.745521851010686,5,0.0,0.0,0,3
51.97043731630765,22.87531038179548,52.66611180878436,6,0.0,0.0,0,6
64.19520959903994,19.44185940998953,39.13342557100709,14,0.0,0.0,0,1
32.25094900548932,27.23798204762296,31.594977209701963,6,7.749050994510682,0.0,0,23
66.28252876830894,22.879086150474546,29.771567021326565,2,0.0,0.0,1,1
85.02513931217383,34.05963722931769,48.19977264539817,12,0.0,1.059637229317687,0,0
48.08944850286668,29.018107397710796,34.56079739772985,15,0.0,0.0,0,7
31.695716484163466,37.628723892543405,47.14159669296453,19,8.304283515836534,4.628723892543405,0,28
19.751744662539437,25.271409886880235,73.94171558887373,14,20.248255337460563,0.0,-1,42
68.60555198458523,40.866197717781404,46.27283959634166,9,0.0,7.866197717781404,0,0
10.672036994209924,28.015119703497422,52.48702890923746,19,29.327963005790075,0.0,0,87
88.20905086141249,24.82921058778545,45.88323361497631,10,0.0,0.0,0,0
59.14479648554721,42.45241509798976,73.51712190689395,15,0.0,9.452415097989757,-1,3
83.28117564724894,17.028963632200647,79.84025544378244,21,0.0,0.0,-1,0
75.37116332853886,24.683928281483034,41.54845685404857,23,0.0,0.0,0,0
79.97265783346022,18.009706213422554,63.100379222321806,10,0.0,0.0,0,0
47.730853749403686,16.97034776093438,87.64065530232526,11,0.0,0.0,-1,7
50.55901589529077,15.597184421649512,29.108566628524688,20,0.0,0.0,1,6
72.21165156458117,31.700542882443788,67.64584045504823,13,0.0,0.0,0,0
53.11003034762535,20.025685625345815,18.667025183665828,18,0.0,0.0,1,5
53.18861742013278,26.471346254801876,50.533239760622386,1,0.0,0.0,0,5
18.268687453262373,33.35149684086354,47.478534420005325,19,21.731312546737627,0.3514968408635397,0,74
45.92665003098345,30.780070987758705,19.27374714538446,2,0.0,0.0,1,8
9.361505772232308,30.483519470057853,69.60613067006798,9,30.638494227767694,0.0,0,91
12.415315701726879,35.2829281522096,52.65743820002261,4,27.58468429827312,2.2829281522095997,0,95
74.33153042271864,37.65657967860811,33.309474009856274,22,0.0,4.656579678608111,0,0
53.97997028572843,20.489588719738308,55.91445974047883,2,0.0,0.0,0,5
57.82545550764373,30.89921640525675,66.26902351181747,13,0.0,0.0,0,4
61.88558474913617,26.366700568679477,18.161975776929843,3,0.0,0.0,1,2
75.44524594177126,27.11994878821952,15.0,0,0.0,0.0,1,0
51.28917987425228,18.93114952283674,49.24419446221447,6,0.0,0.0,0,6
24.193731576419026,24.808309984599482,36.17082142496473,1,15.806268423580974,0.0,0,47
69.63604238575591,25.463529338309908,74.09277151274314,6,0.0,0.0,-1,0
27.18392933699527,36.581523460570054,43.33245686943341,3,12.81607066300473,3.581523460570054,0,44
78.06411583340265,21.068179146048756,55.5698766894108,16,0.0,0.0,0,0
35.69894893034809,13.687270338037152,46.63438202833228,4,4.301051069651912,0.0,0,12
28.61302021153439,27.96339740723806,22.172827147893642,11,11.38697978846561,0.0,1,40
69.33380767740256,20.459406435347596,50.54931656182344,0,0.0,0.0,0,0
52.51417035263146,27.162541024546467,26.12852655233409,22,0.0,0.0,1,5
35.023202724011576,31.964534253070376,25.247735342721512,10,4.9767972759884245,0.0,1,17
52.09560685196871,27.40110648337705,30.243592229406474,8,0.0,0.0,0,5
54.58011506906561,25.41253014370547,28.66413428652658,7,0.0,0.0,1,5
88.99426248944238,27.06063458721557,46.21170479594476,1,0.0,0.0,0,0
37.686707289595965,33.08439537429574,42.94413905900757,6,2.313292710404035,0.08439537429573818,0,10
44.26142722897365,21.071998678002057,55.11454384563746,20,0.0,0.0,0,8
56.5736592853301,32.37089148327092,21.664664052946677,9,0.0,0.0,1,4
33.948491197550766,21.97335416635633,45.46952210353358,20,6.051508802449234,0.0,0,18
69.48931390275901,31.61242300617952,41.33599622715902,4,0.0,0.0,0,0
42.91826132637763,18.74145931666989,53.6252425770961,8,0.0,0.0,0,9
46.84472398687628,31.255062190946823,54.48847985371409,15,0.0,0.0,0,7
75.73029112005081,27.388771301920112,52.81305282836808,1,0.0,0.0,0,0
47.965678795063816,28.579325585777255,32.175118696246784,8,0.0,0.0,0,7
84.42858403057771,33.753660700025485,50.44442989965761,21,0.0,0.7536607000254847,0,0
60.53560538427739,23.07343432171643,40.762352695653895,11,0.0,0.0,0,3
56.928978094235404,27.849692878213197,73.65560510451357,22,0.0,0.0,-1,4
97.46171473978168,29.81980399426862,51.985720852039655,3,0.0,0.0,0,0
89.99418357027884,26.205932279237352,51.42882868645909,23,0.0,0.0,0,0
7.47516690154608,32.30073623531564,26.94387980282635,21,32.52483309845392,0.0,1,117
51.741790613983504,29.9789267255463,39.37276014808122,9,0.0,0.0,0,6
73.78258772122683,24.520428334151447,54.65830373585696,13,0.0,0.0,0,0
3.2175366217304298,35.564390954372854,48.58286302974843,3,36.78246337826957,2.564390954372854,0,120
16.66662356803934,31.371376745418686,48.388620685034056,3,23.33337643196066,0.0,0,70
22.949753209508568,22.944595800721977,18.433349085327905,9,17.050246790491432,0.0,1,61
17.945776361870898,22.884427252177076,35.346661370544744,7,22.054223638129102,0.0,0,66
54.38065752035451,26.682924195280023,45.0514139892655,14,0.0,0.0,0,5
65.91485428208624,30.684869294196975,71.63028181056796,21,0.0,0.0,-1,1
69.04382215634149,14.719357031487448,15.960623350170543,1,0.0,0.0,1,0
51.17148451141513,23.196943909336454,31.206480727782633,20,0.0,0.0,0,6
29.728753828843736,24.53513212243003,15.83217313164807,6,10.271246171156264,0.0,1,36
70.14780564291759,19.374074861567742,55.85735101918243,15,0.0,0.0,0,0
50.641214866094806,21.869396592884158,71.35082971505916,22,0.0,0.0,-1,6
54.13835165990621,28.82380750982244,56.48935805975805,17,0.0,0.0,0,5
80.11026222604825,25.06652651619224,60.389940216990524,1,0.0,0.0,0,0
33.0685361889492,25.538042031291713,31.423362483755856,14,6.931463811050797,0.0,0,20
36.57107828379369,19.72816122894873,56.64975945638913,3,3.428921716206311,0.0,0,10
50.055323226293424,26.71889976225101,36.09558891603878,6,0.0,0.0,0,6
44.710059006450244,18.975615119564264,51.07546081435898,13,0.0,0.0,0,8
73.63132601868853,36.75417800704406,59.043604976377864,13,0.0,3.754178007044061,0,0
30.99659413857433,38.459966542186315,44.74529998791795,22,9.00340586142567,5.459966542186315,0,31
25.680381072832397,25.161005817440245,64.76296349176647,6,14.319618927167603,0.0,0,42
50.007407803445716,21.265359270354857,47.055343188836865,22,0.0,0.0,0,6
37.884408062124336,33.12761456418168,54.92527313540455,10,2.1155919378756636,0.12761456418167683,0,10
50.28021897450983,31.554182702766294,84.03749658752474,6,0.0,0.0,-1,6
44.58489655882755,39.248471122771,58.95478997839286,14,0.0,6.248471122771001,0,8
59.23843488587259,40.84646624326146,36.511057406894615,14,0.0,7.84646624326146,0,3
36.50340060527568,15.839154585390505,41.35143504458905,21,3.4965993947243206,0.0,0,10
58.281090330773786,34.951956764935765,65.71578722042848,23,0.0,1.9519567649357654,0,3
50.32059563293129,26.664952311666166,68.76871336159637,15,0.0,0.0,0,6
22.121667683372472,31.29453027479045,49.343780755208606,15,17.878332316627528,0.0,0,53
85.9517818007262,32.667090031984685,22.51254188317253,6,0.0,0.0,1,0
36.724437831629395,32.41548799790254,32.895436851412896,5,3.2755621683706053,0.0,0,10
59.497387536611235,34.00221791824979,53.253411006891056,14,0.0,1.0022179182497908,0,3
74.587852156078,24.638382500482653,60.44680830853845,16,0.0,0.0,0,0
46.8674382611643,22.282715618684897,68.08587831982825,8,0.0,0.0,0,7
74.76519891129499,35.12147876790507,15.0,12,0.0,2.1214787679050673,1,0
41.48066236308241,22.769632104527275,65.68645779689335,13,0.0,0.0,0,9
58.53866362787481,39.16839226092169,75.68613426760531,11,0.0,6.168392260921692,-1,3
29.111437461905016,23.413748209040833,15.0,1,10.888562538094984,0.0,1,39
4.146016566480712,25.714984817874697,49.90441659418685,11,35.85398343351929,0.0,0,107
1.2726084921781293,26.857538253860543,63.639977547399916,5,38.72739150782187,0.0,0,116
51.22054314410922,18.75363776698081,24.594368536910633,2,0.0,0.0,1,6
37.77012168036131,18.77094635114397,41.010621308500376,11,2.2298783196386935,0.0,0,10
18.873636679455153,33.472206934152524,60.08374076410592,18,21.126363320544847,0.4722069341525241,0,72
66.73869025486067,17.679767186670883,40.59091803949962,19,0.0,0.0,0,1
76.05720751546818,43.11797697228066,43.454653284198535,8,0.0,10.117976972280658,0,0
82.27788662860107,27.435244088254166,53.97452805177124,13,0.0,0.0,0,0
27.040449578551463,21.82393448444986,28.943612341089654,4,12.959550421448537,0.0,1,46
24.883200138649762,30.521309445173237,30.795904541349557,6,15.116799861350238,0.0,0,45
40.74291584867966,13.22855460576111,58.43115652386813,10,0.0,0.0,0,9
69.17852990497232,25.998592661505313,67.08093992711824,9,0.0,0.0,0,0
79.74394569134667,26.767951834050184,57.17336921068238,15,0.0,0.0,0,0
46.98919623454344,20.402771445755143,74.50223546118195,17,0.0,0.0,-1,7
47.474603683985144,24.209313635230416,57.55419672287083,13,0.0,0.0,0,7
34.60968913761286,37.15613866945631,83.24657877699295,0,5.390310862387139,4.156138669456311,-1,13
73.17896908535656,29.09950138256222,51.184212137077786,19,0.0,0.0,0,0
59.08463227856918,30.396804023721987,54.548499616383346,10,0.0,0.0,0,3
57.959921263002336,23.279043412664173,57.25764979850196,20,0.0,0.0,0,4
50.00636508932179,20.05960378054527,38.69538968931989,6,0.0,0.0,0,6
18.233613793610132,26.55363900038341,36.03077180283968,14,21.766386206389868,0.0,0,65
72.12805840134384,13.254265772089688,33.798479610175306,5,0.0,0.0,0,0
59.03312874978035,21.419119961621217,39.99684421311025,13,0.0,0.0,0,3
82.90968409056448,20.48500031179983,87.27356298824554,20,0.0,0.0,-1,0
72.92528784936168,15.767402473550447,82.78662975952734,13,0.0,0.0,-1,0
1.2978069438121431,31.895304704027936,44.09729592630488,23,38.70219305618786,0.0,0,116
87.76483949207318,27.216962807630843,42.4304166539231,9,0.0,0.0,0,0
78.49609845449659,24.281979022579,15.0,3,0.0,0.0,1,0
66.99694319997965,32.02609800326846,32.10330882185359,11,0.0,0.0,0,1
48.45140166983408,18.134372213827973,35.43193665600873,19,0.0,0.0,0,7
70.363981905216,19.938526269376002,42.08568236705835,12,0.0,0.0,0,0
65.42817577831134,34.703953348205765,39.74572359132185,14,0.0,1.703953348205765,0,1
34.487830182090676,41.68844204036323,53.86565923154822,19,5.512169817909324,8.688442040363228,0,19
92.30522227659938,32.10535933111047,63.94907860100146,6,0.0,0.0,0,0
79.45562686756882,30.829430701035037,36.899664019158514,17,0.0,0.0,0,0
35.44932413267241,24.508848713190446,75.86467007361898,22,4.550675867327591,0.0,-1,10
55.55123409203101,24.646815165164078,56.22200431721673,4,0.0,0.0,0,4
10.92449275085085,29.363615542208205,65.98904236647448,4,29.075507249149148,0.0,0,87
41.74844941455946,36.23738910818068,42.08815643978988,23,0.0,3.237389108180679,0,9
35.06929471136584,30.559258416877718,59.83628305118581,23,4.930705288634158,0.0,0,14
64.05487632894192,33.747748136991376,58.16318783688215,23,0.0,0.7477481369913761,0,1
46.41787151032759,22.502629020360963,76.4165353973076,20,0.0,0.0,-1,7
52.45713978734236,31.70155175958744,61.74847286303837,6,0.0,0.0,0,5
67.24508035226798,23.9719348986912,65.36675337937238,13,0.0,0.0,0,0
95.97525042122432,28.84091068432517,40.47780090103409,23,0.0,0.0,0,0
39.72674347763503,31.69492522354688,71.52661560838249,16,0.2732565223649672,0.0,-1,10
44.95835717589751,24.81260149734537,27.02922512980393,12,0.0,0.0,1,8
61.68095086428943,21.897533258592915,39.68528180896746,14,0.0,0.0,0,2
66.9071176512569,30.175575188323034,55.063421567306584,5,0.0,0.0,0,1
48.233000922552456,27.19136776254784,29.25128667441105,8,0.0,0.0,1,7
47.41956051053882,28.816781505923284,33.38277347432155,17,0.0,0.0,0,7
66.73199043313541,31.942862822995075,33.39177006661869,23,0.0,0.0,0,1
13.44062453558855,35.8437163347248,56.815957835135684,1,26.559375464411453,2.843716334724803,0,91
44.777703417665734,31.979591787149197,47.13883178302034,9,0.0,0.0,0,8
17.539669828518388,31.191642678434537,67.34717774800518,16,22.460330171481612,0.0,0,67
61.13214296547065,24.997737277876027,83.85062592786035,11,0.0,0.0,-1,2
38.205705200236665,25.918958479461143,54.86787154467454,20,1.7942947997633354,0.0,0,10
28.032550839087033,30.727019479096068,40.79339541466484,15,11.967449160912967,0.0,0,35
53.4891848983632,25.82050790493851,56.62999560289559,8,0.0,0.0,0,5
22.008034050446813,30.702158759819103,33.87730872800336,18,17.991965949553187,0.0,0,53
31.29394404749739,23.10629662646742,48.854043054983265,8,8.70605595250261,0.0,0,26
7.246542118506016,39.576097622034126,94.32053197073358,9,32.753457881493986,6.576097622034126,-1,79
56.64931572007201,29.162068707873768,46.34426765058693,6,0.0,0.0,0,4
79.31850359315592,28.768031170504308,55.447714337763905,23,0.0,0.0,0,0
96.59852399040585,25.10436740776041,47.09253204271579,9,0.0,0.0,0,0
28.103953442707848,39.47812445822916,42.62751877731699,22,11.896046557292152,6.478124458229161,0,41
67.64218816322469,20.480258303609332,58.65623710734736,13,0.0,0.0,0,0
31.418130853064845,23.781898935717244,27.12363469646016,3,8.581869146935155,0.0,1,30
15.816820299357303,33.1215502643267,47.00863232390255,18,24.183179700642697,0.12155026432670013,0,83
51.92144742629231,29.437938681643004,25.565940898954196,4,0.0,0.0,1,6
83.34904876810101,24.539392840260277,77.80053116821995,21,0.0,0.0,-1,0
22.419913166972304,24.711474364449447,67.76973073162264,23,17.580086833027696,0.0,0,52
44.90465667094599,26.25465465914262,36.17291083214019,13,0.0,0.0,0,8
40.39641385112984,28.612837979003103,16.59502884161987,9,0.0,0.0,1,9
57.85827921672871,37.32178618848877,58.826637876085975,11,0.0,4.3217861884887725,0,4
79.42991609012086,31.630971068022557,49.21309362527191,18,0.0,0.0,0,0
55.08119571114602,34.14001124764711,90.38786164037612,8,0.0,1.1400112476471094,-1,4
57.828990256207504,25.39435469987974,75.23122752110318,1,0.0,0.0,-1,4
50.018302078074406,31.094377608611588,61.43268167269004,14,0.0,0.0,0,6
66.63249192322964,18.671265710920515,40.49170681598645,17,0.0,0.0,0,1
83.0732454082132,29.092823254822868,45.291299011468595,3,0.0,0.0,0,0
13.130086268102243,28.70776232251235,55.437959790922946,8,26.869913731897757,0.0,0,80
14.81185903848519,38.9285007441791,56.3905927877468,11,25.18814096151481,5.928500744179097,0,86
29.73536170479524,37.3455102658285,37.261993369866055,14,10.264638295204762,4.345510265828501,0,35
80.07581754342448,26.449360604563232,25.44690928130326,12,0.0,0.0,1,0
83.91499860800042,23.097158416754382,84.70808587661105,18,0.0,0.0,-1,0
52.742329089192744,23.261848512238434,50.60945556506713,15,0.0,0.0,0,5
5.422461169075446,26.232129426092047,57.63541086381192,17,34.57753883092455,0.0,0,103
45.09385799981929,35.81044593040127,34.566167689646896,1,0.0,2.810445930401272,0,8
56.56427185008228,30.489444893248155,74.59155124115499,22,0.0,0.0,-1,4
36.97584945865207,31.108050933222056,68.72143398654777,10,3.024150541347929,0.0,0,10
72.05379475381419,32.867241079941934,51.088568126338416,10,0.0,0.0,0,0
23.99115427028313,22.035056830326614,53.78203080659109,18,16.00884572971687,0.0,0,48
31.62705876021382,23.745645175494335,55.129705889519165,9,8.37294123978618,0.0,0,25
89.16836785079101,31.12139739478097,51.76731292653219,18,0.0,0.0,0,0
44.71040486657342,23.32646814615404,60.04230006562236,19,0.0,0.0,0,8
65.24013819363252,18.84155203262793,56.77854844627504,13,0.0,0.0,0,1
16.024578209783744,21.50450638124913,46.833751908943995,13,23.975421790216256,0.0,0,71
44.068929341463495,34.32616703612751,28.965585696240616,20,0.0,1.326167036127508,1,8
34.96275967614757,25.755514154179817,49.543898581210385,17,5.03724032385243,0.0,0,15
68.8900898856182,29.355104099995884,63.50467097300828,18,0.0,0.0,0,0
32.66747662247716,21.80484290377975,62.09884792004796,16,7.33252337752284,0.0,0,21
41.0931936219245,30.276420114581885,73.62345518252216,19,0.0,0.0,-1,9
58.93441831343908,26.382447351558984,75.52821077294169,18,0.0,0.0,-1,3
16.40497086539923,30.677188127306554,62.629239106157755,19,23.59502913460077,0.0,0,70
45.927830903272756,25.132711951626035,53.37396330342165,9,0.0,0.0,0,8
24.534914764854303,31.025704041195436,56.18306394140857,17,15.465085235145697,0.0,0,46
45.05104776437642,24.837924254155304,39.66129003749871,12,0.0,0.0,0,8
56.484114743780026,27.518063300886737,64.38698466902332,20,0.0,0.0,0,4
60.28771789654683,26.369919842591425,73.8261424567712,11,0.0,0.0,-1,3
64.10732673067538,28.15742565817556,68.74929846590237,2,0.0,0.0,0,1
75.05292993716792,29.674387277587105,60.01448747138627,19,0.0,0.0,0,0
75.45875987172175,25.030578982660426,45.66822911186981,12,0.0,0.0,0,0
58.70893915739165,27.282290183630252,43.59250353550647,0,0.0,0.0,0,3
44.22779775412336,29.11891932448933,47.12387290827904,19,0.0,0.0,0,8
80.4762839757432,31.04612369045976,36.856990207686245,1,0.0,0.0,0,0
53.436145694774865,27.54348800496605,54.944138614047624,2,0.0,0.0,0,5
59.91953735079666,22.677683234607613,15.0,17,0.0,0.0,1,3
9.092883358325508,28.518725171256612,40.30180026367329,3,30.90711664167449,0.0,0,92
37.030117804094616,32.02206386431624,51.22661467806921,6,2.9698821959053845,0.0,0,10
53.68222791225502,20.001209856549035,95.0,9,0.0,0.0,-1,5
52.254886245777634,20.07120988472027,50.079674693097346,23,0.0,0.0,0,5
37.6913228047717,24.026731321437918,50.74296800276435,13,2.3086771952282987,0.0,0,10
53.07191476529691,26.846019096126778,34.99646192628491,23,0.0,0.0,0,5
58.9826980536015,14.818512823693698,80.95164975260118,17,0.0,0.0,-1,3
2.8894659333417123,31.44454073486881,35.35898104066624,6,37.11053406665829,0.0,0,111
48.022609933303336,26.904808276231844,86.59037346240359,13,0.0,0.0,-1,7
29.843780909029956,13.893400326832694,36.681038632075236,8,10.156219090970044,0.0,0,30
69.85926055462406,21.320989040912284,66.94935374430989,5,0.0,0.0,0,0
60.89647961115987,26.196495225544847,48.979444465319865,12,0.0,0.0,0,3
58.07514420573625,17.36477594892073,39.87720565038884,20,0.0,0.0,0,3
7.9324517141369375,33.82276717152036,68.17261636085232,18,32.06754828586306,0.8227671715203613,0,110
69.16263359799687,29.120998540169175,73.91299800769437,6,0.0,0.0,-1,0
20.273650953240313,32.069136988754295,46.660470930131424,6,19.726349046759687,0.0,0,59
60.832147878725216,21.82587602439614,49.56466386314929,20,0.0,0.0,0,3
56.2026688528082,30.468236695670758,42.57305458223012,15,0.0,0.0,0,4
40.35787572794433,24.03614002108318,54.03300484962698,11,0.0,0.0,0,9
91.5860759564773,26.845187506002002,30.29607874055267,19,0.0,0.0,0,0
56.81454374096408,30.116980280716447,15.0,0,0.0,0.0,1,4
76.7340941362441,27.57960881555118,16.33589305299438,18,0.0,0.0,1,0
32.66457968720255,32.850517962226384,46.020887350497006,11,7.335420312797453,0.0,0,22
62.798221363432994,28.834466305675225,30.742120334255713,11,0.0,0.0,0,2
16.635258889106456,25.221241354796675,47.883387656393175,15,23.364741110893544,0.0,0,70
10.012649969256618,33.057283946466285,40.7753537493114,5,29.987350030743382,0.057283946466284874,0,103
55.25615513030736,34.32191778268525,37.28535705990564,21,0.0,1.3219177826852473,0,4
49.2274150401229,28.525578281875145,38.32080114439918,2,0.0,0.0,0,6
43.64135327941939,36.01664425592579,67.40966319937256,13,0.0,3.01664425592579,0,8
29.78853773589205,26.58735038643396,54.23503722522105,11,10.21146226410795,0.0,0,30
19.279560255603315,27.23238948174372,78.16909195601116,23,20.720439744396685,0.0,-1,43
85.98655957383325,28.026273300811486,51.85868607138156,15,0.0,0.0,0,0
28.22063806938618,27.221219508839976,15.620890394911285,9,11.77936193061382,0.0,1,42
79.00224444362165,26.136736510816412,31.211572147487892,10,0.0,0.0,0,0
92.91255734988782,23.710849315754004,52.07229031559127,5,0.0,0.0,0,0
60.905632697798,22.035269827096414,54.35560792923206,1,0.0,0.0,0,3
60.74583965956012,28.664566532599935,39.452184442931156,10,0.0,0.0,0,3
79.47021372838645,35.19004359007547,35.67669300627804,0,0.0,2.1900435900754687,0,0
82.50729399228189,32.8852092809665,39.05646595578977,15,0.0,0.0,0,0
83.95440708724217,30.328508047896822,47.3997500448369,21,0.0,0.0,0,0
75.48995442830314,35.49501357347902,49.117764079466234,2,0.0,2.495013573479021,0,0
88.8480163888675,28.11548425160173,30.238226092336877,23,0.0,0.0,0,0
41.35640321298196,22.067122104994066,54.43256827749106,2,0.0,0.0,0,9
22.43217244827293,25.90332278550707,54.266498928466135,11,17.56782755172707,0.0,0,52
31.95878593171882,27.63603574517094,48.02092312823826,14,8.041214068281182,0.0,0,24
80.15711252294003,24.925464404533592,37.56214992808361,15,0.0,0.0,0,0
38.85517134632234,31.66040336581557,62.088304671422875,9,1.1448286536776635,0.0,0,10
72.51711750639855,33.613237059347504,73.82518040922247,1,0.0,0.6132370593475045,-1,0
4.226408471596856,17.607257980237275,41.93170658316469,18,35.773591528403145,0.0,0,107
82.36813021479817,27.127238748397815,38.687087712840494,11,0.0,0.0,0,0
46.22630855712279,10.581265443867998,58.38652379171532,6,0.0,0.0,0,7
80.35402259506046,27.450558755780424,28.929478772030343,10,0.0,0.0,1,0
39.13389329701257,27.383489586559968,27.02184769647862,10,0.8661067029874303,0.0,1,10
20.15488357093563,38.65725895902302,38.320840416266414,14,19.84511642906437,5.657258959023018,0,68
38.78096700631857,36.857541574824566,55.57070732102714,12,1.2190329936814308,3.857541574824566,0,10
36.09900038633821,33.59410293995118,34.152040450675656,14,3.9009996136617886,0.5941029399511777,0,13
33.85765023243055,22.241567316931803,49.66245004645173,22,6.142349767569449,0.0,0,18
32.57677667681096,21.89495335941166,15.0,22,7.423223323189042,0.0,1,26
83.66649546250093,21.423676715788545,61.10226217099951,0,0.0,0.0,0,0
63.17711962062813,37.15970422760263,75.9282117432107,15,0.0,4.1597042276026315,-1,2
45.90325016517851,22.537347711263315,33.62233899677162,5,0.0,0.0,0,8
15.967164965506516,25.686579387582142,57.99385412349679,1,24.032835034493484,0.0,0,72
39.13589826989587,22.601390959832607,46.254981432706984,2,0.8641017301041316,0.0,0,10
17.655501515788963,20.45096505222289,51.91102747410937,15,22.344498484211037,0.0,0,67
12.423692715551216,29.995697761626314,45.57393234617207,23,27.576307284448784,0.0,0,82
90.12769991403829,28.920059696927993,44.536921138419686,18,0.0,0.0,0,0
49.579396971633756,14.652647206835358,35.003571989769235,3,0.0,0.0,0,6
41.04127419634344,20.188392315502842,30.328300483428162,5,0.0,0.0,0,9
71.26425188866544,29.53112890961023,69.78898800501727,19,0.0,0.0,0,0
60.002690119871126,27.566717069127165,19.776944877756915,14,0.0,0.0,1,3
16.31151756083324,25.594409691977578,49.663672163454194,12,23.68848243916676,0.0,0,71
73.36009917337195,31.634068404461104,48.84585044508301,4,0.0,0.0,0,0
17.502100107265,19.341802193866037,49.155341286257595,18,22.497899892735,0.0,0,67
10.78871216219261,24.430049803073423,61.96760270530656,20,29.21128783780739,0.0,0,87
24.286893922103193,31.108222911197466,43.32670803262276,7,15.713106077896807,0.0,0,47
55.47583367877586,24.104229841243516,61.75402275996851,23,0.0,0.0,0,4
45.511224043668086,29.87528037126597,85.74579593067682,11,0.0,0.0,-1,8
12.728866870486874,21.122621998690562,47.260189259172485,0,27.271133129513125,0.0,0,81
77.40422074885662,23.05690327609844,15.0,23,0.0,0.0,1,0
36.622910813646314,17.306813125903478,47.43416436327845,4,3.377089186353686,0.0,0,10
55.21347218421108,15.657240611257382,45.66644784016112,2,0.0,0.0,0,4
71.96223771936367,25.144317106965417,57.23630340891624,10,0.0,0.0,0,0
58.43665671115317,30.700144172767097,15.0,14,0.0,0.0,1,3
33.98808713610465,27.31120787964601,55.84095097424289,15,6.011912863895347,0.0,0,18
89.29055510275816,34.96170933307643,42.41434319622886,22,0.0,1.9617093330764277,0,0
20.440291490967986,25.643203391273868,64.44924732352837,11,19.559708509032014,0.0,0,58
13.508750994938588,15.279165250924702,40.667807414269234,3,26.491249005061412,0.0,0,79
36.463994997239276,30.065165899275236,65.62373259568349,10,3.5360050027607244,0.0,0,10
62.97632220394879,21.528831264764257,22.8068926658396,20,0.0,0.0,1,2
68.29155443059139,28.75528389549359,50.32009607162624,0,0.0,0.0,0,0
80.31673795804639,14.287108261423683,32.50704770220025,6,0.0,0.0,0,0
62.62566019980116,26.349705753277195,41.21397325845513,16,0.0,0.0,0,2
57.515317531185396,32.216151280955685,95.0,4,0.0,0.0,-1,4
47.407143646480336,31.482879881738423,32.90774785952519,11,0.0,0.0,0,7
31.17800842662569,26.495548598709778,43.29328292802947,3,8.821991573374309,0.0,0,26
56.02933724254208,27.692010090200586,29.41265295861328,3,0.0,0.0,1,4
4.488304253248746,25.016882119403398,44.47408222765601,17,35.51169574675126,0.0,0,106
56.75772014555316,26.21020634523217,47.30070467241971,18,0.0,0.0,0,4
36.690644817454775,31.760643254651853,36.77769782718342,0,3.309355182545225,0.0,0,10
14.891028287087549,23.500671493864584,78.37458235584442,12,25.10897171291245,0.0,-1,52
60.755822317510734,24.088610480719826,70.7930433784252,10,0.0,0.0,-1,3
25.634779974726886,18.522705525101408,32.957448784331035,8,14.365220025273114,0.0,0,43
72.80547432254313,31.88018593588968,64.70074144924985,16,0.0,0.0,0,0
66.08416328475893,26.080829746751572,41.35839603400536,15,0.0,0.0,0,1
26.02300039540647,20.422347903580928,27.872397756342586,3,13.97699960459353,0.0,1,50
85.61900554239253,32.934095686232446,37.07861923233624,23,0.0,0.0,0,0
38.060854802466125,27.393736216925646,27.392620784593593,5,1.9391451975338754,0.0,1,10
17.915006601312804,23.219212825145263,66.94138458574972,13,22.084993398687196,0.0,0,66
78.47856400826811,33.02867674032108,34.224914504468686,3,0.0,0.028676740321081695,0,0
74.32507335808975,25.624334803078778,73.18639485074252,14,0.0,0.0,-1,0
70.56409222820552,18.25676721189621,52.535705113297475,0,0.0,0.0,0,0
67.27707469779443,33.42402893138438,42.735643498823606,6,0.0,0.42402893138437747,0,0
65.86366103000236,22.632864126933956,40.96224764766262,10,0.0,0.0,0,1
70.69637398556435,45.0,81.54756411404654,2,0.0,12.0,-1,0
39.216087387512786,24.99896259407717,50.185518643291005,11,0.7839126124872138,0.0,0,10
76.34208015741689,15.580217160457716,40.92193031667961,13,0.0,0.0,0,0
77.08817277795845,38.19947381691508,65.36195263992212,22,0.0,5.199473816915081,0,0
32.650685044819,27.33539227277198,60.53986463362567,8,7.349314955181001,0.0,0,22
76.55989937187186,29.20891727057337,32.21433373535233,17,0.0,0.0,0,0
48.87394758075605,29.964235206206833,50.09443359368928,6,0.0,0.0,0,7
73.86927877418978,19.5097588826451,17.443539960342157,23,0.0,0.0,1,0
10.990821938472255,14.673513946307217,49.39787541632486,23,29.009178061527745,0.0,0,87
71.7380290987072,39.396245666507546,55.65567960794484,18,0.0,6.3962456665075464,0,0
23.35219103496052,18.293604206859857,58.06157046934339,5,16.64780896503948,0.0,0,49
48.297605760503245,37.50195305080706,32.009529800393295,23,0.0,4.50195305080706,0,7
43.12427355291297,30.832724418382877,36.70609229513656,9,0.0,0.0,0,8
54.96318572589743,28.725231150938466,54.45309868183194,5,0.0,0.0,0,5
70.74589600358945,24.8651235973366,72.50868909163556,9,0.0,0.0,-1,0
49.05159362036027,41.527660500007144,51.65716233145369,4,0.0,8.527660500007144,0,6
57.20199681598429,23.518032432699957,39.95406989155266,8,0.0,0.0,0,4
43.437375509643935,23.685650549534046,67.46402855017747,9,0.0,0.0,0,8
77.85525955595624,31.71306566080056,52.32363288258352,23,0.0,0.0,0,0
15.299901187253905,23.637830448071902,53.217219760459294,11,24.700098812746095,0.0,0,74
60.95884598475417,21.606913331457562,64.35885342720594,17,0.0,0.0,0,3
48.66553215047634,27.332038496807154,48.2665466083267,19,0.0,0.0,0,7
25.072728747080824,31.806913217291548,33.19833770789373,22,14.927271252919176,0.0,0,44
27.078021646879964,38.95888547003328,47.21746816950099,12,12.921978353120036,5.95888547003328,0,44
58.067558492671246,40.182654652964835,70.01847153397497,14,0.0,7.182654652964835,-1,3
27.483088521663486,16.93798506223978,84.06812321973078,22,12.516911478336514,0.0,-1,26
54.16157665549615,33.93858009808605,28.062731373928216,16,0.0,0.9385800980860495,1,5
50.494440160644075,21.77976551727284,79.47050273328043,6,0.0,0.0,-1,6
10.61066570019442,22.07893638362394,43.39572504311575,14,29.38933429980558,0.0,0,88
94.86311886856649,24.447851773816303,50.368240622964485,13,0.0,0.0,0,0
58.687548051255064,24.065766543900143,80.59765007521621,14,0.0,0.0,-1,3
33.34821696522292,21.267315774696893,42.62533180115511,15,6.6517830347770825,0.0,0,19
50.75943071018728,13.733787988029627,45.0608552081231,10,0.0,0.0,0,6
22.948726331488068,36.36878138759003,38.429809511111245,3,17.051273668511932,3.368781387590033,0,58
11.182170370228993,33.08115957606838,50.681711951302134,8,28.817829629771005,0.08115957606838009,0,99
35.34212321291786,27.593138028034762,55.61170547436748,18,4.657876787082138,0.0,0,13
36.06488251275841,21.887036347056124,37.6326466769532,23,3.935117487241591,0.0,0,11
37.552785584907234,35.10380804408807,76.1064891947549,15,2.447214415092766,2.103808044088069,-1,10
75.13521068769937,27.312053567807258,36.548103133857076,18,0.0,0.0,0,0
70.01799099959662,24.24239230046308,58.9711423719775,4,0.0,0.0,0,0
32.18840024352692,17.82838845605381,50.477816245918945,18,7.811599756473079,0.0,0,23
10.850424928529861,30.92314296275744,72.38700350866756,9,29.14957507147014,0.0,-1,61
63.18257224893422,25.687622200311438,35.52923977352255,16,0.0,0.0,0,2
51.81335124672675,29.261085721133288,60.305591774784006,15,0.0,0.0,0,6
76.75239359915514,28.70604312257834,93.57944300226393,18,0.0,0.0,-1,0
90.36969325873078,31.508591068236207,24.05094117909684,17,0.0,0.0,1,0
39.22241189952527,28.9997636399873,33.78944947460804,15,0.7775881004747305,0.0,0,10
33.910928601461244,25.86675126593758,87.5115079301464,10,6.089071398538756,0.0,-1,12
36.88104695342291,31.02471724513473,47.585018974160285,19,3.11895304657709,0.0,0,10
67.09597356487278,33.402478075882264,52.04467557911427,17,0.0,0.40247807588226436,0,0
46.215147114435204,36.97589071050395,44.01922598364258,3,0.0,3.975890710503947,0,7
24.599520839043734,20.974614727072318,79.77530832458173,6,15.400479160956266,0.0,-1,32
27.12225588308087,34.37114317572366,20.955224879324657,6,12.877744116919128,1.3711431757236596,1,53
23.777415427712427,18.17099457498997,72.26660501660385,7,16.222584572287573,0.0,-1,34
87.40403820485582,33.78590283257513,23.404864246817677,16,0.0,0.7859028325751325,1,0
92.38057980373694,24.156046496557106,21.794920055800855,0,0.0,0.0,1,0
37.003373704796196,32.74906050261569,30.434491906056493,6,2.9966262952038036,0.0,0,10
65.83647695002328,36.655816963457866,47.6989333699468,11,0.0,3.655816963457866,0,1
22.42302913024336,29.075866960047158,37.14226392270504,4,17.57697086975664,0.0,0,52
66.21016532571285,27.715937131442278,36.07479046629474,4,0.0,0.0,0,1
66.47348458054768,27.409606570723085,33.30343816512065,10,0.0,0.0,0,1
77.06267586880932,25.176498132022314,33.61475959961082,14,0.0,0.0,0,0
51.704722307401674,34.74646701090049,33.20883288412456,8,0.0,1.7464670109004885,0,6
37.90586609458538,27.35332521252446,54.22750566023944,23,2.0941339054146226,0.0,0,10
78.96616388085891,14.948507237373065,38.553705656704686,10,0.0,0.0,0,0
22.271275138435847,33.304989006286306,15.0,23,17.728724861564153,0.30498900628630565,1,73
68.30237547436424,32.989845243931725,49.32872668590922,13,0.0,0.0,0,0
94.83745085385767,28.25871593011915,63.48951677591673,8,0.0,0.0,0,0
32.8576287491025,23.27067757128349,44.98133252449106,2,7.142371250897497,0.0,0,21
60.333660519173606,21.03872290020245,27.30578017867944,17,0.0,0.0,1,3
52.93355212541274,23.287878948167645,63.41059371310905,12,0.0,0.0,0,5
67.9957757931406,29.192885968706307,25.294217414998265,23,0.0,0.0,1,0
65.60950009822662,16.938754385440433,44.218827862585776,23,0.0,0.0,0,1
69.70687733518507,30.546492732148963,49.60652880994214,12,0.0,0.0,0,0
52.1721634804726,28.43537309757967,69.42483748166086,5,0.0,0.0,0,5
58.45543682428021,35.723637605976855,60.39922858503478,8,0.0,2.7236376059768546,0,3
77.16765453557156,32.207480715712755,54.29182701053626,1,0.0,0.0,0,0
98.22445391033008,23.661654215447083,66.7507204527011,3,0.0,0.0,0,0
65.35414043903911,17.854643203090895,29.155951724505588,9,0.0,0.0,1,1
37.99780030584721,23.0726432519172,78.43948092652553,4,2.002199694152793,0.0,-1,10
47.57966538940651,36.28741367110195,15.0,20,0.0,3.2874136711019517,1,7
58.999959687455004,29.76617750927547,75.69984713624866,20,0.0,0.0,-1,3
54.06132479558464,31.584029530289616,34.85738238376122,4,0.0,0.0,0,5
17.09336645844741,24.224893260337176,56.8432251346543,6,22.90663354155259,0.0,0,68
41.49968952404329,30.90857951405989,76.07234170740944,19,0.0,0.0,-1,9
46.378985348009664,18.87901954256203,60.09700231172657,6,0.0,0.0,0,7
25.75399752493126,33.61121595676603,56.70353541551278,6,14.246002475068739,0.6112159567660314,0,49
33.62964753679396,21.067439562696656,65.59389710472946,17,6.370352463206039,0.0,0,19
5.7337099153651945,16.153516066372987,23.361086579047377,9,34.266290084634804,0.0,1,120
46.19870907216265,41.57398963375016,26.060964785219554,20,0.0,8.573989633750159,1,7
47.6796644473121,28.809318914774913,54.88443064150511,12,0.0,0.0,0,7
35.056709090954705,28.643248750022536,46.443059686559586,5,4.943290909045295,0.0,0,14
46.36624700400816,16.78026491543003,44.369421825945814,3,0.0,0.0,0,7
94.43539173525332,31.735361860613317,72.28760130679494,16,0.0,0.0,-1,0
61.876165638380144,33.31611832941969,70.72665817858099,10,0.0,0.3161183294196874,-1,2
52.92421293143092,26.804230226315617,33.42676782756637,10,0.0,0.0,0,5
57.162078524594875,33.33944706046488,57.963561947933655,16,0.0,0.3394470604648774,0,4
44.60831921955891,35.02305332931755,21.842219262479418,6,0.0,2.0230533293175483,1,8
45.43112817360022,31.15433556950932,21.409261713552855,23,0.0,0.0,1,8
35.953143324171926,15.002665492539869,33.92874737797534,12,4.046856675828074,0.0,0,12
34.93111063161017,21.090340871609662,49.046518228317694,20,5.068889368389833,0.0,0,15
70.17287272568663,38.12137506668185,38.24495677485815,18,0.0,5.12137506668185,0,0
23.485765901813135,28.49430657025559,58.121866591224865,14,16.514234098186865,0.0,0,49
65.3486780794734,28.521282859483446,49.72401204276843,2,0.0,0.0,0,1
8.499164558463459,23.010063326934198,70.05360232360616,17,31.50083544153654,0.0,-1,66
36.347440070128705,24.175154154420067,59.821492842725924,1,3.6525599298712947,0.0,0,10
55.74775732290732,35.15589895882908,31.30645605775584,17,0.0,2.155898958829077,0,4
63.9165962565913,36.99083234452901,66.21124223737034,21,0.0,3.990832344529011,0,2
22.32870669501099,32.7832539455917,34.484830483437534,12,17.67129330498901,0.0,0,53
42.924226201916916,31.309430565935017,57.40645556205547,23,0.0,0.0,0,9
68.717990194999,31.759730638677254,41.138806963090076,15,0.0,0.0,0,0
17.653374503803203,27.57775934019918,73.83344773108189,12,22.346625496196797,0.0,-1,46
26.470518221579333,20.77803954361608,63.161333954408164,12,13.529481778420667,0.0,0,40
31.997856681480265,19.481214666538307,37.532831882263764,3,8.002143318519735,0.0,0,24
58.000225176898226,35.8886002187651,43.051748558197616,1,0.0,2.8886002187650988,0,3
55.248681208960605,27.802453247758525,95.0,1,0.0,0.0,-1,4
54.39766468903101,30.86241740546983,27.302867307313353,21,0.0,0.0,1,5
19.121450510860054,29.264542489863082,37.04158014172539,3,20.878549489139946,0.0,0,62
12.14360963312707,29.568944933440758,37.92171026023218,15,27.85639036687293,0.0,0,83
86.36882407700787,30.069680609263642,29.139213835579298,6,0.0,0.0,1,0
32.95582431957011,32.184412546092375,31.03063508782428,9,7.044175680429888,0.0,0,21
12.811638869800554,23.394672928621965,48.044024755650035,16,27.188361130199446,0.0,0,81
34.746446133869,35.09444663163004,58.57759361727962,20,5.253553866131,2.094446631630042,0,18
66.13363027968867,23.57360126304861,21.323389778334384,2,0.0,0.0,1,1
83.72123484671758,29.43677547650092,40.97408203195118,12,0.0,0.0,0,0
72.44112728855022,20.90205214666148,35.52823091306808,3,0.0,0.0,0,0
28.017501783647653,27.00021480933635,28.931268160185883,4,11.982498216352347,0.0,1,43
65.70571226506955,24.041014344452933,67.92416889602585,17,0.0,0.0,0,1
14.484426243622872,28.1452882583246,36.229738649401725,0,25.51557375637713,0.0,0,76
13.42352159129144,32.412406268158854,25.341928308166167,6,26.57647840870856,0.0,1,95
57.97345554534697,28.45631741744605,65.8426869403581,13,0.0,0.0,0,4
54.033830702056854,39.76515235567635,72.52233142259783,5,0.0,6.765152355676349,-1,5
81.46153209041881,32.775516763597146,54.277807672808294,9,0.0,0.0,0,0
20.08694627469521,26.629280092579865,33.06471283882897,13,19.91305372530479,0.0,0,59
81.20751623275801,27.48336620194913,45.00206058398084,21,0.0,0.0,0,0
73.02992095744837,30.266575363070977,38.20934711372604,1,0.0,0.0,0,0
80.86879870315343,32.22594146296351,49.110956784253304,12,0.0,0.0,0,0
23.74695434178056,20.595687615849187,62.886381865172,15,16.25304565821944,0.0,0,48
66.32257907893656,31.819924241846643,49.54590112610717,11,0.0,0.0,0,1
79.27224507346077,20.751450816980984,49.9365049437242,0,0.0,0.0,0,0
32.25146183438319,31.239098893190956,40.76447997942482,18,7.748538165616807,0.0,0,23
91.79856564174997,34.60058239283067,61.96757220678257,5,0.0,1.6005823928306668,0,0
32.28246130262703,29.79839109123939,56.629149271088274,2,7.717538697372973,0.0,0,23
21.782024899012335,14.045528532367104,16.912594043759825,10,18.217975100987665,0.0,1,65
24.336151700989944,17.30587315382532,17.93326550719606,4,15.663848299010056,0.0,1,56
11.752078737663311,31.376302364738166,44.03038652073261,15,28.24792126233669,0.0,0,84
79.66782704797902,13.277431441235823,67.4721038136544,12,0.0,0.0,0,0
14.85489082310092,31.659261573858938,70.99966149400407,4,25.14510917689908,0.0,-1,52
36.75510695168927,33.90895712338455,63.73307801601795,22,3.244893048310729,0.9089571233845533,0,11
23.042335672478096,34.81106920776671,47.287982444888094,21,16.957664327521904,1.8110692077667068,0,58
77.03657600029345,26.5511486004278,76.36823516487226,7,0.0,0.0,-1,0
61.2496720989991,30.631033064881493,36.99508280135614,22,0.0,0.0,0,2
35.02027711226797,29.25335088166669,43.86159682439151,7,4.979722887732031,0.0,0,14
6.70572339524534,19.16300744770556,24.423194182209315,11,33.29427660475466,0.0,1,119
53.11466072847356,32.47011239479358,43.78394068346898,13,0.0,0.0,0,5
70.6951094976428,36.34286054243121,34.48901950413258,6,0.0,3.342860542431211,0,0
35.08816698962272,32.13640369068878,77.6816748276332,14,4.911833010377279,0.0,-1,10
66.45669550552111,24.983195132193796,74.13801049378375,2,0.0,0.0,-1,1
53.673306602682004,32.43969792492006,51.13903410080506,14,0.0,0.0,0,5
84.35751873812049,35.785788705321856,58.40502160105249,22,0.0,2.785788705321856,0,0
72.54801121212529,34.99742535526981,39.124313641447,7,0.0,1.9974253552698116,0,0
53.46261581591174,34.161228838312574,15.0,3,0.0,1.1612288383125744,1,5
87.42245892533296,18.44884115829084,36.27563862036847,13,0.0,0.0,0,0
7.556472647754453,30.389287957809852,63.46332941330368,7,32.443527352245546,0.0,0,97
78.00820936543703,31.873873344753875,57.88682494084961,17,0.0,0.0,0,0
53.37941288313264,34.23195774822659,42.94272107143521,7,0.0,1.2319577482265913,0,5
80.01182118141085,31.093743634526295,63.31104539706479,1,0.0,0.0,0,0
50.6199907628189,37.311708228706124,41.525112109283725,6,0.0,4.311708228706124,0,6
65.31010790116333,17.032931920262513,29.45098300164451,19,0.0,0.0,1,1
38.030674722289874,31.350099263685408,63.312654858370195,0,1.9693252777101264,0.0,0,10
48.013918505605254,30.873982651170873,38.98721039892298,21,0.0,0.0,0,7
41.27354230235103,33.41630241569408,68.47901732895133,4,0.0,0.41630241569408355,0,9
